seq,rtt_ms,status
1,3.877100,OK
2,4.412800,OK
3,4.012900,OK
4,4.248000,OK
5,4.366900,OK
6,4.008300,OK
7,3.910300,OK
8,4.675800,OK
9,4.656300,OK
10,4.949200,OK
11,4.296000,OK
12,4.325600,OK
13,4.512600,OK
14,4.680800,OK
15,4.408100,OK
16,5.667400,OK
17,4.586800,OK
18,4.884100,OK
19,4.713700,OK
20,4.675900,OK
21,4.700800,OK
22,4.473300,OK
23,4.676500,OK
24,4.855000,OK
25,4.873700,OK
26,4.847500,OK
27,4.913600,OK
28,4.078600,OK
29,4.888100,OK
30,4.906600,OK
31,4.982600,OK
32,4.757000,OK
33,4.497900,OK
34,4.052300,OK
35,5.812200,OK
36,4.570400,OK
37,4.691700,OK
38,4.837900,OK
39,4.196400,OK
40,4.708900,OK
41,4.631200,OK
42,4.763900,OK
43,4.895100,OK
44,5.554300,OK
45,4.965600,OK
46,4.465400,OK
47,4.410500,OK
48,4.646500,OK
49,5.247800,OK
50,4.996400,OK
51,4.695100,OK
52,4.723000,OK
53,4.950500,OK
54,4.771800,OK
55,6.698400,OK
56,4.682600,OK
57,4.597200,OK
58,4.878400,OK
59,4.690400,OK
60,5.025000,OK
61,5.076200,OK
62,4.665900,OK
63,5.780200,OK
64,4.553100,OK
65,5.662400,OK
66,5.371900,OK
67,4.908800,OK
68,4.764400,OK
69,5.058500,OK
70,4.672600,OK
71,4.888000,OK
72,5.299200,OK
73,5.177800,OK
74,5.491100,OK
75,5.015900,OK
76,4.786000,OK
77,5.338900,OK
78,4.737700,OK
79,4.809300,OK
80,4.821700,OK
81,4.670400,OK
82,4.667900,OK
83,4.994100,OK
84,4.803500,OK
85,5.068800,OK
86,4.794900,OK
87,6.763300,OK
88,4.743700,OK
89,4.702600,OK
90,5.402100,OK
91,5.608700,OK
92,4.677600,OK
93,3.790300,OK
94,5.219900,OK
95,5.249500,OK
96,4.484400,OK
97,4.678100,OK
98,4.733600,OK
99,4.123400,OK
100,4.748500,OK
101,3.991400,OK
102,4.653800,OK
103,4.715100,OK
104,3.857300,OK
105,4.686600,OK
106,4.086100,OK
107,4.065600,OK
108,4.735800,OK
109,4.238400,OK
110,4.275600,OK
111,3.938700,OK
112,4.794600,OK
113,4.879300,OK
114,4.940700,OK
115,3.973900,OK
116,4.747400,OK
117,4.074600,OK
118,4.867800,OK
119,4.075200,OK
120,4.627900,OK
121,4.776000,OK
122,5.046400,OK
123,4.580700,OK
124,4.945400,OK
125,4.810100,OK
126,4.862200,OK
127,4.869400,OK
128,4.647400,OK
129,4.895000,OK
130,4.667600,OK
131,4.232300,OK
132,5.077900,OK
133,4.115600,OK
134,4.056300,OK
135,4.335000,OK
136,4.036000,OK
137,4.109500,OK
138,4.345900,OK
139,4.917500,OK
140,4.402800,OK
141,4.944600,OK
142,4.871000,OK
143,4.485700,OK
144,4.560700,OK
145,5.013600,OK
146,4.827700,OK
147,4.919500,OK
148,5.052400,OK
149,5.048300,OK
150,4.450200,OK
151,4.907200,OK
152,4.396900,OK
153,4.667900,OK
154,4.884900,OK
155,4.324800,OK
156,5.117400,OK
157,4.896700,OK
158,5.620900,OK
159,4.506100,OK
160,4.683100,OK
161,4.785100,OK
162,4.704700,OK
163,5.047800,OK
164,4.582300,OK
165,5.066000,OK
166,4.719600,OK
167,4.926500,OK
168,5.507700,OK
169,4.770500,OK
170,5.346900,OK
171,4.852700,OK
172,5.000300,OK
173,4.661200,OK
174,5.812200,OK
175,4.704200,OK
176,4.782700,OK
177,4.667400,OK
178,4.727000,OK
179,4.760800,OK
180,5.477600,OK
181,4.621700,OK
182,7.001400,OK
183,5.356200,OK
184,4.668600,OK
185,4.948300,OK
186,4.830400,OK
187,6.826100,OK
188,5.025600,OK
189,4.692400,OK
190,4.923100,OK
191,5.556800,OK
192,5.654200,OK
193,5.032000,OK
194,5.437700,OK
195,5.235400,OK
196,5.471500,OK
197,4.636800,OK
198,3.845700,OK
199,3.942800,OK
200,4.735100,OK
201,3.951900,OK
202,3.757400,OK
203,3.822500,OK
204,4.841200,OK
205,4.749700,OK
206,4.623100,OK
207,4.768300,OK
208,4.735800,OK
209,4.745800,OK
210,4.114600,OK
211,4.830400,OK
212,4.053300,OK
213,3.909700,OK
214,4.511500,OK
215,4.216000,OK
216,4.098900,OK
217,4.428000,OK
218,4.255100,OK
219,4.044500,OK
220,4.469400,OK
221,4.392600,OK
222,4.225700,OK
223,4.562700,OK
224,3.674700,OK
225,3.753400,OK
226,4.760600,OK
227,3.619400,OK
228,3.715100,OK
229,3.743700,OK
230,4.685100,OK
231,4.611500,OK
232,4.512900,OK
233,4.447900,OK
234,4.333200,OK
235,4.265200,OK
236,4.650600,OK
237,4.767100,OK
238,6.027100,OK
239,5.063200,OK
240,4.610300,OK
241,4.767000,OK
242,4.938800,OK
243,4.663800,OK
244,6.841800,OK
245,4.745300,OK
246,5.446500,OK
247,4.837000,OK
248,4.314400,OK
249,4.516100,OK
250,4.342300,OK
251,4.573400,OK
252,4.779200,OK
253,4.094900,OK
254,4.522100,OK
255,4.692100,OK
256,4.945800,OK
257,4.600700,OK
258,4.533200,OK
259,4.865000,OK
260,4.738900,OK
261,4.615900,OK
262,4.644300,OK
263,4.254700,OK
264,4.421700,OK
265,4.392400,OK
266,4.438000,OK
267,5.294500,OK
268,5.266400,OK
269,5.131400,OK
270,4.840500,OK
271,4.808500,OK
272,4.080200,OK
273,4.521400,OK
274,4.688600,OK
275,5.019600,OK
276,4.651400,OK
277,5.907700,OK
278,5.000700,OK
279,5.214200,OK
280,4.764500,OK
281,4.705000,OK
282,4.866800,OK
283,4.660800,OK
284,5.072900,OK
285,5.373500,OK
286,5.017300,OK
287,5.070200,OK
288,5.736100,OK
289,4.871000,OK
290,4.707500,OK
291,5.052100,OK
292,4.636200,OK
293,5.588100,OK
294,5.641500,OK
295,5.064500,OK
296,5.529600,OK
297,4.728100,OK
298,5.839100,OK
299,5.553000,OK
300,5.561100,OK
301,5.331300,OK
302,5.762100,OK
303,4.950600,OK
304,5.137000,OK
305,5.145200,OK
306,4.045800,OK
307,4.012000,OK
308,3.954900,OK
309,4.078200,OK
310,3.992700,OK
311,3.960500,OK
312,4.622200,OK
313,4.647100,OK
314,3.917900,OK
315,3.974800,OK
316,4.663600,OK
317,3.869100,OK
318,4.154000,OK
319,4.095800,OK
320,4.758300,OK
321,4.324900,OK
322,4.150700,OK
323,3.807200,OK
324,4.198700,OK
325,4.723700,OK
326,4.759400,OK
327,4.823800,OK
328,5.121300,OK
329,4.294400,OK
330,4.613400,OK
331,4.071300,OK
332,4.089400,OK
333,4.711600,OK
334,4.014800,OK
335,4.684500,OK
336,4.836100,OK
337,4.066500,OK
338,4.713000,OK
339,4.716500,OK
340,5.843700,OK
341,5.747800,OK
342,4.083900,OK
343,5.042000,OK
344,4.705100,OK
345,5.062800,OK
346,4.639800,OK
347,4.846600,OK
348,5.076000,OK
349,4.791200,OK
350,4.771300,OK
351,4.955900,OK
352,4.659800,OK
353,4.894200,OK
354,4.558800,OK
355,5.042900,OK
356,4.691000,OK
357,4.609600,OK
358,4.810800,OK
359,4.938100,OK
360,4.778200,OK
361,4.430700,OK
362,5.120300,OK
363,4.524900,OK
364,4.578400,OK
365,4.940300,OK
366,4.847900,OK
367,5.102200,OK
368,4.625800,OK
369,4.375200,OK
370,5.062000,OK
371,4.657200,OK
372,4.704900,OK
373,5.062400,OK
374,4.785700,OK
375,5.061600,OK
376,4.922400,OK
377,5.200300,OK
378,5.122200,OK
379,4.705000,OK
380,4.662000,OK
381,5.170200,OK
382,4.568100,OK
383,4.784500,OK
384,4.625600,OK
385,4.812000,OK
386,4.798000,OK
387,5.040800,OK
388,5.156500,OK
389,5.679000,OK
390,5.508700,OK
391,4.838700,OK
392,4.854600,OK
393,4.955000,OK
394,5.300200,OK
395,5.200400,OK
396,5.327500,OK
397,4.769600,OK
398,4.985900,OK
399,4.746300,OK
400,4.919000,OK
401,5.599600,OK
402,4.880600,OK
403,5.653200,OK
404,4.813600,OK
405,4.794800,OK
406,5.520400,OK
407,5.091300,OK
408,5.600600,OK
409,5.102300,OK
410,3.900600,OK
411,4.120100,OK
412,4.690300,OK
413,3.858900,OK
414,3.981000,OK
415,3.812900,OK
416,3.808100,OK
417,3.933800,OK
418,4.787400,OK
419,4.638300,OK
420,4.201700,OK
421,3.814500,OK
422,3.914600,OK
423,4.905500,OK
424,4.569000,OK
425,4.603500,OK
426,4.729300,OK
427,4.750300,OK
428,4.813700,OK
429,4.691100,OK
430,4.695200,OK
431,3.912000,OK
432,4.008900,OK
433,4.879200,OK
434,4.523000,OK
435,4.930600,OK
436,4.715500,OK
437,4.783400,OK
438,4.153300,OK
439,4.786700,OK
440,4.711500,OK
441,5.765600,OK
442,4.885300,OK
443,5.180300,OK
444,5.032300,OK
445,4.894400,OK
446,4.948800,OK
447,4.747500,OK
448,4.687400,OK
449,4.486600,OK
450,4.799200,OK
451,4.727500,OK
452,4.750500,OK
453,4.787300,OK
454,4.578600,OK
455,4.583500,OK
456,4.387500,OK
457,4.356900,OK
458,4.196800,OK
459,4.823100,OK
460,5.065600,OK
461,4.656000,OK
462,4.857600,OK
463,4.633300,OK
464,4.859400,OK
465,5.088700,OK
466,4.809500,OK
467,4.771600,OK
468,4.878700,OK
469,4.820000,OK
470,4.819000,OK
471,5.148500,OK
472,4.991000,OK
473,4.369800,OK
474,5.102400,OK
475,4.712400,OK
476,4.807100,OK
477,5.150900,OK
478,5.184500,OK
479,4.880100,OK
480,4.732600,OK
481,5.224300,OK
482,4.661000,OK
483,4.606400,OK
484,4.821200,OK
485,4.626300,OK
486,4.586400,OK
487,4.866800,OK
488,4.837200,OK
489,4.768500,OK
490,5.157200,OK
491,4.633400,OK
492,4.935500,OK
493,4.827600,OK
494,5.035000,OK
495,5.287900,OK
496,5.000100,OK
497,4.547800,OK
498,5.232900,OK
499,4.613400,OK
500,5.832100,OK
501,5.528600,OK
502,4.733600,OK
503,5.108200,OK
504,4.696000,OK
505,4.576600,OK
506,4.796500,OK
507,4.557200,OK
508,5.384200,OK
509,5.684800,OK
510,4.810000,OK
511,5.603500,OK
512,4.676300,OK
513,3.750100,OK
514,4.171800,OK
515,3.793200,OK
516,3.805800,OK
517,4.119800,OK
518,3.817600,OK
519,4.530600,OK
520,3.836400,OK
521,4.643300,OK
522,3.744100,OK
523,3.798700,OK
524,5.675800,OK
525,3.808300,OK
526,3.895200,OK
527,3.957400,OK
528,4.568100,OK
529,4.513900,OK
530,4.557200,OK
531,4.408300,OK
532,4.290400,OK
533,4.149400,OK
534,4.016600,OK
535,4.735700,OK
536,3.962800,OK
537,4.799900,OK
538,4.777200,OK
539,3.917500,OK
540,4.795000,OK
541,4.192800,OK
542,4.003500,OK
543,4.804600,OK
544,4.846900,OK
545,5.159600,OK
546,4.522900,OK
547,4.833300,OK
548,4.090900,OK
549,4.575800,OK
550,4.262800,OK
551,4.949200,OK
552,4.608100,OK
553,4.898300,OK
554,4.644400,OK
555,4.833000,OK
556,4.805800,OK
557,4.610800,OK
558,4.897400,OK
559,4.614200,OK
560,4.610100,OK
561,4.980200,OK
562,4.570500,OK
563,4.938700,OK
564,4.660000,OK
565,4.878700,OK
566,4.293200,OK
567,4.335900,OK
568,4.764600,OK
569,4.904200,OK
570,4.643900,OK
571,4.908900,OK
572,4.780800,OK
573,4.831100,OK
574,4.408200,OK
575,4.734100,OK
576,5.187600,OK
577,4.480400,OK
578,4.884000,OK
579,4.542900,OK
580,4.697900,OK
581,4.669100,OK
582,4.857200,OK
583,4.883200,OK
584,4.738600,OK
585,4.787600,OK
586,4.403700,OK
587,4.846500,OK
588,4.810800,OK
589,4.795300,OK
590,4.801000,OK
591,5.388200,OK
592,4.718000,OK
593,4.835300,OK
594,4.600800,OK
595,4.825200,OK
596,4.772400,OK
597,4.900600,OK
598,4.745400,OK
599,5.440500,OK
600,4.726000,OK
601,5.106700,OK
602,4.802600,OK
603,5.266100,OK
604,4.694400,OK
605,4.780000,OK
606,4.784900,OK
607,4.524900,OK
608,4.699400,OK
609,5.232800,OK
610,4.138500,OK
611,5.300500,OK
612,4.708700,OK
613,4.824400,OK
614,4.907300,OK
615,5.001400,OK
616,4.744700,OK
617,5.424900,OK
618,4.836600,OK
619,4.966300,OK
620,5.052200,OK
621,5.685400,OK
622,5.277300,OK
623,5.048600,OK
624,4.807700,OK
625,5.101900,OK
626,3.873700,OK
627,4.242000,OK
628,3.931500,OK
629,3.857200,OK
630,4.289900,OK
631,4.421200,OK
632,4.705500,OK
633,4.459400,OK
634,4.257400,OK
635,4.013600,OK
636,4.454800,OK
637,4.019500,OK
638,4.927000,OK
639,4.364900,OK
640,3.824600,OK
641,4.840400,OK
642,4.641700,OK
643,4.106600,OK
644,5.807000,OK
645,4.741600,OK
646,4.666600,OK
647,4.100800,OK
648,4.383500,OK
649,3.940600,OK
650,4.959700,OK
651,4.761900,OK
652,4.835100,OK
653,4.781000,OK
654,4.766700,OK
655,4.071600,OK
656,4.743000,OK
657,4.947800,OK
658,4.825600,OK
659,4.081700,OK
660,5.003200,OK
661,4.341800,OK
662,3.996100,OK
663,4.101400,OK
664,4.553900,OK
665,4.665400,OK
666,4.250800,OK
667,4.431600,OK
668,4.332200,OK
669,4.363200,OK
670,4.968900,OK
671,5.005100,OK
672,4.792300,OK
673,4.183300,OK
674,4.964300,OK
675,4.829300,OK
676,4.969100,OK
677,5.296700,OK
678,5.015500,OK
679,5.598400,OK
680,5.002500,OK
681,4.753800,OK
682,4.748200,OK
683,4.626900,OK
684,4.804000,OK
685,4.893900,OK
686,4.676400,OK
687,4.470000,OK
688,4.817400,OK
689,4.729300,OK
690,4.805100,OK
691,4.572100,OK
692,6.010600,OK
693,4.825300,OK
694,5.544000,OK
695,4.735400,OK
696,4.915300,OK
697,5.028800,OK
698,4.755400,OK
699,4.592000,OK
700,4.733900,OK
701,5.339600,OK
702,4.835300,OK
703,4.803600,OK
704,5.590700,OK
705,4.433300,OK
706,5.181700,OK
707,4.942600,OK
708,4.737300,OK
709,4.787500,OK
710,4.759200,OK
711,4.983300,OK
712,4.771300,OK
713,4.607100,OK
714,4.489900,OK
715,5.268000,OK
716,5.375700,OK
717,4.682200,OK
718,4.844400,OK
719,4.880300,OK
720,4.706900,OK
721,4.671000,OK
722,5.083900,OK
723,4.807700,OK
724,5.765200,OK
725,4.761500,OK
726,4.889900,OK
727,4.938200,OK
728,5.727500,OK
729,5.325200,OK
730,5.678100,OK
731,5.074300,OK
732,3.839800,OK
733,3.777100,OK
734,3.787700,OK
735,4.446300,OK
736,3.810900,OK
737,3.722700,OK
738,4.121500,OK
739,3.929700,OK
740,4.313900,OK
741,4.421500,OK
742,4.386300,OK
743,4.234800,OK
744,4.408900,OK
745,4.706500,OK
746,4.807700,OK
747,3.788000,OK
748,4.040300,OK
749,3.870700,OK
750,5.324400,OK
751,4.153800,OK
752,4.746100,OK
753,4.131200,OK
754,4.930700,OK
755,4.213600,OK
756,4.768000,OK
757,4.065400,OK
758,4.543900,OK
759,4.912900,OK
760,4.705900,OK
761,4.585800,OK
762,4.815700,OK
763,4.850000,OK
764,5.066400,OK
765,4.922800,OK
766,4.665800,OK
767,5.451900,OK
768,4.100800,OK
769,4.533400,OK
770,4.143700,OK
771,4.819000,OK
772,4.830300,OK
773,4.909900,OK
774,4.660300,OK
775,4.667300,OK
776,4.777900,OK
777,5.074000,OK
778,4.727800,OK
779,4.696600,OK
780,4.856600,OK
781,5.234300,OK
782,4.212900,OK
783,4.828700,OK
784,4.873800,OK
785,4.445200,OK
786,4.519700,OK
787,4.811400,OK
788,5.165000,OK
789,5.547800,OK
790,4.619600,OK
791,4.983700,OK
792,4.774500,OK
793,4.744100,OK
794,4.541700,OK
795,4.890000,OK
796,4.292300,OK
797,5.128700,OK
798,4.558800,OK
799,5.154500,OK
800,4.812200,OK
801,4.946200,OK
802,4.985300,OK
803,5.208500,OK
804,5.040700,OK
805,4.533800,OK
806,5.158200,OK
807,4.869000,OK
808,4.577900,OK
809,4.909700,OK
810,4.876600,OK
811,4.987000,OK
812,5.724200,OK
813,4.979900,OK
814,5.381400,OK
815,5.036300,OK
816,5.224600,OK
817,5.005300,OK
818,4.838700,OK
819,5.024000,OK
820,5.467200,OK
821,5.079100,OK
822,5.129600,OK
823,5.430600,OK
824,4.988000,OK
825,4.837500,OK
826,4.727100,OK
827,5.372700,OK
828,4.838700,OK
829,5.114700,OK
830,4.894800,OK
831,5.160500,OK
832,5.624400,OK
833,5.072700,OK
834,5.303500,OK
835,5.028700,OK
836,4.614900,OK
837,4.150800,OK
838,3.839300,OK
839,3.818900,OK
840,4.161800,OK
841,3.908600,OK
842,3.939300,OK
843,4.518100,OK
844,3.704600,OK
845,4.048600,OK
846,4.672400,OK
847,4.651700,OK
848,5.066900,OK
849,4.496500,OK
850,4.050600,OK
851,4.321100,OK
852,4.056700,OK
853,4.799100,OK
854,4.812300,OK
855,4.719200,OK
856,4.698600,OK
857,4.059400,OK
858,4.874400,OK
859,4.752200,OK
860,4.661000,OK
861,5.173000,OK
862,4.427500,OK
863,4.710200,OK
864,4.560400,OK
865,4.822300,OK
866,4.743100,OK
867,4.827500,OK
868,4.716600,OK
869,4.113400,OK
870,4.298600,OK
871,4.794200,OK
872,4.028800,OK
873,4.752100,OK
874,4.825800,OK
875,4.016000,OK
876,3.991200,OK
877,4.412100,OK
878,4.505700,OK
879,4.441300,OK
880,4.126900,OK
881,4.918800,OK
882,4.818600,OK
883,5.506400,OK
884,4.455500,OK
885,4.625500,OK
886,4.875200,OK
887,4.523900,OK
888,4.700800,OK
889,4.881600,OK
890,5.092400,OK
891,4.848100,OK
892,4.850000,OK
893,5.011100,OK
894,4.774200,OK
895,4.415100,OK
896,4.544000,OK
897,5.021800,OK
898,4.526100,OK
899,4.735700,OK
900,4.856100,OK
901,5.166100,OK
902,4.862500,OK
903,4.462000,OK
904,5.096400,OK
905,4.812600,OK
906,4.596400,OK
907,4.880000,OK
908,5.093600,OK
909,4.722100,OK
910,5.245000,OK
911,4.444300,OK
912,5.252700,OK
913,4.387500,OK
914,4.728500,OK
915,5.319500,OK
916,4.828800,OK
917,4.791800,OK
918,4.671700,OK
919,5.373100,OK
920,4.781200,OK
921,4.594600,OK
922,4.812300,OK
923,4.768500,OK
924,5.094900,OK
925,5.349500,OK
926,5.056700,OK
927,4.781500,OK
928,5.290400,OK
929,5.263100,OK
930,5.301400,OK
931,5.418900,OK
932,4.974100,OK
933,4.509800,OK
934,4.709200,OK
935,5.099400,OK
936,4.280800,OK
937,3.831300,OK
938,4.008400,OK
939,3.789100,OK
940,3.894500,OK
941,4.137100,OK
942,4.260800,OK
943,4.163800,OK
944,4.598900,OK
945,3.782500,OK
946,3.918300,OK
947,4.710100,OK
948,3.784700,OK
949,3.830000,OK
950,3.797900,OK
951,4.734100,OK
952,4.039800,OK
953,4.246800,OK
954,4.030900,OK
955,4.248700,OK
956,4.711600,OK
957,4.168000,OK
958,4.314600,OK
959,4.386000,OK
960,4.392300,OK
961,4.295500,OK
962,4.313200,OK
963,4.191400,OK
964,3.913100,OK
965,4.243500,OK
966,4.636500,OK
967,4.881900,OK
968,4.876600,OK
969,4.466600,OK
970,6.404200,OK
971,4.560800,OK
972,4.135100,OK
973,4.506500,OK
974,4.238700,OK
975,4.202200,OK
976,4.345300,OK
977,4.308900,OK
978,4.283200,OK
979,4.428100,OK
980,4.345900,OK
981,4.391800,OK
982,4.830000,OK
983,4.260500,OK
984,4.944900,OK
985,4.897100,OK
986,5.027800,OK
987,4.869500,OK
988,5.092200,OK
989,4.306600,OK
990,4.290500,OK
991,4.698300,OK
992,4.888300,OK
993,4.189600,OK
994,4.699100,OK
995,4.949200,OK
996,4.499300,OK
997,4.901500,OK
998,4.660400,OK
999,4.718500,OK
1000,4.553800,OK
1001,4.842300,OK
1002,5.437100,OK
1003,4.450900,OK
1004,4.718100,OK
1005,4.616000,OK
1006,4.620200,OK
1007,5.150100,OK
1008,4.654300,OK
1009,4.500000,OK
1010,4.407700,OK
1011,4.829600,OK
1012,4.747300,OK
1013,4.808200,OK
1014,4.917400,OK
1015,5.062700,OK
1016,4.901200,OK
1017,4.554100,OK
1018,5.297300,OK
1019,4.877000,OK
1020,4.560700,OK
1021,4.752400,OK
1022,5.115000,OK
1023,4.968100,OK
1024,5.323700,OK
1025,4.531900,OK
1026,5.222200,OK
1027,5.045000,OK
1028,4.763100,OK
1029,4.791100,OK
1030,5.408000,OK
1031,5.100100,OK
1032,5.704500,OK
1033,4.953900,OK
1034,6.255300,OK
1035,4.780400,OK
1036,5.063500,OK
1037,4.830300,OK
1038,3.780100,OK
1039,4.186900,OK
1040,3.863700,OK
1041,3.865800,OK
1042,4.457000,OK
1043,4.691700,OK
1044,3.864700,OK
1045,4.001600,OK
1046,4.073200,OK
1047,3.803600,OK
1048,3.869200,OK
1049,4.212100,OK
1050,3.802200,OK
1051,3.802900,OK
1052,3.863300,OK
1053,4.681500,OK
1054,3.864600,OK
1055,3.955600,OK
1056,4.633800,OK
1057,4.895900,OK
1058,3.937900,OK
1059,4.719400,OK
1060,4.817300,OK
1061,4.767700,OK
1062,4.737500,OK
1063,4.049200,OK
1064,3.976800,OK
1065,4.772100,OK
1066,3.959800,OK
1067,4.569500,OK
1068,4.725600,OK
1069,4.877100,OK
1070,4.077800,OK
1071,4.799800,OK
1072,4.960900,OK
1073,4.615200,OK
1074,4.810800,OK
1075,4.535800,OK
1076,4.154000,OK
1077,4.960000,OK
1078,5.839500,OK
1079,4.891700,OK
1080,4.142900,OK
1081,4.927100,OK
1082,4.684000,OK
1083,4.449400,OK
1084,4.786400,OK
1085,4.656600,OK
1086,4.876600,OK
1087,4.873800,OK
1088,4.882900,OK
1089,4.838200,OK
1090,4.092600,OK
1091,4.322700,OK
1092,4.235300,OK
1093,4.459100,OK
1094,4.156800,OK
1095,4.396200,OK
1096,4.522100,OK
1097,5.113300,OK
1098,4.338900,OK
1099,4.235000,OK
1100,4.154100,OK
1101,4.354700,OK
1102,4.282700,OK
1103,5.140000,OK
1104,4.883600,OK
1105,4.775600,OK
1106,4.785800,OK
1107,5.109000,OK
1108,4.782700,OK
1109,5.174300,OK
1110,4.857100,OK
1111,4.952900,OK
1112,4.858700,OK
1113,4.653000,OK
1114,5.186500,OK
1115,4.849500,OK
1116,4.775900,OK
1117,5.193100,OK
1118,4.721300,OK
1119,5.181600,OK
1120,5.367900,OK
1121,4.673600,OK
1122,4.530700,OK
1123,4.752000,OK
1124,4.728200,OK
1125,5.037300,OK
1126,4.721900,OK
1127,4.864800,OK
1128,4.780900,OK
1129,4.775600,OK
1130,5.034100,OK
1131,4.787700,OK
1132,4.820300,OK
1133,5.289600,OK
1134,4.782600,OK
1135,4.715900,OK
1136,5.192700,OK
1137,4.864000,OK
1138,4.709200,OK
1139,3.702000,OK
1140,3.856600,OK
1141,3.818500,OK
1142,4.165000,OK
1143,3.740700,OK
1144,4.983300,OK
1145,4.172100,OK
1146,3.765200,OK
1147,4.132500,OK
1148,4.394300,OK
1149,4.390400,OK
1150,4.654800,OK
1151,4.263000,OK
1152,4.622900,OK
1153,4.205400,OK
1154,4.446800,OK
1155,4.697600,OK
1156,4.345800,OK
1157,4.100500,OK
1158,3.912900,OK
1159,4.763500,OK
1160,4.027600,OK
1161,3.821000,OK
1162,4.004400,OK
1163,4.221200,OK
1164,4.263000,OK
1165,3.887400,OK
1166,4.344600,OK
1167,4.217200,OK
1168,4.865100,OK
1169,3.872300,OK
1170,4.644000,OK
1171,4.629900,OK
1172,4.900800,OK
1173,4.842700,OK
1174,4.655500,OK
1175,4.803800,OK
1176,4.017800,OK
1177,4.826400,OK
1178,4.980200,OK
1179,4.930100,OK
1180,4.063600,OK
1181,4.755400,OK
1182,4.973700,OK
1183,4.827500,OK
1184,4.918900,OK
1185,4.712600,OK
1186,4.882600,OK
1187,5.002200,OK
1188,4.817300,OK
1189,4.951500,OK
1190,5.085800,OK
1191,5.153200,OK
1192,5.165000,OK
1193,5.040000,OK
1194,4.836800,OK
1195,4.153800,OK
1196,4.983700,OK
1197,5.441300,OK
1198,5.039900,OK
1199,4.838600,OK
1200,4.860000,OK
1201,4.236800,OK
1202,4.790400,OK
1203,4.708200,OK
1204,4.871300,OK
1205,4.830500,OK
1206,4.650500,OK
1207,5.125500,OK
1208,5.037900,OK
1209,5.068400,OK
1210,4.821300,OK
1211,5.063400,OK
1212,5.031300,OK
1213,4.420900,OK
1214,5.001000,OK
1215,5.306000,OK
1216,4.864200,OK
1217,5.286400,OK
1218,5.193600,OK
1219,5.188400,OK
1220,4.961900,OK
1221,4.893600,OK
1222,5.058400,OK
1223,5.108000,OK
1224,4.839300,OK
1225,4.833300,OK
1226,5.402200,OK
1227,5.031800,OK
1228,5.047100,OK
1229,4.887600,OK
1230,5.090100,OK
1231,5.134900,OK
1232,4.904000,OK
1233,6.106900,OK
1234,5.013200,OK
1235,5.145000,OK
1236,4.829600,OK
1237,4.807100,OK
1238,5.013100,OK
1239,5.255600,OK
1240,3.982500,OK
1241,4.083300,OK
1242,4.217500,OK
1243,3.947800,OK
1244,4.659200,OK
1245,4.551500,OK
1246,4.053100,OK
1247,4.505500,OK
1248,4.531800,OK
1249,4.170500,OK
1250,4.070900,OK
1251,3.768600,OK
1252,3.882600,OK
1253,4.174300,OK
1254,4.454800,OK
1255,4.183000,OK
1256,4.027000,OK
1257,4.753700,OK
1258,4.101100,OK
1259,4.007500,OK
1260,4.748800,OK
1261,3.979600,OK
1262,4.783800,OK
1263,4.157400,OK
1264,4.163400,OK
1265,4.275600,OK
1266,4.507400,OK
1267,4.242800,OK
1268,4.277500,OK
1269,3.840300,OK
1270,4.419400,OK
1271,4.225500,OK
1272,4.237700,OK
1273,4.350100,OK
1274,4.395600,OK
1275,4.274300,OK
1276,4.483100,OK
1277,4.641400,OK
1278,4.368700,OK
1279,4.478800,OK
1280,4.363000,OK
1281,4.983500,OK
1282,4.657300,OK
1283,4.766800,OK
1284,4.071600,OK
1285,4.004700,OK
1286,4.078700,OK
1287,4.132400,OK
1288,5.003700,OK
1289,4.933900,OK
1290,4.909400,OK
1291,5.062500,OK
1292,4.732800,OK
1293,5.001700,OK
1294,4.851700,OK
1295,4.745200,OK
1296,4.739400,OK
1297,4.863000,OK
1298,4.824600,OK
1299,4.775700,OK
1300,5.056200,OK
1301,4.884000,OK
1302,4.968100,OK
1303,4.747200,OK
1304,4.809300,OK
1305,4.902800,OK
1306,5.019500,OK
1307,4.694900,OK
1308,4.572400,OK
1309,5.154500,OK
1310,4.941600,OK
1311,4.803500,OK
1312,5.224500,OK
1313,4.788400,OK
1314,4.641100,OK
1315,5.270300,OK
1316,5.382600,OK
1317,4.838800,OK
1318,4.936800,OK
1319,5.312300,OK
1320,4.376100,OK
1321,4.910300,OK
1322,5.817600,OK
1323,4.855900,OK
1324,4.993600,OK
1325,5.345300,OK
1326,5.222200,OK
1327,5.001400,OK
1328,4.949000,OK
1329,4.713000,OK
1330,4.952200,OK
1331,4.748800,OK
1332,5.025700,OK
1333,5.032700,OK
1334,5.271600,OK
1335,5.404300,OK
1336,5.184100,OK
1337,4.805500,OK
1338,4.861000,OK
1339,4.771300,OK
1340,5.532600,OK
1341,4.696400,OK
1342,3.873400,OK
1343,3.821500,OK
1344,3.961600,OK
1345,4.089700,OK
1346,3.810000,OK
1347,3.978200,OK
1348,3.940300,OK
1349,3.752300,OK
1350,3.858500,OK
1351,4.524800,OK
1352,3.753500,OK
1353,3.822600,OK
1354,4.652300,OK
1355,4.022100,OK
1356,3.903000,OK
1357,4.707700,OK
1358,4.667800,OK
1359,3.876000,OK
1360,4.813400,OK
1361,4.530300,OK
1362,4.571200,OK
1363,4.833200,OK
1364,4.801800,OK
1365,4.716900,OK
1366,4.691900,OK
1367,4.727500,OK
1368,3.804200,OK
1369,4.223500,OK
1370,4.758200,OK
1371,4.009500,OK
1372,4.831700,OK
1373,4.069400,OK
1374,4.944700,OK
1375,4.920000,OK
1376,4.312500,OK
1377,4.269600,OK
1378,4.079700,OK
1379,4.144100,OK
1380,4.959200,OK
1381,4.043400,OK
1382,4.165800,OK
1383,4.214300,OK
1384,4.264600,OK
1385,4.517700,OK
1386,4.328900,OK
1387,4.973200,OK
1388,4.918100,OK
1389,4.913000,OK
1390,4.092900,OK
1391,4.857500,OK
1392,4.130200,OK
1393,5.004800,OK
1394,4.677000,OK
1395,5.001900,OK
1396,4.234200,OK
1397,4.955100,OK
1398,5.718400,OK
1399,4.425000,OK
1400,4.958500,OK
1401,5.004700,OK
1402,5.031700,OK
1403,5.247600,OK
1404,4.513600,OK
1405,4.768200,OK
1406,5.698500,OK
1407,4.397000,OK
1408,4.775100,OK
1409,4.983700,OK
1410,4.972100,OK
1411,4.938200,OK
1412,5.077300,OK
1413,5.043000,OK
1414,4.482100,OK
1415,4.804700,OK
1416,4.953400,OK
1417,5.043800,OK
1418,4.812000,OK
1419,4.498500,OK
1420,4.746200,OK
1421,4.740400,OK
1422,4.861700,OK
1423,4.620800,OK
1424,4.807600,OK
1425,5.165500,OK
1426,4.816400,OK
1427,5.026600,OK
1428,5.417300,OK
1429,5.121700,OK
1430,4.890100,OK
1431,4.797100,OK
1432,5.050500,OK
1433,4.856000,OK
1434,5.349900,OK
1435,4.664300,OK
1436,4.711300,OK
1437,4.666500,OK
1438,4.911700,OK
1439,5.132200,OK
1440,3.916400,OK
1441,5.101300,OK
1442,4.820700,OK
1443,4.877800,OK
1444,5.327100,OK
1445,5.377700,OK
1446,5.356100,OK
1447,4.401700,OK
1448,4.256900,OK
1449,3.923100,OK
1450,4.173100,OK
1451,4.052700,OK
1452,3.824800,OK
1453,3.766800,OK
1454,3.899500,OK
1455,4.605000,OK
1456,4.680700,OK
1457,3.888600,OK
1458,5.068800,OK
1459,3.849600,OK
1460,3.827300,OK
1461,3.975300,OK
1462,4.658200,OK
1463,4.002100,OK
1464,4.609100,OK
1465,4.722000,OK
1466,4.050600,OK
1467,4.694400,OK
1468,4.587800,OK
1469,3.977000,OK
1470,4.639400,OK
1471,4.679600,OK
1472,3.811900,OK
1473,4.039900,OK
1474,3.857300,OK
1475,4.051900,OK
1476,5.732100,OK
1477,4.079800,OK
1478,4.024300,OK
1479,4.824100,OK
1480,4.787100,OK
1481,4.376200,OK
1482,4.407000,OK
1483,3.942900,OK
1484,4.929800,OK
1485,4.378000,OK
1486,4.792200,OK
1487,4.729800,OK
1488,4.047600,OK
1489,4.958300,OK
1490,4.866400,OK
1491,4.110400,OK
1492,4.864300,OK
1493,4.935900,OK
1494,3.988700,OK
1495,4.212800,OK
1496,4.837300,OK
1497,5.027800,OK
1498,4.817900,OK
1499,4.950700,OK
1500,4.272000,OK
1501,4.630400,OK
1502,4.378400,OK
1503,4.266100,OK
1504,4.139800,OK
1505,5.136800,OK
1506,4.789900,OK
1507,4.707800,OK
1508,4.884300,OK
1509,4.435900,OK
1510,4.328200,OK
1511,4.765200,OK
1512,4.189400,OK
1513,5.092400,OK
1514,4.675300,OK
1515,4.849500,OK
1516,5.017500,OK
1517,4.590400,OK
1518,4.695600,OK
1519,5.041000,OK
1520,5.307200,OK
1521,4.650200,OK
1522,4.953700,OK
1523,4.724900,OK
1524,4.899700,OK
1525,4.664200,OK
1526,5.022200,OK
1527,4.851000,OK
1528,5.219000,OK
1529,5.014700,OK
1530,4.647700,OK
1531,5.149400,OK
1532,4.800200,OK
1533,4.507200,OK
1534,5.092600,OK
1535,4.960500,OK
1536,4.738000,OK
1537,4.916200,OK
1538,5.074300,OK
1539,5.067900,OK
1540,4.842300,OK
1541,4.761900,OK
1542,4.922900,OK
1543,5.073900,OK
1544,4.798100,OK
1545,5.195600,OK
1546,4.582400,OK
1547,4.871900,OK
1548,5.128400,OK
1549,4.922000,OK
1550,4.856500,OK
1551,4.620700,OK
1552,4.728600,OK
1553,4.827700,OK
1554,5.435400,OK
1555,4.926300,OK
1556,4.971600,OK
1557,4.658400,OK
1558,5.586900,OK
1559,5.333200,OK
1560,3.802900,OK
1561,3.953700,OK
1562,4.339000,OK
1563,3.820700,OK
1564,3.824700,OK
1565,3.744900,OK
1566,4.173300,OK
1567,3.874100,OK
1568,4.482500,OK
1569,3.891700,OK
1570,4.210300,OK
1571,4.627100,OK
1572,3.915000,OK
1573,4.008400,OK
1574,4.549400,OK
1575,3.840500,OK
1576,4.031500,OK
1577,3.972300,OK
1578,3.827000,OK
1579,4.032400,OK
1580,5.697300,OK
1581,3.858000,OK
1582,4.288300,OK
1583,4.120100,OK
1584,3.788700,OK
1585,4.180100,OK
1586,4.867500,OK
1587,4.771100,OK
1588,4.302300,OK
1589,4.535300,OK
1590,4.555400,OK
1591,3.957800,OK
1592,4.093600,OK
1593,4.631700,OK
1594,3.904900,OK
1595,4.797800,OK
1596,4.698500,OK
1597,4.507100,OK
1598,4.760400,OK
1599,4.010400,OK
1600,4.431800,OK
1601,4.146000,OK
1602,4.156100,OK
1603,4.437500,OK
1604,4.149000,OK
1605,4.785800,OK
1606,4.800000,OK
1607,4.113200,OK
1608,4.845200,OK
1609,4.839300,OK
1610,4.658400,OK
1611,4.887700,OK
1612,4.083400,OK
1613,5.068700,OK
1614,4.098100,OK
1615,4.877800,OK
1616,4.116700,OK
1617,4.855400,OK
1618,4.820200,OK
1619,4.994200,OK
1620,4.808100,OK
1621,4.817900,OK
1622,4.724600,OK
1623,4.819400,OK
1624,5.127600,OK
1625,4.987800,OK
1626,4.946100,OK
1627,4.347700,OK
1628,4.279400,OK
1629,4.244600,OK
1630,4.912400,OK
1631,5.062100,OK
1632,4.366000,OK
1633,4.331300,OK
1634,4.294200,OK
1635,4.364000,OK
1636,4.493900,OK
1637,4.389100,OK
1638,4.153000,OK
1639,4.458700,OK
1640,4.544800,OK
1641,4.322200,OK
1642,4.381300,OK
1643,5.003400,OK
1644,4.894900,OK
1645,4.978600,OK
1646,4.563200,OK
1647,4.873800,OK
1648,4.867100,OK
1649,4.903100,OK
1650,5.107500,OK
1651,4.315300,OK
1652,5.093300,OK
1653,4.866800,OK
1654,5.908600,OK
1655,4.702300,OK
1656,4.679300,OK
1657,5.249200,OK
1658,4.752900,OK
1659,4.932400,OK
1660,5.099800,OK
1661,4.864700,OK
1662,4.834500,OK
1663,5.035600,OK
1664,5.042700,OK
1665,5.242600,OK
1666,4.825500,OK
1667,5.062000,OK
1668,4.126300,OK
1669,5.239600,OK
1670,4.733400,OK
1671,5.328100,OK
1672,4.776900,OK
1673,5.078300,OK
1674,4.995400,OK
1675,5.251700,OK
1676,5.419100,OK
1677,5.127000,OK
1678,5.294500,OK
1679,4.580200,OK
1680,4.525600,OK
1681,3.954500,OK
1682,3.956000,OK
1683,4.439300,OK
1684,3.903100,OK
1685,4.167900,OK
1686,4.435300,OK
1687,4.454200,OK
1688,4.197600,OK
1689,4.081600,OK
1690,4.353600,OK
1691,3.995700,OK
1692,4.637100,OK
1693,4.050900,OK
1694,3.906000,OK
1695,3.977700,OK
1696,4.097100,OK
1697,4.286700,OK
1698,4.704200,OK
1699,4.630100,OK
1700,4.798400,OK
1701,3.871800,OK
1702,4.860400,OK
1703,4.840800,OK
1704,4.964500,OK
1705,4.644600,OK
1706,4.395400,OK
1707,4.164800,OK
1708,4.122800,OK
1709,4.354100,OK
1710,4.175300,OK
1711,4.901100,OK
1712,4.740400,OK
1713,4.186000,OK
1714,4.925800,OK
1715,4.871100,OK
1716,4.110000,OK
1717,3.943000,OK
1718,4.797600,OK
1719,4.185900,OK
1720,4.791700,OK
1721,4.738700,OK
1722,4.295900,OK
1723,4.696600,OK
1724,4.801500,OK
1725,4.100300,OK
1726,4.649800,OK
1727,4.007100,OK
1728,4.179000,OK
1729,4.633900,OK
1730,4.335400,OK
1731,4.284000,OK
1732,4.109100,OK
1733,5.003500,OK
1734,4.759200,OK
1735,4.904200,OK
1736,4.931300,OK
1737,4.308000,OK
1738,4.707800,OK
1739,4.958100,OK
1740,4.606800,OK
1741,5.076800,OK
1742,5.001400,OK
1743,4.764000,OK
1744,4.987800,OK
1745,4.734200,OK
1746,5.093000,OK
1747,5.078100,OK
1748,4.285800,OK
1749,4.906000,OK
1750,4.994100,OK
1751,5.048100,OK
1752,4.867000,OK
1753,5.952300,OK
1754,4.955200,OK
1755,5.078700,OK
1756,5.645900,OK
1757,4.489400,OK
1758,4.718000,OK
1759,5.260300,OK
1760,4.998800,OK
1761,4.952300,OK
1762,4.882800,OK
1763,5.722000,OK
1764,5.367300,OK
1765,4.993100,OK
1766,4.865500,OK
1767,5.053700,OK
1768,5.043800,OK
1769,5.438000,OK
1770,4.859100,OK
1771,5.002400,OK
1772,5.336500,OK
1773,4.624600,OK
1774,5.095100,OK
1775,5.091200,OK
1776,4.744800,OK
1777,5.594600,OK
1778,4.976400,OK
1779,5.591900,OK
1780,4.866500,OK
1781,4.010200,OK
1782,3.763900,OK
1783,4.439000,OK
1784,4.062500,OK
1785,3.874500,OK
1786,4.039500,OK
1787,4.536000,OK
1788,3.877600,OK
1789,4.187100,OK
1790,4.299600,OK
1791,4.286600,OK
1792,4.400700,OK
1793,3.753700,OK
1794,4.453700,OK
1795,4.402600,OK
1796,4.345500,OK
1797,4.302600,OK
1798,4.387500,OK
1799,3.769600,OK
1800,4.554100,OK
1801,4.448200,OK
1802,4.514600,OK
1803,4.411200,OK
1804,4.389000,OK
1805,4.239600,OK
1806,3.855200,OK
1807,4.266000,OK
1808,4.335900,OK
1809,4.161100,OK
1810,4.113700,OK
1811,3.885800,OK
1812,4.724700,OK
1813,4.686000,OK
1814,3.958800,OK
1815,4.774300,OK
1816,4.716600,OK
1817,4.015000,OK
1818,4.574300,OK
1819,4.909100,OK
1820,4.844600,OK
1821,4.596500,OK
1822,5.073800,OK
1823,4.434900,OK
1824,4.123800,OK
1825,4.824200,OK
1826,4.878300,OK
1827,4.777200,OK
1828,4.905200,OK
1829,4.841200,OK
1830,4.122300,OK
1831,4.965000,OK
1832,4.548100,OK
1833,4.827400,OK
1834,4.722200,OK
1835,4.478800,OK
1836,4.645600,OK
1837,4.719300,OK
1838,4.668800,OK
1839,4.945100,OK
1840,4.872300,OK
1841,4.705000,OK
1842,4.595900,OK
1843,4.876600,OK
1844,5.019900,OK
1845,5.189300,OK
1846,4.696300,OK
1847,4.432000,OK
1848,4.871600,OK
1849,5.032000,OK
1850,5.030000,OK
1851,4.965900,OK
1852,4.963100,OK
1853,4.368900,OK
1854,4.305500,OK
1855,5.051200,OK
1856,4.932600,OK
1857,4.952900,OK
1858,4.590800,OK
1859,4.568400,OK
1860,5.258200,OK
1861,5.206200,OK
1862,4.365200,OK
1863,5.326600,OK
1864,5.208600,OK
1865,5.063000,OK
1866,5.386600,OK
1867,5.412200,OK
1868,4.716400,OK
1869,5.025000,OK
1870,5.297500,OK
1871,4.948400,OK
1872,4.690600,OK
1873,4.927800,OK
1874,4.940500,OK
1875,5.037000,OK
1876,4.501400,OK
1877,4.492900,OK
1878,5.381900,OK
1879,5.383700,OK
1880,5.031400,OK
1881,4.987600,OK
1882,4.689800,OK
1883,4.708400,OK
1884,4.927400,OK
1885,5.307000,OK
1886,4.542000,OK
1887,4.544000,OK
1888,4.540400,OK
1889,3.967900,OK
1890,3.898200,OK
1891,3.983600,OK
1892,3.893300,OK
1893,3.791100,OK
1894,3.841100,OK
1895,5.222500,OK
1896,4.045600,OK
1897,3.964300,OK
1898,4.011100,OK
1899,3.801500,OK
1900,3.986500,OK
1901,4.165200,OK
1902,3.752200,OK
1903,4.075300,OK
1904,4.102000,OK
1905,4.101800,OK
1906,4.036300,OK
1907,4.268400,OK
1908,5.630100,OK
1909,4.505000,OK
1910,4.001900,OK
1911,4.844100,OK
1912,3.831700,OK
1913,4.899400,OK
1914,3.868500,OK
1915,4.789300,OK
1916,4.096000,OK
1917,4.295600,OK
1918,4.074600,OK
1919,4.799400,OK
1920,4.535800,OK
1921,3.893600,OK
1922,6.193700,OK
1923,4.814600,OK
1924,3.942900,OK
1925,4.941400,OK
1926,4.690300,OK
1927,4.838000,OK
1928,4.130900,OK
1929,4.881300,OK
1930,4.779000,OK
1931,4.228500,OK
1932,4.728000,OK
1933,4.713000,OK
1934,4.157100,OK
1935,4.748900,OK
1936,5.054400,OK
1937,4.738200,OK
1938,4.938200,OK
1939,4.298400,OK
1940,5.027700,OK
1941,5.105300,OK
1942,4.849900,OK
1943,4.887700,OK
1944,4.795100,OK
1945,4.953100,OK
1946,4.912200,OK
1947,4.795800,OK
1948,4.728800,OK
1949,4.207100,OK
1950,4.198600,OK
1951,5.168500,OK
1952,4.595800,OK
1953,4.846100,OK
1954,5.234000,OK
1955,4.992900,OK
1956,4.984200,OK
1957,4.433600,OK
1958,4.948800,OK
1959,4.685000,OK
1960,4.718100,OK
1961,4.537100,OK
1962,5.231400,OK
1963,4.825700,OK
1964,4.935100,OK
1965,5.039700,OK
1966,4.831900,OK
1967,4.564300,OK
1968,5.197200,OK
1969,5.047200,OK
1970,5.087100,OK
1971,4.829600,OK
1972,5.333500,OK
1973,5.314500,OK
1974,4.602300,OK
1975,4.313600,OK
1976,4.788100,OK
1977,4.574200,OK
1978,4.550200,OK
1979,5.303600,OK
1980,4.493800,OK
1981,4.441200,OK
1982,5.134900,OK
1983,4.923300,OK
1984,4.886100,OK
1985,5.012000,OK
1986,5.139500,OK
1987,4.600500,OK
1988,4.487100,OK
1989,5.360300,OK
1990,5.293400,OK
1991,5.079700,OK
1992,5.333500,OK
1993,4.771000,OK
1994,5.066800,OK
1995,4.951800,OK
1996,5.669400,OK
1997,4.769800,OK
1998,4.729900,OK
1999,4.967800,OK
2000,3.822300,OK
2001,4.191800,OK
2002,4.098400,OK
2003,3.797200,OK
2004,3.925000,OK
2005,4.522700,OK
2006,4.151400,OK
2007,4.707900,OK
2008,3.922100,OK
2009,4.155300,OK
2010,3.797500,OK
2011,4.191800,OK
2012,3.937400,OK
2013,4.633900,OK
2014,3.872300,OK
2015,3.874100,OK
2016,4.271300,OK
2017,4.235900,OK
2018,4.147800,OK
2019,3.834400,OK
2020,3.920700,OK
2021,4.155100,OK
2022,4.225700,OK
2023,4.180700,OK
2024,4.741700,OK
2025,4.742400,OK
2026,3.982800,OK
2027,4.057800,OK
2028,3.833000,OK
2029,4.370600,OK
2030,4.306600,OK
2031,4.313500,OK
2032,4.180300,OK
2033,3.927200,OK
2034,4.526100,OK
2035,4.279000,OK
2036,4.810500,OK
2037,4.667700,OK
2038,3.944000,OK
2039,3.921300,OK
2040,4.095500,OK
2041,4.188100,OK
2042,4.366900,OK
2043,3.786200,OK
2044,4.300900,OK
2045,4.723800,OK
2046,4.731900,OK
2047,4.971800,OK
2048,4.961200,OK
2049,4.584600,OK
2050,4.601400,OK
2051,4.390500,OK
2052,4.018500,OK
2053,4.805300,OK
2054,5.037400,OK
2055,4.057200,OK
2056,4.115700,OK
2057,4.394100,OK
2058,4.163600,OK
2059,4.922000,OK
2060,4.746300,OK
2061,4.987300,OK
2062,4.996000,OK
2063,4.615300,OK
2064,5.023000,OK
2065,4.452400,OK
2066,4.877300,OK
2067,4.652000,OK
2068,4.768100,OK
2069,4.888900,OK
2070,5.177400,OK
2071,4.190800,OK
2072,4.899900,OK
2073,4.836700,OK
2074,4.957300,OK
2075,5.165700,OK
2076,4.701900,OK
2077,4.798000,OK
2078,5.154100,OK
2079,4.703300,OK
2080,4.823900,OK
2081,4.585500,OK
2082,4.895500,OK
2083,4.504000,OK
2084,4.977200,OK
2085,4.931500,OK
2086,4.954500,OK
2087,4.904400,OK
2088,4.782300,OK
2089,4.812200,OK
2090,4.935600,OK
2091,4.925500,OK
2092,5.089000,OK
2093,4.798600,OK
2094,4.868500,OK
2095,4.835300,OK
2096,4.833900,OK
2097,5.276300,OK
2098,4.654400,OK
2099,4.954600,OK
2100,4.690300,OK
2101,4.700000,OK
2102,4.698000,OK
2103,5.166300,OK
2104,4.930900,OK
2105,4.680900,OK
2106,5.261400,OK
2107,4.071000,OK
2108,5.187500,OK
2109,3.665900,OK
2110,4.662400,OK
2111,3.707600,OK
2112,3.760500,OK
2113,4.644800,OK
2114,3.863600,OK
2115,4.138100,OK
2116,4.199000,OK
2117,4.736100,OK
2118,4.129800,OK
2119,4.609900,OK
2120,4.714200,OK
2121,3.969300,OK
2122,3.971500,OK
2123,3.849900,OK
2124,4.099800,OK
2125,3.847400,OK
2126,3.923500,OK
2127,4.203000,OK
2128,4.473200,OK
2129,4.614100,OK
2130,3.990800,OK
2131,4.553900,OK
2132,3.924800,OK
2133,3.981500,OK
2134,4.651400,OK
2135,3.944400,OK
2136,4.846400,OK
2137,4.574800,OK
2138,4.909400,OK
2139,4.258500,OK
2140,4.672600,OK
2141,4.800800,OK
2142,4.031300,OK
2143,4.896200,OK
2144,3.818800,OK
2145,4.783400,OK
2146,4.090200,OK
2147,4.445000,OK
2148,4.202900,OK
2149,3.921900,OK
2150,4.326700,OK
2151,4.509000,OK
2152,4.608800,OK
2153,4.415700,OK
2154,4.417400,OK
2155,4.670300,OK
2156,4.702900,OK
2157,4.577300,OK
2158,4.561700,OK
2159,4.477800,OK
2160,4.508000,OK
2161,5.124500,OK
2162,5.023100,OK
2163,4.932800,OK
2164,4.195000,OK
2165,4.892100,OK
2166,4.890000,OK
2167,4.071200,OK
2168,4.236100,OK
2169,4.811900,OK
2170,5.161100,OK
2171,4.922900,OK
2172,4.215900,OK
2173,4.391200,OK
2174,5.056400,OK
2175,4.298800,OK
2176,4.975200,OK
2177,4.871200,OK
2178,4.621900,OK
2179,4.945100,OK
2180,4.938500,OK
2181,4.562800,OK
2182,5.578500,OK
2183,5.334200,OK
2184,4.647900,OK
2185,4.922100,OK
2186,5.021200,OK
2187,5.220000,OK
2188,5.295600,OK
2189,4.686500,OK
2190,5.013200,OK
2191,4.501400,OK
2192,4.651800,OK
2193,4.751900,OK
2194,4.849000,OK
2195,4.712500,OK
2196,4.668500,OK
2197,4.864100,OK
2198,4.978000,OK
2199,4.538000,OK
2200,4.933200,OK
2201,5.188000,OK
2202,4.854500,OK
2203,4.933100,OK
2204,5.171200,OK
2205,4.885400,OK
2206,4.740500,OK
2207,4.753200,OK
2208,4.991600,OK
2209,4.533900,OK
2210,5.070600,OK
2211,5.226700,OK
2212,5.172200,OK
2213,5.072700,OK
2214,5.672400,OK
2215,4.887700,OK
2216,4.786400,OK
2217,3.977500,OK
2218,3.879000,OK
2219,3.975700,OK
2220,4.518600,OK
2221,3.716300,OK
2222,4.000100,OK
2223,3.886100,OK
2224,3.866700,OK
2225,4.307100,OK
2226,4.211200,OK
2227,3.931300,OK
2228,4.411700,OK
2229,3.676600,OK
2230,3.654300,OK
2231,3.717200,OK
2232,3.565400,OK
2233,3.698200,OK
2234,4.601100,OK
2235,3.710300,OK
2236,3.677800,OK
2237,3.744800,OK
2238,4.536100,OK
2239,3.830700,OK
2240,3.682400,OK
2241,3.688200,OK
2242,4.748700,OK
2243,3.656900,OK
2244,3.830700,OK
2245,3.684700,OK
2246,3.843900,OK
2247,4.797600,OK
2248,4.693600,OK
2249,4.546800,OK
2250,3.890200,OK
2251,4.544100,OK
2252,4.525800,OK
2253,4.508300,OK
2254,4.399000,OK
2255,4.154600,OK
2256,5.094700,OK
2257,4.294800,OK
2258,4.579300,OK
2259,4.418200,OK
2260,4.581500,OK
2261,4.356200,OK
2262,4.332300,OK
2263,4.924500,OK
2264,4.048100,OK
2265,4.396400,OK
2266,4.824900,OK
2267,4.778800,OK
2268,4.874100,OK
2269,4.869300,OK
2270,4.730200,OK
2271,4.820400,OK
2272,4.631000,OK
2273,4.928900,OK
2274,4.877900,OK
2275,4.218900,OK
2276,4.891800,OK
2277,4.728200,OK
2278,5.048500,OK
2279,4.959200,OK
2280,4.964900,OK
2281,4.703200,OK
2282,5.015700,OK
2283,5.131400,OK
2284,4.892000,OK
2285,4.753200,OK
2286,5.075400,OK
2287,4.912600,OK
2288,5.028700,OK
2289,4.840500,OK
2290,4.701800,OK
2291,4.959800,OK
2292,5.046700,OK
2293,4.713600,OK
2294,5.083100,OK
2295,4.957800,OK
2296,4.755900,OK
2297,5.193300,OK
2298,5.245400,OK
2299,4.844900,OK
2300,4.591700,OK
2301,4.770900,OK
2302,4.952900,OK
2303,4.921800,OK
2304,4.821000,OK
2305,4.900600,OK
2306,4.807400,OK
2307,5.117700,OK
2308,5.425000,OK
2309,5.410400,OK
2310,5.097800,OK
2311,4.753100,OK
2312,5.198700,OK
2313,4.763100,OK
2314,4.901400,OK
2315,5.059500,OK
2316,5.462600,OK
2317,6.290200,OK
2318,4.688200,OK
2319,5.655500,OK
2320,5.158500,OK
2321,4.651000,OK
2322,5.272200,OK
2323,4.455200,OK
2324,4.316300,OK
2325,4.201200,OK
2326,4.556200,OK
2327,4.065100,OK
2328,3.904400,OK
2329,3.946000,OK
2330,4.006200,OK
2331,4.382700,OK
2332,4.556900,OK
2333,4.533800,OK
2334,4.434900,OK
2335,4.525200,OK
2336,3.713300,OK
2337,4.307700,OK
2338,4.415100,OK
2339,4.591200,OK
2340,4.339600,OK
2341,4.467300,OK
2342,4.550400,OK
2343,4.479200,OK
2344,4.316700,OK
2345,4.507900,OK
2346,4.504000,OK
2347,4.254600,OK
2348,4.458500,OK
2349,3.646100,OK
2350,4.309700,OK
2351,4.138200,OK
2352,4.452300,OK
2353,4.270800,OK
2354,4.218300,OK
2355,4.998100,OK
2356,4.231300,OK
2357,4.075200,OK
2358,3.955200,OK
2359,4.395700,OK
2360,4.173800,OK
2361,4.909800,OK
2362,5.727700,OK
2363,4.945200,OK
2364,4.898700,OK
2365,4.693800,OK
2366,4.989900,OK
2367,4.028200,OK
2368,4.836500,OK
2369,4.108400,OK
2370,4.266600,OK
2371,4.422000,OK
2372,4.984200,OK
2373,4.787000,OK
2374,4.747000,OK
2375,4.614600,OK
2376,4.879500,OK
2377,4.842200,OK
2378,4.155900,OK
2379,4.888600,OK
2380,4.090900,OK
2381,5.068600,OK
2382,4.841300,OK
2383,4.944100,OK
2384,4.619700,OK
2385,4.790500,OK
2386,4.692800,OK
2387,4.724300,OK
2388,4.909200,OK
2389,4.934200,OK
2390,7.369000,OK
2391,4.276000,OK
2392,4.943800,OK
2393,4.286500,OK
2394,5.035500,OK
2395,4.840700,OK
2396,4.755900,OK
2397,4.387200,OK
2398,4.708700,OK
2399,4.667800,OK
2400,4.935000,OK
2401,4.895900,OK
2402,4.644800,OK
2403,4.665000,OK
2404,5.270400,OK
2405,5.309100,OK
2406,4.780300,OK
2407,4.692700,OK
2408,5.013600,OK
2409,4.881300,OK
2410,4.631800,OK
2411,4.871200,OK
2412,4.690500,OK
2413,5.357700,OK
2414,4.880600,OK
2415,5.055400,OK
2416,5.238200,OK
2417,4.551500,OK
2418,4.733500,OK
2419,5.081200,OK
2420,4.833600,OK
2421,6.009200,OK
2422,4.772500,OK
2423,4.654400,OK
2424,5.053000,OK
2425,5.549200,OK
2426,4.874700,OK
2427,4.708000,OK
2428,5.215400,OK
2429,5.679200,OK
2430,4.990900,OK
2431,4.441200,OK
2432,4.256300,OK
2433,3.698700,OK
2434,4.322900,OK
2435,3.859400,OK
2436,4.648400,OK
2437,3.821100,OK
2438,3.850100,OK
2439,3.970200,OK
2440,3.902300,OK
2441,3.855000,OK
2442,4.054500,OK
2443,3.776400,OK
2444,4.040500,OK
2445,4.478800,OK
2446,4.715000,OK
2447,3.915200,OK
2448,3.773500,OK
2449,4.222800,OK
2450,3.861600,OK
2451,4.311000,OK
2452,3.916100,OK
2453,3.847000,OK
2454,4.573700,OK
2455,3.902200,OK
2456,3.883700,OK
2457,4.588800,OK
2458,4.051500,OK
2459,4.105100,OK
2460,3.879200,OK
2461,4.197400,OK
2462,3.825600,OK
2463,4.475000,OK
2464,4.010200,OK
2465,4.419500,OK
2466,4.717600,OK
2467,4.603200,OK
2468,4.034500,OK
2469,4.797100,OK
2470,4.227700,OK
2471,4.954900,OK
2472,4.753700,OK
2473,4.762200,OK
2474,4.601900,OK
2475,5.124500,OK
2476,4.751900,OK
2477,4.784100,OK
2478,4.864700,OK
2479,4.915500,OK
2480,4.923500,OK
2481,4.792400,OK
2482,4.846500,OK
2483,5.076700,OK
2484,4.169800,OK
2485,4.955900,OK
2486,4.959300,OK
2487,5.131500,OK
2488,4.901800,OK
2489,4.197100,OK
2490,4.259300,OK
2491,4.929200,OK
2492,5.006300,OK
2493,5.106400,OK
2494,5.090300,OK
2495,5.015700,OK
2496,5.002300,OK
2497,5.012900,OK
2498,5.174700,OK
2499,4.971200,OK
2500,5.065500,OK
2501,4.313000,OK
2502,5.037800,OK
2503,4.957600,OK
2504,4.355200,OK
2505,4.867700,OK
2506,4.432300,OK
2507,4.366800,OK
2508,4.331600,OK
2509,4.570300,OK
2510,4.530300,OK
2511,4.399300,OK
2512,4.432300,OK
2513,4.358100,OK
2514,4.379300,OK
2515,5.233200,OK
2516,4.868700,OK
2517,4.990200,OK
2518,4.643600,OK
2519,4.873100,OK
2520,5.372100,OK
2521,4.494800,OK
2522,4.787900,OK
2523,4.836700,OK
2524,5.375400,OK
2525,4.897100,OK
2526,4.737400,OK
2527,4.927300,OK
2528,5.212500,OK
2529,5.550600,OK
2530,4.571800,OK
2531,5.204700,OK
2532,5.188200,OK
2533,5.259500,OK
2534,5.442700,OK
2535,4.107500,OK
2536,3.872000,OK
2537,4.341700,OK
2538,4.549500,OK
2539,3.887200,OK
2540,3.760900,OK
2541,4.035800,OK
2542,4.104500,OK
2543,4.355000,OK
2544,3.947400,OK
2545,4.070900,OK
2546,3.910600,OK
2547,4.799100,OK
2548,3.860800,OK
2549,4.386200,OK
2550,4.044700,OK
2551,4.399200,OK
2552,4.198500,OK
2553,4.070000,OK
2554,3.907300,OK
2555,4.066800,OK
2556,3.993100,OK
2557,3.821300,OK
2558,4.055200,OK
2559,3.840700,OK
2560,4.143000,OK
2561,4.782800,OK
2562,3.930600,OK
2563,4.599300,OK
2564,4.622900,OK
2565,3.933300,OK
2566,4.751300,OK
2567,4.772900,OK
2568,4.917700,OK
2569,4.782400,OK
2570,4.170400,OK
2571,4.604600,OK
2572,4.547600,OK
2573,4.345500,OK
2574,4.392600,OK
2575,4.141100,OK
2576,4.919500,OK
2577,4.656300,OK
2578,4.794200,OK
2579,4.806100,OK
2580,4.491200,OK
2581,4.907100,OK
2582,4.177100,OK
2583,4.209100,OK
2584,4.868700,OK
2585,4.527200,OK
2586,4.794400,OK
2587,4.816800,OK
2588,4.587600,OK
2589,5.026700,OK
2590,4.883500,OK
2591,5.061900,OK
2592,5.003000,OK
2593,4.854500,OK
2594,4.794300,OK
2595,5.217000,OK
2596,4.696400,OK
2597,4.554200,OK
2598,5.182000,OK
2599,4.752100,OK
2600,4.986700,OK
2601,4.514400,OK
2602,5.086500,OK
2603,5.091300,OK
2604,5.175700,OK
2605,4.278100,OK
2606,4.654700,OK
2607,4.848800,OK
2608,4.860400,OK
2609,4.797000,OK
2610,4.902300,OK
2611,4.947300,OK
2612,4.615000,OK
2613,4.822500,OK
2614,4.779100,OK
2615,4.899000,OK
2616,4.657600,OK
2617,5.016900,OK
2618,4.810800,OK
2619,4.868000,OK
2620,5.099900,OK
2621,4.901500,OK
2622,5.452700,OK
2623,5.160100,OK
2624,4.860200,OK
2625,5.186500,OK
2626,4.899300,OK
2627,5.264300,OK
2628,4.618000,OK
2629,4.819100,OK
2630,5.199600,OK
2631,4.724000,OK
2632,5.322000,OK
2633,5.063800,OK
2634,4.895200,OK
2635,4.770200,OK
2636,4.704800,OK
2637,4.547800,OK
2638,4.627200,OK
2639,3.769500,OK
2640,3.746900,OK
2641,3.751400,OK
2642,4.097500,OK
2643,4.128000,OK
2644,3.823900,OK
2645,4.124100,OK
2646,4.595300,OK
2647,4.152400,OK
2648,4.113000,OK
2649,4.465000,OK
2650,3.710700,OK
2651,4.042900,OK
2652,4.537200,OK
2653,3.982300,OK
2654,3.890800,OK
2655,4.585300,OK
2656,3.819300,OK
2657,4.081700,OK
2658,4.282300,OK
2659,4.401300,OK
2660,4.430000,OK
2661,4.679100,OK
2662,3.854400,OK
2663,4.089600,OK
2664,4.849000,OK
2665,3.903600,OK
2666,4.139700,OK
2667,4.770500,OK
2668,3.955900,OK
2669,4.700900,OK
2670,3.901900,OK
2671,3.995200,OK
2672,4.951500,OK
2673,4.152100,OK
2674,3.866600,OK
2675,4.101700,OK
2676,5.093400,OK
2677,4.854200,OK
2678,4.942500,OK
2679,4.742900,OK
2680,5.018800,OK
2681,4.725900,OK
2682,4.718300,OK
2683,4.834600,OK
2684,4.065600,OK
2685,4.515500,OK
2686,4.783700,OK
2687,4.195300,OK
2688,4.082900,OK
2689,4.895800,OK
2690,5.024700,OK
2691,4.800800,OK
2692,4.642400,OK
2693,4.965900,OK
2694,5.038100,OK
2695,4.877300,OK
2696,4.191000,OK
2697,4.958100,OK
2698,4.856600,OK
2699,4.178700,OK
2700,4.310000,OK
2701,5.077900,OK
2702,4.666100,OK
2703,4.769100,OK
2704,5.211100,OK
2705,4.735300,OK
2706,4.996400,OK
2707,5.083900,OK
2708,4.697200,OK
2709,4.862200,OK
2710,4.312200,OK
2711,5.004800,OK
2712,4.865200,OK
2713,5.020100,OK
2714,5.047500,OK
2715,4.348700,OK
2716,4.887700,OK
2717,5.288900,OK
2718,5.046800,OK
2719,4.608100,OK
2720,5.188600,OK
2721,4.832000,OK
2722,4.721800,OK
2723,4.933800,OK
2724,5.406700,OK
2725,4.860600,OK
2726,4.695100,OK
2727,4.866200,OK
2728,5.102900,OK
2729,4.692400,OK
2730,4.810000,OK
2731,4.957600,OK
2732,4.888700,OK
2733,4.885300,OK
2734,4.908700,OK
2735,4.808000,OK
2736,4.834800,OK
2737,5.116800,OK
2738,4.905300,OK
2739,5.364700,OK
2740,3.798400,OK
2741,4.425000,OK
2742,4.377200,OK
2743,4.087600,OK
2744,5.414500,OK
2745,4.369700,OK
2746,3.995200,OK
2747,4.107700,OK
2748,4.037700,OK
2749,4.527000,OK
2750,3.842400,OK
2751,3.850700,OK
2752,4.732800,OK
2753,3.894400,OK
2754,4.778100,OK
2755,4.781100,OK
2756,4.016800,OK
2757,3.841600,OK
2758,3.704700,OK
2759,4.095500,OK
2760,4.852700,OK
2761,4.723900,OK
2762,3.929100,OK
2763,4.727900,OK
2764,4.762800,OK
2765,4.223400,OK
2766,4.901300,OK
2767,4.666500,OK
2768,4.886800,OK
2769,4.633500,OK
2770,4.787100,OK
2771,4.221900,OK
2772,4.801000,OK
2773,4.860000,OK
2774,4.194600,OK
2775,4.649400,OK
2776,4.943900,OK
2777,4.389600,OK
2778,4.837500,OK
2779,4.911700,OK
2780,4.533200,OK
2781,5.577200,OK
2782,4.330500,OK
2783,4.738300,OK
2784,4.838900,OK
2785,4.827600,OK
2786,4.774500,OK
2787,4.909900,OK
2788,4.998100,OK
2789,4.951100,OK
2790,4.971800,OK
2791,5.059700,OK
2792,4.931300,OK
2793,4.862600,OK
2794,5.052200,OK
2795,4.905800,OK
2796,5.658500,OK
2797,5.151400,OK
2798,5.396000,OK
2799,5.115100,OK
2800,4.778100,OK
2801,4.834900,OK
2802,4.679300,OK
2803,4.505600,OK
2804,5.134300,OK
2805,4.829800,OK
2806,4.741700,OK
2807,5.085800,OK
2808,4.923000,OK
2809,4.647000,OK
2810,5.027100,OK
2811,5.363600,OK
2812,4.943900,OK
2813,4.836600,OK
2814,5.041000,OK
2815,4.979500,OK
2816,5.261600,OK
2817,4.888200,OK
2818,5.117700,OK
2819,4.862700,OK
2820,5.106200,OK
2821,4.664700,OK
2822,4.904800,OK
2823,5.484600,OK
2824,4.596400,OK
2825,4.883900,OK
2826,4.841700,OK
2827,4.692300,OK
2828,5.112300,OK
2829,5.363700,OK
2830,4.885400,OK
2831,4.933600,OK
2832,5.123100,OK
2833,4.794400,OK
2834,4.737600,OK
2835,5.048800,OK
2836,3.902800,OK
2837,4.154400,OK
2838,3.809800,OK
2839,4.094600,OK
2840,4.678100,OK
2841,3.767900,OK
2842,4.105500,OK
2843,3.742200,OK
2844,3.795400,OK
2845,4.020800,OK
2846,4.336300,OK
2847,3.948000,OK
2848,4.189000,OK
2849,4.414000,OK
2850,4.278600,OK
2851,3.982200,OK
2852,4.497200,OK
2853,4.167100,OK
2854,3.941900,OK
2855,4.673000,OK
2856,4.099700,OK
2857,3.800300,OK
2858,4.657600,OK
2859,4.107900,OK
2860,4.842400,OK
2861,3.843600,OK
2862,4.758000,OK
2863,4.011500,OK
2864,4.109700,OK
2865,3.996200,OK
2866,3.914500,OK
2867,5.385400,OK
2868,4.245600,OK
2869,4.813400,OK
2870,4.038900,OK
2871,4.284700,OK
2872,4.639400,OK
2873,4.825800,OK
2874,4.079200,OK
2875,4.872400,OK
2876,4.633600,OK
2877,4.952300,OK
2878,4.184900,OK
2879,4.073000,OK
2880,4.872600,OK
2881,4.615700,OK
2882,4.898500,OK
2883,6.018600,OK
2884,4.964100,OK
2885,4.798000,OK
2886,4.309600,OK
2887,5.022200,OK
2888,4.774300,OK
2889,4.822200,OK
2890,4.938900,OK
2891,5.107300,OK
2892,4.131200,OK
2893,4.419400,OK
2894,4.356900,OK
2895,4.340200,OK
2896,4.261200,OK
2897,5.121600,OK
2898,4.855900,OK
2899,4.815800,OK
2900,4.981400,OK
2901,4.661800,OK
2902,4.882100,OK
2903,5.028600,OK
2904,4.819200,OK
2905,4.867700,OK
2906,4.564900,OK
2907,4.898800,OK
2908,4.781600,OK
2909,4.585000,OK
2910,4.880500,OK
2911,4.504000,OK
2912,4.394500,OK
2913,4.335500,OK
2914,4.900600,OK
2915,4.729300,OK
2916,5.295900,OK
2917,4.501700,OK
2918,4.635300,OK
2919,4.461300,OK
2920,4.789000,OK
2921,4.590600,OK
2922,4.535400,OK
2923,4.979300,OK
2924,5.065300,OK
2925,5.034700,OK
2926,5.544600,OK
2927,4.636900,OK
2928,4.667700,OK
2929,4.922100,OK
2930,4.802600,OK
2931,4.646700,OK
2932,5.108700,OK
2933,4.782500,OK
2934,5.327900,OK
2935,4.887400,OK
2936,5.120300,OK
2937,4.452700,OK
2938,4.432500,OK
2939,3.767800,OK
2940,3.859100,OK
2941,4.472900,OK
2942,4.030500,OK
2943,4.792800,OK
2944,4.565100,OK
2945,3.771600,OK
2946,4.782300,OK
2947,4.522000,OK
2948,3.835800,OK
2949,3.842400,OK
2950,3.824400,OK
2951,3.741900,OK
2952,3.943500,OK
2953,5.165800,OK
2954,4.787200,OK
2955,4.762700,OK
2956,4.812300,OK
2957,4.681800,OK
2958,3.851500,OK
2959,4.688800,OK
2960,3.824100,OK
2961,4.937100,OK
2962,4.510300,OK
2963,4.908800,OK
2964,4.092700,OK
2965,4.265600,OK
2966,4.745800,OK
2967,4.102300,OK
2968,4.106600,OK
2969,4.826800,OK
2970,4.030200,OK
2971,4.945500,OK
2972,4.837000,OK
2973,4.838700,OK
2974,4.872200,OK
2975,4.230700,OK
2976,4.995500,OK
2977,4.817700,OK
2978,4.862900,OK
2979,4.247800,OK
2980,4.938600,OK
2981,4.805900,OK
2982,4.270900,OK
2983,4.857300,OK
2984,4.831500,OK
2985,4.071000,OK
2986,5.139500,OK
2987,4.800400,OK
2988,4.321100,OK
2989,4.977700,OK
2990,4.887900,OK
2991,4.906800,OK
2992,4.668800,OK
2993,4.635100,OK
2994,5.094100,OK
2995,4.663400,OK
2996,4.154200,OK
2997,4.718400,OK
2998,4.821200,OK
2999,5.153600,OK
3000,4.792100,OK
3001,4.746900,OK
3002,5.001500,OK
3003,4.866500,OK
3004,4.893200,OK
3005,4.756400,OK
3006,4.920200,OK
3007,5.038900,OK
3008,4.667500,OK
3009,4.951300,OK
3010,4.775400,OK
3011,4.866100,OK
3012,5.087100,OK
3013,5.076900,OK
3014,5.663500,OK
3015,4.617700,OK
3016,4.825200,OK
3017,4.787400,OK
3018,4.891700,OK
3019,4.778500,OK
3020,4.892200,OK
3021,4.579300,OK
3022,4.880200,OK
3023,4.613500,OK
3024,4.815600,OK
3025,5.073800,OK
3026,5.214400,OK
3027,4.934300,OK
3028,4.622600,OK
3029,4.527800,OK
3030,4.913900,OK
3031,5.113500,OK
3032,4.972500,OK
3033,4.859100,OK
3034,4.883200,OK
3035,4.558300,OK
3036,4.882600,OK
3037,5.125400,OK
3038,4.848200,OK
3039,4.733600,OK
3040,5.034500,OK
3041,5.433800,OK
3042,5.238700,OK
3043,4.721900,OK
3044,4.739300,OK
3045,4.953500,OK
3046,3.814100,OK
3047,5.690100,OK
3048,3.712800,OK
3049,4.620200,OK
3050,3.754900,OK
3051,4.199700,OK
3052,4.199100,OK
3053,3.796200,OK
3054,4.109500,OK
3055,4.319100,OK
3056,4.157900,OK
3057,4.665100,OK
3058,3.922300,OK
3059,3.984800,OK
3060,3.947700,OK
3061,3.997100,OK
3062,3.830000,OK
3063,3.975600,OK
3064,4.020800,OK
3065,4.471600,OK
3066,3.840900,OK
3067,4.467000,OK
3068,4.246400,OK
3069,3.885000,OK
3070,4.424000,OK
3071,4.011900,OK
3072,4.383700,OK
3073,4.185300,OK
3074,4.283900,OK
3075,4.098900,OK
3076,4.844600,OK
3077,4.722400,OK
3078,4.876600,OK
3079,4.668900,OK
3080,4.675100,OK
3081,4.964300,OK
3082,4.784800,OK
3083,4.643600,OK
3084,4.925400,OK
3085,4.791200,OK
3086,4.224500,OK
3087,4.082500,OK
3088,4.343200,OK
3089,4.759400,OK
3090,4.774000,OK
3091,4.378200,OK
3092,4.356500,OK
3093,4.261700,OK
3094,4.207200,OK
3095,4.377400,OK
3096,4.440300,OK
3097,4.330200,OK
3098,4.890600,OK
3099,4.902900,OK
3100,4.978500,OK
3101,4.648200,OK
3102,4.871500,OK
3103,4.700200,OK
3104,4.874200,OK
3105,4.840400,OK
3106,4.963800,OK
3107,4.798500,OK
3108,4.927000,OK
3109,6.040100,OK
3110,5.402300,OK
3111,4.675300,OK
3112,4.333300,OK
3113,4.863900,OK
3114,4.896800,OK
3115,4.885600,OK
3116,4.818800,OK
3117,5.262500,OK
3118,4.713400,OK
3119,4.888500,OK
3120,4.672600,OK
3121,4.772300,OK
3122,4.872600,OK
3123,4.674500,OK
3124,4.886500,OK
3125,4.936800,OK
3126,4.790500,OK
3127,4.845300,OK
3128,5.038800,OK
3129,4.822700,OK
3130,5.007200,OK
3131,4.634900,OK
3132,4.875800,OK
3133,4.963600,OK
3134,4.654000,OK
3135,5.015200,OK
3136,4.784000,OK
3137,4.646500,OK
3138,4.964600,OK
3139,4.918800,OK
3140,4.795600,OK
3141,4.695900,OK
3142,5.280700,OK
3143,5.816100,OK
3144,5.039700,OK
3145,4.834400,OK
3146,5.014000,OK
3147,4.735200,OK
3148,4.936800,OK
3149,3.968100,OK
3150,4.099300,OK
3151,3.962700,OK
3152,3.982900,OK
3153,4.103100,OK
3154,3.702300,OK
3155,4.175500,OK
3156,3.952700,OK
3157,3.828500,OK
3158,4.150700,OK
3159,4.106700,OK
3160,4.261200,OK
3161,4.271700,OK
3162,4.442100,OK
3163,3.671400,OK
3164,4.505500,OK
3165,4.363400,OK
3166,3.759000,OK
3167,4.149200,OK
3168,4.162700,OK
3169,3.985000,OK
3170,4.746900,OK
3171,4.629500,OK
3172,3.918700,OK
3173,4.046700,OK
3174,4.536900,OK
3175,4.122500,OK
3176,3.924800,OK
3177,4.671800,OK
3178,3.822600,OK
3179,4.784700,OK
3180,4.662500,OK
3181,4.715700,OK
3182,4.307600,OK
3183,4.721900,OK
3184,3.872600,OK
3185,4.626700,OK
3186,4.563200,OK
3187,4.869600,OK
3188,4.931700,OK
3189,4.730700,OK
3190,4.876300,OK
3191,4.003300,OK
3192,4.879100,OK
3193,4.889200,OK
3194,4.173200,OK
3195,4.704700,OK
3196,4.611100,OK
3197,4.075000,OK
3198,4.391500,OK
3199,5.042400,OK
3200,5.094400,OK
3201,4.852800,OK
3202,4.831400,OK
3203,4.966900,OK
3204,4.990100,OK
3205,4.606700,OK
3206,4.530800,OK
3207,5.043000,OK
3208,5.045600,OK
3209,4.750000,OK
3210,5.113600,OK
3211,4.213400,OK
3212,4.534600,OK
3213,4.271600,OK
3214,4.632000,OK
3215,4.174000,OK
3216,5.002500,OK
3217,4.304300,OK
3218,4.451400,OK
3219,4.638700,OK
3220,4.816700,OK
3221,4.510400,OK
3222,4.922700,OK
3223,4.603000,OK
3224,4.408600,OK
3225,4.271200,OK
3226,5.332000,OK
3227,5.151100,OK
3228,4.766200,OK
3229,4.913000,OK
3230,4.820700,OK
3231,5.085400,OK
3232,4.871400,OK
3233,4.904800,OK
3234,5.159800,OK
3235,5.075000,OK
3236,5.106000,OK
3237,4.930400,OK
3238,4.942600,OK
3239,4.687800,OK
3240,4.816900,OK
3241,5.127500,OK
3242,4.735300,OK
3243,4.740500,OK
3244,5.071900,OK
3245,4.858000,OK
3246,4.987200,OK
3247,5.476700,OK
3248,5.526500,OK
3249,5.204600,OK
3250,4.658000,OK
3251,5.473900,OK
3252,5.042800,OK
3253,5.377200,OK
3254,5.351600,OK
3255,3.931100,OK
3256,4.460100,OK
3257,3.813000,OK
3258,3.689200,OK
3259,4.444700,OK
3260,4.358300,OK
3261,3.829200,OK
3262,4.675500,OK
3263,4.146500,OK
3264,3.902800,OK
3265,4.578600,OK
3266,4.326000,OK
3267,4.356800,OK
3268,4.244500,OK
3269,4.103300,OK
3270,4.402200,OK
3271,4.296900,OK
3272,3.962200,OK
3273,3.935000,OK
3274,3.890900,OK
3275,4.701000,OK
3276,4.673800,OK
3277,4.687600,OK
3278,4.349700,OK
3279,4.577700,OK
3280,4.330400,OK
3281,4.735900,OK
3282,4.176700,OK
3283,4.465500,OK
3284,4.799300,OK
3285,4.127600,OK
3286,4.787600,OK
3287,3.966100,OK
3288,4.909400,OK
3289,3.980700,OK
3290,4.060300,OK
3291,4.656300,OK
3292,4.730600,OK
3293,4.908400,OK
3294,4.555000,OK
3295,4.924500,OK
3296,4.856400,OK
3297,5.020600,OK
3298,4.827700,OK
3299,4.989800,OK
3300,4.040400,OK
3301,4.785400,OK
3302,4.995700,OK
3303,5.097700,OK
3304,5.485600,OK
3305,4.129400,OK
3306,4.706100,OK
3307,4.326900,OK
3308,4.335500,OK
3309,4.183900,OK
3310,5.047200,OK
3311,4.750700,OK
3312,4.609100,OK
3313,4.846200,OK
3314,4.871800,OK
3315,4.825000,OK
3316,4.611400,OK
3317,4.678700,OK
3318,4.837000,OK
3319,4.808200,OK
3320,5.109000,OK
3321,5.008600,OK
3322,4.950000,OK
3323,5.129800,OK
3324,4.585900,OK
3325,5.113200,OK
3326,4.902700,OK
3327,4.429000,OK
3328,5.065900,OK
3329,5.203000,OK
3330,4.458700,OK
3331,4.585400,OK
3332,4.503500,OK
3333,4.643000,OK
3334,4.565000,OK
3335,4.785000,OK
3336,4.974800,OK
3337,4.232400,OK
3338,5.054600,OK
3339,5.082400,OK
3340,4.927000,OK
3341,4.932200,OK
3342,5.440400,OK
3343,4.927900,OK
3344,4.808300,OK
3345,4.779600,OK
3346,5.246200,OK
3347,4.955800,OK
3348,5.569800,OK
3349,4.854300,OK
3350,5.262700,OK
3351,4.703200,OK
3352,5.049300,OK
3353,4.729900,OK
3354,5.011500,OK
3355,4.970000,OK
3356,4.814200,OK
3357,4.982900,OK
3358,5.071300,OK
3359,4.858900,OK
3360,5.066800,OK
3361,3.979000,OK
3362,4.049900,OK
3363,3.912200,OK
3364,4.118700,OK
3365,3.864600,OK
3366,4.045100,OK
3367,4.605800,OK
3368,3.740600,OK
3369,4.075000,OK
3370,4.747600,OK
3371,4.682600,OK
3372,3.854700,OK
3373,4.324300,OK
3374,3.748400,OK
3375,3.934900,OK
3376,4.233500,OK
3377,4.040900,OK
3378,3.852000,OK
3379,3.903000,OK
3380,4.014500,OK
3381,3.795000,OK
3382,4.387000,OK
3383,4.425500,OK
3384,3.926000,OK
3385,3.838200,OK
3386,4.132800,OK
3387,4.750800,OK
3388,4.780400,OK
3389,4.639900,OK
3390,4.862200,OK
3391,4.609000,OK
3392,4.300200,OK
3393,4.222700,OK
3394,3.955600,OK
3395,4.831000,OK
3396,4.988300,OK
3397,4.560100,OK
3398,4.049300,OK
3399,4.056800,OK
3400,5.062300,OK
3401,4.074600,OK
3402,4.627000,OK
3403,4.729400,OK
3404,4.909400,OK
3405,4.778700,OK
3406,4.937000,OK
3407,4.977300,OK
3408,5.072600,OK
3409,5.573600,OK
3410,4.238300,OK
3411,4.950900,OK
3412,4.794300,OK
3413,4.642700,OK
3414,5.198300,OK
3415,5.162300,OK
3416,4.639700,OK
3417,4.723300,OK
3418,4.115800,OK
3419,4.790500,OK
3420,4.917900,OK
3421,5.093600,OK
3422,4.690800,OK
3423,5.159100,OK
3424,4.612700,OK
3425,4.853700,OK
3426,4.970200,OK
3427,4.833000,OK
3428,4.289200,OK
3429,5.119800,OK
3430,4.168900,OK
3431,4.302800,OK
3432,4.368500,OK
3433,4.796600,OK
3434,4.595200,OK
3435,4.983700,OK
3436,4.901600,OK
3437,4.607400,OK
3438,5.041300,OK
3439,4.633200,OK
3440,4.802900,OK
3441,4.631900,OK
3442,4.861300,OK
3443,4.943700,OK
3444,4.679000,OK
3445,4.395300,OK
3446,4.262900,OK
3447,5.078700,OK
3448,4.624400,OK
3449,5.037500,OK
3450,4.785900,OK
3451,4.790200,OK
3452,4.732500,OK
3453,4.997400,OK
3454,4.506000,OK
3455,5.194500,OK
3456,4.764300,OK
3457,5.171100,OK
3458,4.894000,OK
3459,4.750200,OK
3460,5.257100,OK
3461,4.653500,OK
3462,4.783100,OK
3463,4.954400,OK
3464,4.833200,OK
3465,4.797800,OK
3466,5.440700,OK
3467,4.786900,OK
3468,4.786700,OK
3469,4.824000,OK
3470,4.788400,OK
3471,5.085600,OK
3472,4.821300,OK
3473,4.966100,OK
3474,4.952000,OK
3475,3.917300,OK
3476,5.000900,OK
3477,4.706500,OK
3478,4.861500,OK
3479,3.836500,OK
3480,3.860400,OK
3481,3.972800,OK
3482,3.773800,OK
3483,4.661300,OK
3484,5.680100,OK
3485,3.866500,OK
3486,4.600500,OK
3487,4.455000,OK
3488,3.953500,OK
3489,3.740000,OK
3490,4.663100,OK
3491,4.065900,OK
3492,3.794400,OK
3493,4.768000,OK
3494,3.908900,OK
3495,4.720000,OK
3496,3.831300,OK
3497,3.957900,OK
3498,3.824200,OK
3499,4.765600,OK
3500,4.844300,OK
3501,4.733400,OK
3502,3.853000,OK
3503,4.823800,OK
3504,3.962300,OK
3505,4.011200,OK
3506,4.016300,OK
3507,4.134400,OK
3508,3.876700,OK
3509,3.883700,OK
3510,4.112200,OK
3511,4.766900,OK
3512,4.911600,OK
3513,4.266300,OK
3514,4.742700,OK
3515,4.089300,OK
3516,3.977300,OK
3517,4.535800,OK
3518,4.246200,OK
3519,4.578000,OK
3520,4.497800,OK
3521,4.385600,OK
3522,4.178500,OK
3523,4.235300,OK
3524,4.886300,OK
3525,4.874300,OK
3526,4.113200,OK
3527,4.874500,OK
3528,5.123700,OK
3529,4.723400,OK
3530,5.017000,OK
3531,4.725300,OK
3532,4.747900,OK
3533,4.891100,OK
3534,5.082400,OK
3535,4.427400,OK
3536,4.857400,OK
3537,4.242800,OK
3538,4.882800,OK
3539,4.745300,OK
3540,4.145300,OK
3541,5.065600,OK
3542,4.648500,OK
3543,5.051800,OK
3544,4.945200,OK
3545,4.721700,OK
3546,4.706900,OK
3547,4.727000,OK
3548,4.810300,OK
3549,4.758400,OK
3550,4.725800,OK
3551,4.764100,OK
3552,4.947200,OK
3553,4.721200,OK
3554,4.230100,OK
3555,5.039200,OK
3556,4.658500,OK
3557,5.116200,OK
3558,4.583900,OK
3559,5.082200,OK
3560,4.674400,OK
3561,4.735400,OK
3562,4.961300,OK
3563,4.546300,OK
3564,4.880500,OK
3565,5.050700,OK
3566,4.777000,OK
3567,4.755800,OK
3568,4.892200,OK
3569,4.560000,OK
3570,4.817400,OK
3571,5.168800,OK
3572,4.931600,OK
3573,5.129400,OK
3574,4.645300,OK
3575,4.804000,OK
3576,5.028400,OK
3577,4.738300,OK
3578,5.196100,OK
3579,4.946100,OK
3580,5.073300,OK
3581,5.177100,OK
3582,4.926700,OK
3583,5.054400,OK
3584,5.400700,OK
3585,5.611900,OK
3586,5.678000,OK
3587,5.549000,OK
3588,4.715800,OK
3589,4.781300,OK
3590,4.326000,OK
3591,4.568500,OK
3592,4.166800,OK
3593,3.809800,OK
3594,3.842700,OK
3595,4.096300,OK
3596,3.776600,OK
3597,4.842000,OK
3598,4.401600,OK
3599,3.735700,OK
3600,3.950000,OK
3601,4.080500,OK
3602,4.000300,OK
3603,3.920100,OK
3604,4.117300,OK
3605,4.252500,OK
3606,3.827100,OK
3607,4.159400,OK
3608,4.269200,OK
3609,4.352000,OK
3610,4.345300,OK
3611,4.351900,OK
3612,4.809500,OK
3613,3.855800,OK
3614,3.916300,OK
3615,3.900000,OK
3616,5.536400,OK
3617,4.302000,OK
3618,3.870300,OK
3619,3.982900,OK
3620,4.354400,OK
3621,4.262700,OK
3622,4.218900,OK
3623,4.122100,OK
3624,4.860600,OK
3625,4.808500,OK
3626,4.010300,OK
3627,4.965000,OK
3628,4.597700,OK
3629,4.873800,OK
3630,4.813300,OK
3631,4.647800,OK
3632,4.569600,OK
3633,4.134500,OK
3634,6.527200,OK
3635,4.438800,OK
3636,4.892800,OK
3637,4.499600,OK
3638,4.593200,OK
3639,4.630700,OK
3640,4.858400,OK
3641,4.835000,OK
3642,4.139000,OK
3643,3.978300,OK
3644,4.903000,OK
3645,4.556600,OK
3646,4.834600,OK
3647,4.925700,OK
3648,4.754900,OK
3649,4.849800,OK
3650,4.818000,OK
3651,5.875400,OK
3652,4.476000,OK
3653,4.837500,OK
3654,4.912800,OK
3655,4.926900,OK
3656,4.817800,OK
3657,4.359300,OK
3658,5.137200,OK
3659,4.888200,OK
3660,4.715600,OK
3661,5.036200,OK
3662,4.905500,OK
3663,4.616600,OK
3664,5.111900,OK
3665,4.375900,OK
3666,4.947400,OK
3667,4.746500,OK
3668,4.881700,OK
3669,5.146600,OK
3670,4.974000,OK
3671,4.875900,OK
3672,4.894000,OK
3673,5.381900,OK
3674,4.790500,OK
3675,4.590800,OK
3676,4.859400,OK
3677,5.036900,OK
3678,4.601700,OK
3679,4.820200,OK
3680,4.935500,OK
3681,4.565700,OK
3682,5.004800,OK
3683,4.959800,OK
3684,5.650200,OK
3685,5.120000,OK
3686,4.684800,OK
3687,4.948700,OK
3688,4.991300,OK
3689,4.626900,OK
3690,4.889600,OK
3691,5.290600,OK
3692,5.693600,OK
3693,5.191100,OK
3694,4.570800,OK
3695,4.940600,OK
3696,5.371900,OK
3697,4.862800,OK
3698,4.717700,OK
3699,5.043100,OK
3700,4.192900,OK
3701,4.767100,OK
3702,4.761900,OK
3703,4.884500,OK
3704,5.033000,OK
3705,4.877400,OK
3706,4.850000,OK
3707,4.924300,OK
3708,4.958100,OK
3709,4.435600,OK
3710,4.221000,OK
3711,3.864600,OK
3712,4.616900,OK
3713,3.743000,OK
3714,3.972800,OK
3715,4.641700,OK
3716,4.240400,OK
3717,3.836200,OK
3718,4.593900,OK
3719,4.190100,OK
3720,3.821400,OK
3721,4.505100,OK
3722,4.075700,OK
3723,3.782900,OK
3724,4.725200,OK
3725,4.103700,OK
3726,4.662300,OK
3727,4.396200,OK
3728,4.133500,OK
3729,4.694000,OK
3730,4.739700,OK
3731,4.009000,OK
3732,4.742000,OK
3733,4.735100,OK
3734,3.986900,OK
3735,3.982900,OK
3736,3.879900,OK
3737,4.663900,OK
3738,3.954200,OK
3739,3.911800,OK
3740,4.448200,OK
3741,3.991400,OK
3742,3.966300,OK
3743,4.031700,OK
3744,4.282800,OK
3745,4.687800,OK
3746,4.591500,OK
3747,4.083300,OK
3748,4.763300,OK
3749,4.882900,OK
3750,3.995000,OK
3751,4.129000,OK
3752,4.832100,OK
3753,4.694800,OK
3754,3.975800,OK
3755,3.831900,OK
3756,4.820800,OK
3757,4.178000,OK
3758,4.922300,OK
3759,4.176900,OK
3760,4.867100,OK
3761,4.787400,OK
3762,4.139100,OK
3763,4.803700,OK
3764,4.910200,OK
3765,4.925900,OK
3766,4.829400,OK
3767,4.839800,OK
3768,5.027600,OK
3769,4.845300,OK
3770,5.026000,OK
3771,4.811100,OK
3772,4.856500,OK
3773,4.378000,OK
3774,4.199700,OK
3775,4.873100,OK
3776,4.190400,OK
3777,4.841000,OK
3778,4.319400,OK
3779,5.180900,OK
3780,4.877500,OK
3781,4.758700,OK
3782,5.143900,OK
3783,4.797800,OK
3784,4.878000,OK
3785,5.035200,OK
3786,5.226900,OK
3787,4.982800,OK
3788,5.120200,OK
3789,4.576000,OK
3790,4.922800,OK
3791,4.868500,OK
3792,4.847300,OK
3793,4.373600,OK
3794,4.361300,OK
3795,4.834500,OK
3796,5.434600,OK
3797,4.894200,OK
3798,4.952800,OK
3799,4.984700,OK
3800,4.764100,OK
3801,4.938900,OK
3802,5.187100,OK
3803,4.839000,OK
3804,4.595300,OK
3805,5.108400,OK
3806,5.209900,OK
3807,5.268300,OK
3808,4.875400,OK
3809,4.450800,OK
3810,4.505600,OK
3811,5.136500,OK
3812,4.931500,OK
3813,5.404200,OK
3814,5.254900,OK
3815,4.813900,OK
3816,5.598700,OK
3817,4.751100,OK
3818,4.651300,OK
3819,4.780900,OK
3820,4.869400,OK
3821,4.782600,OK
3822,3.846200,OK
3823,3.976300,OK
3824,3.892700,OK
3825,3.752200,OK
3826,4.307000,OK
3827,4.452700,OK
3828,4.585400,OK
3829,4.642200,OK
3830,4.090100,OK
3831,3.863800,OK
3832,4.708800,OK
3833,3.869300,OK
3834,4.702200,OK
3835,3.907400,OK
3836,4.640400,OK
3837,3.878100,OK
3838,4.651300,OK
3839,3.947500,OK
3840,3.899500,OK
3841,5.532800,OK
3842,3.766600,OK
3843,3.887500,OK
3844,4.685800,OK
3845,3.882400,OK
3846,4.704900,OK
3847,4.760300,OK
3848,4.050500,OK
3849,4.777300,OK
3850,4.744100,OK
3851,4.041300,OK
3852,3.885000,OK
3853,3.925400,OK
3854,4.745600,OK
3855,4.085200,OK
3856,4.753400,OK
3857,4.843100,OK
3858,4.591800,OK
3859,5.298800,OK
3860,4.668700,OK
3861,4.625100,OK
3862,3.900100,OK
3863,3.968200,OK
3864,4.907000,OK
3865,4.880000,OK
3866,4.981700,OK
3867,4.051800,OK
3868,4.811500,OK
3869,4.147800,OK
3870,4.832900,OK
3871,4.788600,OK
3872,4.364500,OK
3873,4.788900,OK
3874,4.919000,OK
3875,4.648300,OK
3876,4.945800,OK
3877,4.906200,OK
3878,5.059400,OK
3879,5.325200,OK
3880,4.297800,OK
3881,4.749200,OK
3882,4.918900,OK
3883,4.181300,OK
3884,5.238600,OK
3885,4.888700,OK
3886,4.282400,OK
3887,4.804500,OK
3888,4.378700,OK
3889,4.960800,OK
3890,4.982900,OK
3891,4.701400,OK
3892,5.118400,OK
3893,4.897300,OK
3894,4.782400,OK
3895,4.709300,OK
3896,4.353200,OK
3897,5.016100,OK
3898,4.881500,OK
3899,4.777900,OK
3900,4.787100,OK
3901,4.897000,OK
3902,5.241100,OK
3903,4.677400,OK
3904,5.102900,OK
3905,5.158200,OK
3906,4.845100,OK
3907,4.882800,OK
3908,5.067100,OK
3909,4.846500,OK
3910,4.190500,OK
3911,4.815200,OK
3912,4.630400,OK
3913,4.331700,OK
3914,5.227400,OK
3915,4.839800,OK
3916,4.827300,OK
3917,4.644700,OK
3918,6.199700,OK
3919,4.753600,OK
3920,5.170700,OK
3921,4.696000,OK
3922,4.691100,OK
3923,4.723500,OK
3924,4.879200,OK
3925,5.423700,OK
3926,4.899200,OK
3927,4.807600,OK
3928,5.025500,OK
3929,4.985700,OK
3930,4.549300,OK
3931,4.844900,OK
3932,4.833300,OK
3933,5.048900,OK
3934,4.823800,OK
3935,5.021600,OK
3936,5.259000,OK
3937,5.196100,OK
3938,5.433200,OK
3939,5.563500,OK
3940,4.947400,OK
3941,4.901100,OK
3942,5.043300,OK
3943,4.036200,OK
3944,3.919200,OK
3945,3.978700,OK
3946,4.038000,OK
3947,4.044100,OK
3948,4.103700,OK
3949,4.463600,OK
3950,3.845700,OK
3951,3.998600,OK
3952,4.061500,OK
3953,4.192200,OK
3954,3.848000,OK
3955,4.426200,OK
3956,4.052200,OK
3957,4.280400,OK
3958,4.183400,OK
3959,3.986800,OK
3960,4.037100,OK
3961,4.217300,OK
3962,4.138500,OK
3963,4.226500,OK
3964,4.074800,OK
3965,4.422900,OK
3966,4.221100,OK
3967,4.312400,OK
3968,3.822100,OK
3969,4.094600,OK
3970,4.517800,OK
3971,3.863200,OK
3972,4.574200,OK
3973,4.851100,OK
3974,4.836200,OK
3975,4.793500,OK
3976,3.950500,OK
3977,4.825500,OK
3978,4.183300,OK
3979,4.670900,OK
3980,4.767800,OK
3981,4.188900,OK
3982,4.843200,OK
3983,3.909200,OK
3984,4.750400,OK
3985,4.777900,OK
3986,4.658300,OK
3987,4.917600,OK
3988,4.007800,OK
3989,4.137600,OK
3990,4.037500,OK
3991,4.098600,OK
3992,4.858000,OK
3993,4.205600,OK
3994,4.268900,OK
3995,4.929000,OK
3996,5.039800,OK
3997,4.813300,OK
3998,4.915400,OK
3999,4.992500,OK
4000,4.794500,OK
4001,4.868300,OK
4002,4.757600,OK
4003,4.944000,OK
4004,4.907900,OK
4005,4.870800,OK
4006,4.644200,OK
4007,4.185300,OK
4008,4.899900,OK
4009,4.761900,OK
4010,5.106800,OK
4011,5.016300,OK
4012,4.553000,OK
4013,4.837200,OK
4014,4.462500,OK
4015,5.012000,OK
4016,4.830200,OK
4017,4.703700,OK
4018,4.810200,OK
4019,4.861300,OK
4020,4.273700,OK
4021,4.689600,OK
4022,4.787000,OK
4023,4.899900,OK
4024,4.985600,OK
4025,4.650300,OK
4026,4.775900,OK
4027,5.130300,OK
4028,4.804700,OK
4029,4.941600,OK
4030,4.514100,OK
4031,4.883300,OK
4032,5.083900,OK
4033,5.115300,OK
4034,4.973400,OK
4035,4.926200,OK
4036,4.630700,OK
4037,4.962300,OK
4038,4.476500,OK
4039,5.590000,OK
4040,5.036800,OK
4041,4.739800,OK
4042,4.908300,OK
4043,4.439200,OK
4044,4.807700,OK
4045,4.895700,OK
4046,4.665800,OK
4047,4.820900,OK
4048,4.221100,OK
4049,5.407500,OK
4050,5.112800,OK
4051,5.337800,OK
4052,4.740700,OK
4053,4.822400,OK
4054,4.692100,OK
4055,4.888100,OK
4056,5.466900,OK
4057,5.233800,OK
4058,4.990100,OK
4059,4.969400,OK
4060,4.800800,OK
4061,4.939600,OK
4062,4.797500,OK
4063,4.793700,OK
4064,4.840600,OK
4065,4.673500,OK
4066,5.330400,OK
4067,4.935100,OK
4068,5.010100,OK
4069,4.903600,OK
4070,5.132900,OK
4071,4.862600,OK
4072,4.855300,OK
4073,5.028200,OK
4074,3.955100,OK
4075,3.692000,OK
4076,4.069800,OK
4077,3.888400,OK
4078,3.737700,OK
4079,3.887000,OK
4080,3.829700,OK
4081,4.702400,OK
4082,3.895700,OK
4083,3.959200,OK
4084,3.988600,OK
4085,4.163900,OK
4086,3.862300,OK
4087,4.472000,OK
4088,3.944900,OK
4089,4.733200,OK
4090,4.679600,OK
4091,4.529500,OK
4092,4.135000,OK
4093,4.369900,OK
4094,4.350500,OK
4095,4.309000,OK
4096,4.369100,OK
4097,4.388700,OK
4098,4.201100,OK
4099,4.545400,OK
4100,4.396100,OK
4101,4.538500,OK
4102,3.996900,OK
4103,4.370700,OK
4104,4.114200,OK
4105,3.970400,OK
4106,3.944000,OK
4107,4.622900,OK
4108,4.683100,OK
4109,4.866100,OK
4110,3.891600,OK
4111,4.845400,OK
4112,3.912600,OK
4113,3.978000,OK
4114,4.404300,OK
4115,4.773600,OK
4116,3.987800,OK
4117,4.038600,OK
4118,4.180100,OK
4119,4.680400,OK
4120,4.848900,OK
4121,4.163100,OK
4122,4.798100,OK
4123,4.852400,OK
4124,4.829200,OK
4125,4.199600,OK
4126,4.982600,OK
4127,4.922400,OK
4128,4.452200,OK
4129,4.072000,OK
4130,4.902300,OK
4131,4.994800,OK
4132,4.043900,OK
4133,5.011200,OK
4134,4.266700,OK
4135,4.242500,OK
4136,4.792100,OK
4137,4.863600,OK
4138,5.083300,OK
4139,4.584000,OK
4140,4.605700,OK
4141,4.356900,OK
4142,4.325100,OK
4143,4.269700,OK
4144,4.966800,OK
4145,4.763600,OK
4146,4.699900,OK
4147,5.005700,OK
4148,5.044300,OK
4149,4.666300,OK
4150,5.063100,OK
4151,5.028200,OK
4152,5.030800,OK
4153,4.617000,OK
4154,4.906400,OK
4155,4.910100,OK
4156,5.092500,OK
4157,5.005500,OK
4158,4.780800,OK
4159,4.943000,OK
4160,4.851300,OK
4161,4.690300,OK
4162,4.690900,OK
4163,5.038200,OK
4164,4.871100,OK
4165,4.918800,OK
4166,5.100300,OK
4167,5.243500,OK
4168,4.816400,OK
4169,4.728900,OK
4170,4.946600,OK
4171,4.461800,OK
4172,5.013500,OK
4173,4.841400,OK
4174,4.792900,OK
4175,4.843700,OK
4176,4.785100,OK
4177,4.591500,OK
4178,4.959600,OK
4179,4.639800,OK
4180,4.917200,OK
4181,4.736400,OK
4182,5.028300,OK
4183,4.771000,OK
4184,4.750500,OK
4185,4.768800,OK
4186,4.869800,OK
4187,4.818800,OK
4188,5.413400,OK
4189,5.133100,OK
4190,5.229800,OK
4191,4.812700,OK
4192,5.065700,OK
4193,4.840800,OK
4194,4.838800,OK
4195,4.972700,OK
4196,5.149100,OK
4197,4.754000,OK
4198,4.860000,OK
4199,5.155000,OK
4200,5.049600,OK
4201,4.881900,OK
4202,4.797600,OK
4203,3.981000,OK
4204,4.044300,OK
4205,3.608000,OK
4206,4.343500,OK
4207,3.886100,OK
4208,3.794800,OK
4209,3.968100,OK
4210,4.057500,OK
4211,4.436700,OK
4212,3.972400,OK
4213,3.834000,OK
4214,4.168100,OK
4215,3.767400,OK
4216,3.923000,OK
4217,4.557500,OK
4218,3.887700,OK
4219,3.928100,OK
4220,4.305100,OK
4221,4.676800,OK
4222,3.965700,OK
4223,4.672000,OK
4224,3.819100,OK
4225,3.927400,OK
4226,4.554000,OK
4227,4.669500,OK
4228,3.996100,OK
4229,4.657400,OK
4230,4.484900,OK
4231,3.933800,OK
4232,4.607600,OK
4233,4.677500,OK
4234,4.434400,OK
4235,4.893700,OK
4236,3.928600,OK
4237,4.598800,OK
4238,3.972500,OK
4239,4.794000,OK
4240,4.881700,OK
4241,5.854200,OK
4242,4.121600,OK
4243,4.696000,OK
4244,4.824000,OK
4245,4.339600,OK
4246,4.761200,OK
4247,4.945200,OK
4248,5.281700,OK
4249,4.346300,OK
4250,4.854400,OK
4251,4.677400,OK
4252,4.904800,OK
4253,4.264800,OK
4254,4.890500,OK
4255,5.081900,OK
4256,4.737300,OK
4257,4.428000,OK
4258,5.176400,OK
4259,5.112700,OK
4260,4.160800,OK
4261,4.270200,OK
4262,4.260000,OK
4263,4.381400,OK
4264,4.481200,OK
4265,4.451900,OK
4266,4.492800,OK
4267,4.535000,OK
4268,4.438400,OK
4269,4.361500,OK
4270,4.899700,OK
4271,4.932800,OK
4272,4.964900,OK
4273,4.408000,OK
4274,4.665900,OK
4275,4.894500,OK
4276,4.817900,OK
4277,5.055900,OK
4278,4.552400,OK
4279,4.276400,OK
4280,4.790500,OK
4281,4.712700,OK
4282,5.065500,OK
4283,5.078400,OK
4284,4.876300,OK
4285,4.735100,OK
4286,5.028900,OK
4287,5.098500,OK
4288,4.887300,OK
4289,4.646100,OK
4290,5.172100,OK
4291,4.972000,OK
4292,5.018400,OK
4293,4.895000,OK
4294,5.070200,OK
4295,5.217700,OK
4296,4.612100,OK
4297,5.250700,OK
4298,4.608300,OK
4299,4.780000,OK
4300,4.587600,OK
4301,5.098900,OK
4302,5.453100,OK
4303,5.133400,OK
4304,5.086500,OK
4305,5.318300,OK
4306,5.150100,OK
4307,5.356100,OK
4308,5.193200,OK
4309,4.873100,OK
4310,4.789200,OK
4311,4.780900,OK
4312,4.946400,OK
4313,5.004900,OK
4314,4.763100,OK
4315,5.532000,OK
4316,4.939800,OK
4317,5.345800,OK
4318,5.280600,OK
4319,4.487200,OK
4320,4.758800,OK
4321,3.679800,OK
4322,3.679000,OK
4323,3.648200,OK
4324,3.844200,OK
4325,3.639100,OK
4326,3.569000,OK
4327,4.435200,OK
4328,4.645600,OK
4329,3.812800,OK
4330,4.105700,OK
4331,4.625700,OK
4332,3.714100,OK
4333,3.898100,OK
4334,4.086400,OK
4335,3.702900,OK
4336,4.083500,OK
4337,4.348800,OK
4338,4.019900,OK
4339,4.005000,OK
4340,4.747800,OK
4341,3.950800,OK
4342,4.032800,OK
4343,3.847400,OK
4344,4.223500,OK
4345,3.940900,OK
4346,4.351300,OK
4347,4.013700,OK
4348,3.945500,OK
4349,4.737200,OK
4350,4.846800,OK
4351,4.809800,OK
4352,4.754400,OK
4353,4.710800,OK
4354,3.918400,OK
4355,4.911900,OK
4356,4.065500,OK
4357,3.931500,OK
4358,3.930200,OK
4359,4.781000,OK
4360,4.866400,OK
4361,4.801200,OK
4362,4.157600,OK
4363,4.597700,OK
4364,4.907100,OK
4365,4.217900,OK
4366,4.527600,OK
4367,4.120700,OK
4368,4.860500,OK
4369,4.901700,OK
4370,4.789800,OK
4371,4.849000,OK
4372,4.776900,OK
4373,4.943100,OK
4374,4.740400,OK
4375,4.991800,OK
4376,4.726400,OK
4377,4.619200,OK
4378,4.811800,OK
4379,4.882200,OK
4380,4.639000,OK
4381,4.892800,OK
4382,4.742200,OK
4383,4.910000,OK
4384,4.448200,OK
4385,4.751400,OK
4386,4.921800,OK
4387,5.054400,OK
4388,5.089100,OK
4389,5.964100,OK
4390,4.510100,OK
4391,4.976300,OK
4392,5.073300,OK
4393,5.070100,OK
4394,5.097400,OK
4395,4.730000,OK
4396,4.275200,OK
4397,4.910600,OK
4398,4.513300,OK
4399,4.302100,OK
4400,4.969000,OK
4401,4.966600,OK
4402,4.996400,OK
4403,4.613400,OK
4404,4.813600,OK
4405,4.645100,OK
4406,4.425000,OK
4407,4.868800,OK
4408,4.892800,OK
4409,4.730000,OK
4410,4.629400,OK
4411,4.975700,OK
4412,4.983100,OK
4413,4.938700,OK
4414,4.527400,OK
4415,4.802700,OK
4416,5.652700,OK
4417,4.939100,OK
4418,4.876500,OK
4419,4.819900,OK
4420,5.013900,OK
4421,5.209200,OK
4422,4.717700,OK
4423,5.321600,OK
4424,5.377000,OK
4425,5.489600,OK
4426,5.152500,OK
4427,4.823100,OK
4428,4.824900,OK
4429,4.681000,OK
4430,4.880500,OK
4431,5.225600,OK
4432,4.479400,OK
4433,4.899000,OK
4434,4.681700,OK
4435,4.921200,OK
4436,5.393700,OK
4437,4.552600,OK
4438,4.516100,OK
4439,3.553300,OK
4440,4.615400,OK
4441,3.644000,OK
4442,3.603000,OK
4443,3.476500,OK
4444,4.277200,OK
4445,4.420500,OK
4446,4.344500,OK
4447,4.441400,OK
4448,4.067600,OK
4449,4.359700,OK
4450,4.417700,OK
4451,4.038500,OK
4452,4.628800,OK
4453,4.125100,OK
4454,4.090100,OK
4455,3.883600,OK
4456,4.019800,OK
4457,4.664100,OK
4458,4.565600,OK
4459,3.926800,OK
4460,4.673800,OK
4461,3.820200,OK
4462,3.922500,OK
4463,3.872600,OK
4464,4.774100,OK
4465,3.920200,OK
4466,4.161200,OK
4467,4.303600,OK
4468,3.959500,OK
4469,3.911100,OK
4470,4.153900,OK
4471,4.149900,OK
4472,4.764800,OK
4473,4.892300,OK
4474,4.968500,OK
4475,4.703700,OK
4476,4.212800,OK
4477,4.706600,OK
4478,4.018300,OK
4479,4.867800,OK
4480,4.184900,OK
4481,4.396100,OK
4482,4.084300,OK
4483,4.764700,OK
4484,4.872600,OK
4485,4.030400,OK
4486,4.740200,OK
4487,4.200000,OK
4488,4.908500,OK
4489,4.734400,OK
4490,4.299800,OK
4491,4.875500,OK
4492,4.729600,OK
4493,4.801100,OK
4494,4.765300,OK
4495,4.739700,OK
4496,4.277600,OK
4497,4.352500,OK
4498,4.577600,OK
4499,4.672000,OK
4500,4.676400,OK
4501,4.695100,OK
4502,4.626000,OK
4503,4.244700,OK
4504,4.636000,OK
4505,4.487200,OK
4506,4.374700,OK
4507,4.759000,OK
4508,4.747500,OK
4509,5.175000,OK
4510,4.732500,OK
4511,4.876600,OK
4512,4.950200,OK
4513,4.757800,OK
4514,4.985300,OK
4515,4.650700,OK
4516,4.949200,OK
4517,5.090100,OK
4518,5.202100,OK
4519,5.107100,OK
4520,4.600900,OK
4521,4.847000,OK
4522,5.362500,OK
4523,5.295700,OK
4524,4.912000,OK
4525,5.022200,OK
4526,5.226700,OK
4527,4.952300,OK
4528,4.546400,OK
4529,5.078900,OK
4530,5.388400,OK
4531,4.987000,OK
4532,5.213700,OK
4533,5.513100,OK
4534,5.146800,OK
4535,4.763100,OK
4536,4.775800,OK
4537,4.781900,OK
4538,4.742300,OK
4539,4.904900,OK
4540,5.232700,OK
4541,5.079500,OK
4542,4.650400,OK
4543,4.719800,OK
4544,4.836300,OK
4545,5.229100,OK
4546,4.846700,OK
4547,5.122600,OK
4548,4.653300,OK
4549,4.887500,OK
4550,4.986200,OK
4551,4.712500,OK
4552,3.873800,OK
4553,3.780500,OK
4554,3.859800,OK
4555,3.923600,OK
4556,3.941500,OK
4557,3.846000,OK
4558,4.109800,OK
4559,4.546200,OK
4560,4.635100,OK
4561,3.886000,OK
4562,4.466300,OK
4563,4.609100,OK
4564,4.227200,OK
4565,4.414200,OK
4566,3.882600,OK
4567,3.849100,OK
4568,4.717100,OK
4569,4.724400,OK
4570,3.901100,OK
4571,3.914700,OK
4572,3.818300,OK
4573,4.062900,OK
4574,3.819200,OK
4575,4.222300,OK
4576,5.001600,OK
4577,3.812800,OK
4578,4.270800,OK
4579,4.810900,OK
4580,3.840200,OK
4581,4.246700,OK
4582,3.852500,OK
4583,3.923200,OK
4584,4.310100,OK
4585,4.783900,OK
4586,4.973400,OK
4587,4.758500,OK
4588,4.765500,OK
4589,4.591700,OK
4590,4.653500,OK
4591,4.468000,OK
4592,4.820200,OK
4593,4.292900,OK
4594,4.803600,OK
4595,3.969400,OK
4596,4.099400,OK
4597,4.503500,OK
4598,4.936100,OK
4599,4.158800,OK
4600,4.800100,OK
4601,5.011300,OK
4602,4.133500,OK
4603,4.085100,OK
4604,4.906000,OK
4605,4.253800,OK
4606,4.089500,OK
4607,4.948000,OK
4608,4.293600,OK
4609,4.854600,OK
4610,4.839500,OK
4611,5.031400,OK
4612,4.262700,OK
4613,4.272900,OK
4614,4.307300,OK
4615,4.549000,OK
4616,4.365100,OK
4617,4.336200,OK
4618,4.337700,OK
4619,4.487100,OK
4620,5.049400,OK
4621,4.298200,OK
4622,4.431300,OK
4623,4.960700,OK
4624,4.834600,OK
4625,4.866500,OK
4626,4.538200,OK
4627,4.667600,OK
4628,4.858400,OK
4629,4.230900,OK
4630,4.865600,OK
4631,5.062400,OK
4632,5.040000,OK
4633,4.972400,OK
4634,4.807800,OK
4635,5.038100,OK
4636,4.898200,OK
4637,5.185700,OK
4638,4.658600,OK
4639,4.996900,OK
4640,4.742500,OK
4641,4.622500,OK
4642,4.725200,OK
4643,4.993200,OK
4644,5.134300,OK
4645,5.212300,OK
4646,4.944200,OK
4647,4.733000,OK
4648,4.825600,OK
4649,4.744200,OK
4650,4.728000,OK
4651,5.196100,OK
4652,5.219400,OK
4653,4.811000,OK
4654,5.148500,OK
4655,4.845400,OK
4656,5.476800,OK
4657,5.616700,OK
4658,4.620400,OK
4659,5.040700,OK
4660,4.877700,OK
4661,5.072500,OK
4662,4.853100,OK
4663,5.330300,OK
4664,5.239000,OK
4665,4.407100,OK
4666,4.514700,OK
4667,4.650900,OK
4668,3.767100,OK
4669,4.279100,OK
4670,4.260800,OK
4671,4.347000,OK
4672,4.164500,OK
4673,3.833700,OK
4674,3.729900,OK
4675,3.959500,OK
4676,3.800400,OK
4677,4.222700,OK
4678,3.694300,OK
4679,3.983000,OK
4680,3.908400,OK
4681,3.752000,OK
4682,5.270000,OK
4683,4.287200,OK
4684,4.218400,OK
4685,3.782200,OK
4686,4.501200,OK
4687,4.829400,OK
4688,4.733000,OK
4689,4.793900,OK
4690,4.138300,OK
4691,3.957700,OK
4692,4.810600,OK
4693,4.635700,OK
4694,3.986900,OK
4695,4.925000,OK
4696,4.725500,OK
4697,4.856300,OK
4698,4.539600,OK
4699,4.899100,OK
4700,4.738700,OK
4701,4.188200,OK
4702,4.864500,OK
4703,4.748500,OK
4704,4.945300,OK
4705,4.970600,OK
4706,4.613200,OK
4707,5.046700,OK
4708,4.706000,OK
4709,4.821100,OK
4710,4.647400,OK
4711,4.719400,OK
4712,4.925700,OK
4713,4.708400,OK
4714,4.092500,OK
4715,4.950000,OK
4716,4.529700,OK
4717,4.817500,OK
4718,4.985600,OK
4719,4.817600,OK
4720,4.925100,OK
4721,5.171100,OK
4722,5.013000,OK
4723,4.994700,OK
4724,5.103000,OK
4725,4.851200,OK
4726,4.891400,OK
4727,5.093500,OK
4728,5.100900,OK
4729,5.057000,OK
4730,4.748100,OK
4731,5.445000,OK
4732,4.611700,OK
4733,5.001300,OK
4734,5.027400,OK
4735,4.881100,OK
4736,4.861600,OK
4737,5.086600,OK
4738,5.104700,OK
4739,4.788600,OK
4740,5.083800,OK
4741,5.348300,OK
4742,4.414400,OK
4743,5.033300,OK
4744,4.908400,OK
4745,4.618200,OK
4746,4.944300,OK
4747,4.806700,OK
4748,4.840400,OK
4749,4.820100,OK
4750,4.889000,OK
4751,5.099200,OK
4752,4.816700,OK
4753,4.698000,OK
4754,5.168500,OK
4755,4.784900,OK
4756,4.683700,OK
4757,5.466900,OK
4758,5.462800,OK
4759,4.695600,OK
4760,4.732300,OK
4761,4.941800,OK
4762,5.010500,OK
4763,5.342600,OK
4764,4.856300,OK
4765,5.017100,OK
4766,4.874400,OK
4767,5.424200,OK
4768,4.470000,OK
4769,4.045900,OK
4770,4.479300,OK
4771,3.790800,OK
4772,4.165100,OK
4773,4.717800,OK
4774,4.213400,OK
4775,3.769300,OK
4776,3.878800,OK
4777,4.236500,OK
4778,3.842200,OK
4779,3.843900,OK
4780,3.822000,OK
4781,3.821500,OK
4782,3.912300,OK
4783,4.389500,OK
4784,4.744300,OK
4785,3.955100,OK
4786,4.312100,OK
4787,4.408100,OK
4788,4.529900,OK
4789,4.615600,OK
4790,4.482400,OK
4791,4.277600,OK
4792,4.259200,OK
4793,4.606400,OK
4794,4.343600,OK
4795,4.529200,OK
4796,4.510400,OK
4797,4.271200,OK
4798,4.240100,OK
4799,3.935500,OK
4800,4.130900,OK
4801,4.128300,OK
4802,4.195200,OK
4803,3.959100,OK
4804,4.908900,OK
4805,4.749600,OK
4806,4.098600,OK
4807,4.859000,OK
4808,4.713100,OK
4809,4.901400,OK
4810,4.825700,OK
4811,4.594700,OK
4812,4.201600,OK
4813,4.523000,OK
4814,4.009500,OK
4815,4.142800,OK
4816,4.714500,OK
4817,4.288500,OK
4818,4.150900,OK
4819,4.294200,OK
4820,4.865700,OK
4821,4.226700,OK
4822,4.934800,OK
4823,4.839900,OK
4824,4.125900,OK
4825,4.672700,OK
4826,4.805600,OK
4827,4.223500,OK
4828,4.667400,OK
4829,4.926400,OK
4830,4.735600,OK
4831,4.185000,OK
4832,4.456900,OK
4833,4.414700,OK
4834,4.375200,OK
4835,4.370800,OK
4836,5.096100,OK
4837,5.104300,OK
4838,4.823300,OK
4839,4.943200,OK
4840,4.777000,OK
4841,4.835400,OK
4842,5.047300,OK
4843,5.005100,OK
4844,4.299600,OK
4845,4.819300,OK
4846,4.838100,OK
4847,5.031600,OK
4848,4.841800,OK
4849,4.860000,OK
4850,4.932300,OK
4851,4.314300,OK
4852,5.208200,OK
4853,5.214300,OK
4854,4.717500,OK
4855,4.797300,OK
4856,5.209400,OK
4857,4.948300,OK
4858,4.741400,OK
4859,4.880100,OK
4860,4.925500,OK
4861,5.198800,OK
4862,5.437300,OK
4863,5.228500,OK
4864,4.967500,OK
4865,4.846600,OK
4866,4.591700,OK
4867,5.238200,OK
4868,4.720600,OK
4869,4.897500,OK
4870,4.986700,OK
4871,4.658800,OK
4872,4.999900,OK
4873,4.766400,OK
4874,5.435400,OK
4875,5.197500,OK
4876,4.873400,OK
4877,5.232700,OK
4878,5.109600,OK
4879,5.513600,OK
4880,5.284600,OK
4881,5.268500,OK
4882,3.870100,OK
4883,3.791200,OK
4884,3.801800,OK
4885,3.693000,OK
4886,3.976100,OK
4887,4.437500,OK
4888,3.760400,OK
4889,3.926900,OK
4890,4.714200,OK
4891,3.777300,OK
4892,3.935900,OK
4893,4.102300,OK
4894,4.056000,OK
4895,3.898300,OK
4896,4.054600,OK
4897,3.745500,OK
4898,3.840100,OK
4899,4.276100,OK
4900,3.799500,OK
4901,4.088200,OK
4902,3.989000,OK
4903,4.124300,OK
4904,3.797900,OK
4905,4.149500,OK
4906,4.136100,OK
4907,3.890900,OK
4908,4.386100,OK
4909,4.531400,OK
4910,4.658000,OK
4911,4.159900,OK
4912,4.658800,OK
4913,4.722700,OK
4914,4.874200,OK
4915,4.264800,OK
4916,3.841100,OK
4917,4.074500,OK
4918,4.057300,OK
4919,4.829800,OK
4920,5.122900,OK
4921,4.694500,OK
4922,4.656100,OK
4923,4.583200,OK
4924,4.090800,OK
4925,4.807700,OK
4926,4.951800,OK
4927,4.104100,OK
4928,4.917300,OK
4929,5.735400,OK
4930,4.963600,OK
4931,4.665300,OK
4932,4.870500,OK
4933,4.763100,OK
4934,4.648600,OK
4935,5.109200,OK
4936,4.412900,OK
4937,4.853300,OK
4938,4.644400,OK
4939,4.860700,OK
4940,4.125800,OK
4941,4.190100,OK
4942,5.065600,OK
4943,4.909100,OK
4944,4.259200,OK
4945,4.694400,OK
4946,5.086400,OK
4947,4.959500,OK
4948,4.829200,OK
4949,4.774800,OK
4950,4.855800,OK
4951,4.921100,OK
4952,4.674600,OK
4953,4.783000,OK
4954,4.976800,OK
4955,4.779400,OK
4956,4.719700,OK
4957,5.017500,OK
4958,4.568700,OK
4959,4.840700,OK
4960,4.962500,OK
4961,4.679700,OK
4962,4.918800,OK
4963,5.105900,OK
4964,5.027200,OK
4965,4.877500,OK
4966,5.318000,OK
4967,4.883200,OK
4968,5.587800,OK
4969,5.112700,OK
4970,5.090000,OK
4971,4.537000,OK
4972,4.667900,OK
4973,4.754900,OK
4974,5.009400,OK
4975,4.926200,OK
4976,4.842300,OK
4977,4.549500,OK
4978,4.923600,OK
4979,4.559600,OK
4980,5.469700,OK
4981,4.736800,OK
4982,4.812800,OK
4983,4.751800,OK
4984,5.047500,OK
4985,4.932900,OK
4986,5.277900,OK
4987,4.811700,OK
4988,5.008500,OK
4989,4.746500,OK
4990,3.907500,OK
4991,4.161100,OK
4992,3.717000,OK
4993,4.020400,OK
4994,3.947200,OK
4995,3.815600,OK
4996,4.142100,OK
4997,3.780500,OK
4998,4.697500,OK
4999,3.995900,OK
5000,4.621300,OK
5001,4.615700,OK
5002,3.829000,OK
5003,3.994600,OK
5004,4.095500,OK
5005,4.395300,OK
5006,4.279200,OK
5007,4.204400,OK
5008,4.063200,OK
5009,3.990100,OK
5010,4.122400,OK
5011,3.880200,OK
5012,4.282000,OK
5013,4.543800,OK
5014,4.732300,OK
5015,3.986900,OK
5016,3.800300,OK
5017,4.047000,OK
5018,3.813400,OK
5019,3.959700,OK
5020,4.823900,OK
5021,3.992800,OK
5022,4.840800,OK
5023,4.856200,OK
5024,4.889900,OK
5025,4.793200,OK
5026,4.800000,OK
5027,4.838600,OK
5028,4.257400,OK
5029,3.918800,OK
5030,4.918300,OK
5031,4.936000,OK
5032,4.925500,OK
5033,4.689400,OK
5034,4.022700,OK
5035,4.223500,OK
5036,4.954100,OK
5037,4.864300,OK
5038,4.443000,OK
5039,4.336100,OK
5040,4.780200,OK
5041,4.413400,OK
5042,4.412500,OK
5043,4.851800,OK
5044,4.230600,OK
5045,4.843100,OK
5046,5.035900,OK
5047,4.544600,OK
5048,4.919600,OK
5049,4.993600,OK
5050,4.989700,OK
5051,5.904000,OK
5052,4.972700,OK
5053,4.820600,OK
5054,4.877400,OK
5055,4.751500,OK
5056,5.046900,OK
5057,5.150600,OK
5058,4.740400,OK
5059,4.947300,OK
5060,4.763800,OK
5061,4.992800,OK
5062,4.931200,OK
5063,5.134000,OK
5064,6.105000,OK
5065,4.679400,OK
5066,4.877300,OK
5067,5.075400,OK
5068,5.062400,OK
5069,4.901100,OK
5070,5.391300,OK
5071,5.146600,OK
5072,5.029300,OK
5073,4.736400,OK
5074,4.987800,OK
5075,5.030200,OK
5076,4.604400,OK
5077,4.803800,OK
5078,5.148900,OK
5079,4.826400,OK
5080,4.910600,OK
5081,4.788500,OK
5082,5.060600,OK
5083,4.605400,OK
5084,4.803300,OK
5085,5.055400,OK
5086,4.551400,OK
5087,4.891600,OK
5088,4.946300,OK
5089,4.665100,OK
5090,5.213100,OK
5091,5.230100,OK
5092,4.948400,OK
5093,4.768300,OK
5094,4.829900,OK
5095,5.007700,OK
5096,5.650900,OK
5097,4.831100,OK
5098,5.277500,OK
5099,4.653800,OK
5100,3.934000,OK
5101,4.069700,OK
5102,4.180900,OK
5103,3.911400,OK
5104,4.071500,OK
5105,3.755700,OK
5106,3.891300,OK
5107,4.169800,OK
5108,3.806400,OK
5109,3.789200,OK
5110,4.108300,OK
5111,4.726100,OK
5112,4.064700,OK
5113,3.857200,OK
5114,4.021400,OK
5115,4.262400,OK
5116,4.357900,OK
5117,4.782100,OK
5118,3.990200,OK
5119,3.874400,OK
5120,3.876800,OK
5121,4.263600,OK
5122,3.813700,OK
5123,3.924100,OK
5124,4.806100,OK
5125,4.123200,OK
5126,4.223600,OK
5127,4.592700,OK
5128,4.030900,OK
5129,4.123600,OK
5130,4.724200,OK
5131,4.235500,OK
5132,4.060500,OK
5133,4.691200,OK
5134,3.993600,OK
5135,4.137200,OK
5136,4.866700,OK
5137,4.923400,OK
5138,4.821400,OK
5139,4.969500,OK
5140,4.740100,OK
5141,4.981900,OK
5142,4.907400,OK
5143,4.870000,OK
5144,4.179900,OK
5145,4.965600,OK
5146,4.670000,OK
5147,5.079600,OK
5148,4.587900,OK
5149,4.519300,OK
5150,4.152700,OK
5151,4.166800,OK
5152,4.364800,OK
5153,4.424400,OK
5154,4.468000,OK
5155,4.331600,OK
5156,4.319600,OK
5157,4.802200,OK
5158,4.415300,OK
5159,4.844800,OK
5160,4.252000,OK
5161,4.628800,OK
5162,4.532300,OK
5163,4.440100,OK
5164,4.240800,OK
5165,4.210200,OK
5166,4.466400,OK
5167,4.768100,OK
5168,4.793100,OK
5169,4.776100,OK
5170,4.859600,OK
5171,4.825000,OK
5172,4.285800,OK
5173,5.012600,OK
5174,5.120100,OK
5175,4.611700,OK
5176,4.862900,OK
5177,5.080200,OK
5178,4.815900,OK
5179,4.895600,OK
5180,4.624100,OK
5181,5.178800,OK
5182,4.947200,OK
5183,4.796900,OK
5184,4.906700,OK
5185,4.843500,OK
5186,5.126000,OK
5187,4.927800,OK
5188,5.471400,OK
5189,4.649900,OK
5190,5.103700,OK
5191,4.687800,OK
5192,5.116300,OK
5193,4.652400,OK
5194,5.067700,OK
5195,4.826100,OK
5196,4.836300,OK
5197,5.100800,OK
5198,4.923600,OK
5199,4.745200,OK
5200,4.789600,OK
5201,5.600600,OK
5202,4.851400,OK
5203,4.901000,OK
5204,5.311000,OK
5205,5.248000,OK
5206,3.856400,OK
5207,3.831800,OK
5208,4.098600,OK
5209,3.833600,OK
5210,3.896000,OK
5211,3.894800,OK
5212,4.394000,OK
5213,4.095400,OK
5214,4.198700,OK
5215,4.304000,OK
5216,4.361400,OK
5217,4.492300,OK
5218,3.674200,OK
5219,3.659600,OK
5220,3.630000,OK
5221,3.624500,OK
5222,3.578000,OK
5223,3.641300,OK
5224,3.713900,OK
5225,4.628700,OK
5226,3.728200,OK
5227,4.652300,OK
5228,4.512600,OK
5229,5.335300,OK
5230,4.223700,OK
5231,4.804200,OK
5232,4.317400,OK
5233,4.838500,OK
5234,3.817800,OK
5235,4.804800,OK
5236,4.268700,OK
5237,3.841500,OK
5238,4.821200,OK
5239,4.614100,OK
5240,4.293600,OK
5241,4.262700,OK
5242,4.578400,OK
5243,4.812200,OK
5244,4.124200,OK
5245,3.943900,OK
5246,4.017700,OK
5247,5.611700,OK
5248,4.866100,OK
5249,4.641700,OK
5250,4.983300,OK
5251,4.750900,OK
5252,4.854900,OK
5253,4.181800,OK
5254,4.803100,OK
5255,4.862600,OK
5256,4.086900,OK
5257,4.953600,OK
5258,4.879200,OK
5259,4.173000,OK
5260,4.848300,OK
5261,4.858200,OK
5262,5.061200,OK
5263,4.716600,OK
5264,4.214500,OK
5265,4.899000,OK
5266,6.013300,OK
5267,4.925200,OK
5268,4.756700,OK
5269,4.851100,OK
5270,4.167000,OK
5271,4.496100,OK
5272,4.864500,OK
5273,4.724600,OK
5274,4.654100,OK
5275,4.993300,OK
5276,4.788300,OK
5277,4.764700,OK
5278,4.676400,OK
5279,4.644300,OK
5280,4.777800,OK
5281,5.494100,OK
5282,4.707700,OK
5283,4.703300,OK
5284,4.242700,OK
5285,5.032900,OK
5286,4.817700,OK
5287,5.077900,OK
5288,4.821900,OK
5289,5.000500,OK
5290,4.968700,OK
5291,5.126900,OK
5292,4.995300,OK
5293,4.621400,OK
5294,4.853800,OK
5295,4.898200,OK
5296,4.814500,OK
5297,4.987300,OK
5298,4.980600,OK
5299,5.002500,OK
5300,5.032600,OK
5301,4.720200,OK
5302,5.069600,OK
5303,4.625100,OK
5304,5.434200,OK
5305,4.706100,OK
5306,4.640500,OK
5307,4.893300,OK
5308,5.432000,OK
5309,4.742600,OK
5310,4.929900,OK
5311,5.120700,OK
5312,4.667400,OK
5313,4.997500,OK
5314,4.481300,OK
5315,5.238600,OK
5316,4.713200,OK
5317,5.091300,OK
5318,4.848800,OK
5319,4.933200,OK
5320,4.953700,OK
5321,4.661400,OK
5322,4.962600,OK
5323,5.579400,OK
5324,3.743600,OK
5325,3.880300,OK
5326,3.967000,OK
5327,4.044400,OK
5328,4.546200,OK
5329,4.057400,OK
5330,4.644900,OK
5331,3.956600,OK
5332,4.001500,OK
5333,4.329300,OK
5334,3.851200,OK
5335,4.710000,OK
5336,4.055000,OK
5337,3.852100,OK
5338,4.213500,OK
5339,3.728900,OK
5340,4.131900,OK
5341,3.871600,OK
5342,4.591100,OK
5343,4.170500,OK
5344,4.347900,OK
5345,4.623900,OK
5346,3.814900,OK
5347,4.042100,OK
5348,4.767900,OK
5349,3.820400,OK
5350,4.273500,OK
5351,4.666900,OK
5352,4.006000,OK
5353,4.821200,OK
5354,4.551300,OK
5355,3.870100,OK
5356,4.441900,OK
5357,4.794400,OK
5358,4.256500,OK
5359,4.784000,OK
5360,4.400200,OK
5361,4.478900,OK
5362,4.850100,OK
5363,4.061100,OK
5364,4.159900,OK
5365,4.105800,OK
5366,4.127700,OK
5367,4.865700,OK
5368,4.811100,OK
5369,4.103800,OK
5370,4.035900,OK
5371,4.899500,OK
5372,4.809800,OK
5373,4.903400,OK
5374,4.545800,OK
5375,4.669000,OK
5376,4.170000,OK
5377,4.914200,OK
5378,4.402600,OK
5379,4.647200,OK
5380,5.181100,OK
5381,4.648500,OK
5382,4.842200,OK
5383,4.082600,OK
5384,4.903900,OK
5385,4.291200,OK
5386,4.267900,OK
5387,4.349800,OK
5388,4.900300,OK
5389,4.078300,OK
5390,4.662000,OK
5391,4.209100,OK
5392,4.142800,OK
5393,4.925800,OK
5394,4.912800,OK
5395,4.793500,OK
5396,4.711000,OK
5397,4.916700,OK
5398,4.867700,OK
5399,4.963000,OK
5400,4.413700,OK
5401,4.292600,OK
5402,4.340500,OK
5403,4.258700,OK
5404,4.546400,OK
5405,4.826500,OK
5406,4.769800,OK
5407,5.263700,OK
5408,4.677000,OK
5409,6.518300,OK
5410,4.361400,OK
5411,4.323200,OK
5412,4.504200,OK
5413,4.309500,OK
5414,4.411200,OK
5415,4.528600,OK
5416,4.604600,OK
5417,4.438200,OK
5418,4.526900,OK
5419,4.485000,OK
5420,4.499700,OK
5421,4.364200,OK
5422,4.602500,OK
5423,4.658500,OK
5424,4.671300,OK
5425,4.429400,OK
5426,5.168500,OK
5427,5.624000,OK
5428,4.990700,OK
5429,4.839200,OK
5430,4.561600,OK
5431,4.548800,OK
5432,4.628700,OK
5433,4.835300,OK
5434,4.709900,OK
5435,4.937800,OK
5436,4.760100,OK
5437,4.719800,OK
5438,4.674300,OK
5439,4.566800,OK
5440,4.600800,OK
5441,5.482900,OK
5442,5.099300,OK
5443,5.080800,OK
5444,4.944500,OK
5445,4.991500,OK
5446,4.715400,OK
5447,4.971300,OK
5448,5.466900,OK
5449,4.945100,OK
5450,4.806400,OK
5451,5.618900,OK
5452,4.865100,OK
5453,4.826500,OK
5454,4.894300,OK
5455,5.013400,OK
5456,4.784200,OK
5457,3.973300,OK
5458,3.781700,OK
5459,3.785500,OK
5460,4.100100,OK
5461,4.000600,OK
5462,3.681700,OK
5463,4.172300,OK
5464,3.888700,OK
5465,4.609500,OK
5466,3.872100,OK
5467,3.933200,OK
5468,4.136400,OK
5469,3.852900,OK
5470,3.821200,OK
5471,4.145800,OK
5472,3.820900,OK
5473,3.822900,OK
5474,4.577400,OK
5475,4.298700,OK
5476,3.896400,OK
5477,4.707700,OK
5478,4.081200,OK
5479,4.213200,OK
5480,4.398500,OK
5481,4.195400,OK
5482,4.038900,OK
5483,3.823900,OK
5484,4.793700,OK
5485,4.789900,OK
5486,4.291700,OK
5487,4.064300,OK
5488,4.050100,OK
5489,4.575900,OK
5490,4.596900,OK
5491,3.948600,OK
5492,3.995600,OK
5493,4.082500,OK
5494,4.825200,OK
5495,4.683500,OK
5496,4.632200,OK
5497,3.983900,OK
5498,4.116600,OK
5499,4.020300,OK
5500,4.528700,OK
5501,4.920300,OK
5502,4.949300,OK
5503,4.863500,OK
5504,4.724900,OK
5505,4.820100,OK
5506,4.027100,OK
5507,4.056400,OK
5508,4.927700,OK
5509,4.924100,OK
5510,4.034400,OK
5511,4.456100,OK
5512,4.439400,OK
5513,4.814600,OK
5514,4.375300,OK
5515,4.198200,OK
5516,5.016900,OK
5517,4.672200,OK
5518,4.934600,OK
5519,5.018500,OK
5520,4.682900,OK
5521,4.904600,OK
5522,4.810300,OK
5523,4.949400,OK
5524,4.795300,OK
5525,4.915000,OK
5526,4.891800,OK
5527,4.941700,OK
5528,5.079500,OK
5529,4.981400,OK
5530,4.608800,OK
5531,4.762300,OK
5532,5.027800,OK
5533,5.119900,OK
5534,4.872500,OK
5535,4.934700,OK
5536,5.245600,OK
5537,4.273500,OK
5538,4.484300,OK
5539,4.587200,OK
5540,4.730800,OK
5541,4.903700,OK
5542,4.863000,OK
5543,4.369800,OK
5544,4.289300,OK
5545,4.989100,OK
5546,4.430400,OK
5547,4.910800,OK
5548,4.936000,OK
5549,4.848700,OK
5550,5.242700,OK
5551,4.894100,OK
5552,4.623200,OK
5553,4.922200,OK
5554,4.592000,OK
5555,5.468100,OK
5556,4.461400,OK
5557,5.316900,OK
5558,4.700900,OK
5559,5.294100,OK
5560,4.962400,OK
5561,5.157100,OK
5562,5.438000,OK
5563,5.323000,OK
5564,5.637900,OK
5565,4.837000,OK
5566,5.151000,OK
5567,5.475600,OK
5568,4.937200,OK
5569,4.658400,OK
5570,5.110100,OK
5571,5.127600,OK
5572,4.751000,OK
5573,4.894700,OK
5574,5.072600,OK
5575,4.758200,OK
5576,4.763000,OK
5577,5.002600,OK
5578,4.754100,OK
5579,3.897000,OK
5580,4.119400,OK
5581,4.179800,OK
5582,4.370700,OK
5583,4.559500,OK
5584,4.357100,OK
5585,4.155200,OK
5586,3.839100,OK
5587,4.583200,OK
5588,3.755600,OK
5589,3.987100,OK
5590,4.412400,OK
5591,3.906800,OK
5592,3.877800,OK
5593,4.135100,OK
5594,3.799900,OK
5595,3.910300,OK
5596,4.072700,OK
5597,3.966400,OK
5598,3.882000,OK
5599,4.246000,OK
5600,5.311500,OK
5601,5.183100,OK
5602,4.115100,OK
5603,4.675700,OK
5604,4.569000,OK
5605,3.935400,OK
5606,5.074700,OK
5607,4.231700,OK
5608,4.721000,OK
5609,4.842000,OK
5610,4.810100,OK
5611,4.195300,OK
5612,4.870400,OK
5613,4.879600,OK
5614,4.592800,OK
5615,4.569100,OK
5616,4.801800,OK
5617,5.703200,OK
5618,4.089100,OK
5619,4.846500,OK
5620,4.809500,OK
5621,4.727300,OK
5622,4.834100,OK
5623,4.500100,OK
5624,4.911800,OK
5625,4.833400,OK
5626,4.731400,OK
5627,4.980300,OK
5628,5.073700,OK
5629,4.825600,OK
5630,4.781400,OK
5631,4.720500,OK
5632,4.848400,OK
5633,4.895000,OK
5634,4.822400,OK
5635,4.867500,OK
5636,5.112500,OK
5637,5.030200,OK
5638,4.860300,OK
5639,4.758800,OK
5640,4.860100,OK
5641,4.988800,OK
5642,4.286100,OK
5643,4.979500,OK
5644,4.898400,OK
5645,4.894500,OK
5646,5.085900,OK
5647,4.766800,OK
5648,4.792900,OK
5649,4.923000,OK
5650,4.847700,OK
5651,4.748200,OK
5652,4.290300,OK
5653,4.382300,OK
5654,4.385500,OK
5655,4.349100,OK
5656,5.100400,OK
5657,4.797400,OK
5658,4.937800,OK
5659,5.221900,OK
5660,4.782000,OK
5661,4.868900,OK
5662,5.168200,OK
5663,4.634600,OK
5664,5.190900,OK
5665,4.713400,OK
5666,4.690100,OK
5667,4.749900,OK
5668,4.209300,OK
5669,4.930300,OK
5670,5.044400,OK
5671,4.891900,OK
5672,4.656600,OK
5673,4.970700,OK
5674,4.593200,OK
5675,4.710400,OK
5676,5.053600,OK
5677,4.767400,OK
5678,4.781300,OK
5679,4.648400,OK
5680,4.700800,OK
5681,4.701900,OK
5682,4.494000,OK
5683,5.147000,OK
5684,4.840500,OK
5685,4.879900,OK
5686,4.851400,OK
5687,5.162700,OK
5688,4.695400,OK
5689,4.918600,OK
5690,4.652600,OK
5691,5.380000,OK
5692,5.047700,OK
5693,4.865000,OK
5694,4.820600,OK
5695,5.001300,OK
5696,4.677800,OK
5697,5.435100,OK
5698,5.526900,OK
5699,4.943400,OK
5700,5.043000,OK
5701,5.009900,OK
5702,5.494400,OK
5703,5.249700,OK
5704,4.870600,OK
5705,5.638900,OK
5706,4.928600,OK
5707,3.860300,OK
5708,4.171500,OK
5709,4.120600,OK
5710,3.859900,OK
5711,3.736800,OK
5712,4.153700,OK
5713,3.877300,OK
5714,3.947500,OK
5715,4.392100,OK
5716,4.637600,OK
5717,4.630900,OK
5718,3.744400,OK
5719,3.970200,OK
5720,4.700200,OK
5721,3.874800,OK
5722,3.803700,OK
5723,4.454800,OK
5724,4.691100,OK
5725,3.920500,OK
5726,4.841400,OK
5727,4.655800,OK
5728,3.777300,OK
5729,4.762700,OK
5730,3.929500,OK
5731,3.871700,OK
5732,3.840700,OK
5733,4.132500,OK
5734,4.203000,OK
5735,4.745900,OK
5736,4.603100,OK
5737,4.013100,OK
5738,4.026700,OK
5739,4.086700,OK
5740,3.958300,OK
5741,3.910600,OK
5742,4.346300,OK
5743,4.348800,OK
5744,4.056200,OK
5745,4.263400,OK
5746,4.116100,OK
5747,4.084400,OK
5748,4.092500,OK
5749,4.976300,OK
5750,4.886900,OK
5751,4.048300,OK
5752,4.941300,OK
5753,4.064500,OK
5754,4.898100,OK
5755,4.933700,OK
5756,4.754600,OK
5757,5.632000,OK
5758,4.277000,OK
5759,4.903400,OK
5760,4.396000,OK
5761,4.385500,OK
5762,4.398200,OK
5763,4.291200,OK
5764,4.039000,OK
5765,4.321400,OK
5766,4.308700,OK
5767,4.296800,OK
5768,4.203100,OK
5769,4.088000,OK
5770,4.831000,OK
5771,4.862500,OK
5772,4.802900,OK
5773,5.081000,OK
5774,4.592000,OK
5775,4.784400,OK
5776,4.884100,OK
5777,5.157300,OK
5778,4.906100,OK
5779,4.997300,OK
5780,4.904700,OK
5781,5.240000,OK
5782,4.646700,OK
5783,4.759400,OK
5784,4.701900,OK
5785,4.365200,OK
5786,5.022700,OK
5787,4.812600,OK
5788,4.912600,OK
5789,4.920300,OK
5790,4.972500,OK
5791,5.163700,OK
5792,4.765900,OK
5793,4.486800,OK
5794,4.908600,OK
5795,4.863800,OK
5796,4.705600,OK
5797,4.850000,OK
5798,4.803800,OK
5799,5.092000,OK
5800,4.703500,OK
5801,4.899500,OK
5802,4.813200,OK
5803,4.830600,OK
5804,4.783600,OK
5805,5.273100,OK
5806,4.788400,OK
5807,5.559500,OK
5808,4.879100,OK
5809,4.831400,OK
5810,4.990400,OK
5811,4.737200,OK
5812,4.960800,OK
5813,4.633700,OK
5814,4.808100,OK
5815,4.900900,OK
5816,4.941000,OK
5817,5.679200,OK
5818,4.904600,OK
5819,5.243400,OK
5820,4.896700,OK
5821,4.898700,OK
5822,4.736700,OK
5823,4.960800,OK
5824,3.818000,OK
5825,5.029600,OK
5826,4.175400,OK
5827,3.904500,OK
5828,4.179900,OK
5829,4.337300,OK
5830,4.628100,OK
5831,3.870900,OK
5832,3.962800,OK
5833,3.835500,OK
5834,3.807700,OK
5835,3.904800,OK
5836,4.755200,OK
5837,4.723800,OK
5838,3.768100,OK
5839,4.107200,OK
5840,4.211500,OK
5841,3.859900,OK
5842,3.774000,OK
5843,3.844700,OK
5844,5.096200,OK
5845,3.791400,OK
5846,4.044200,OK
5847,3.904600,OK
5848,3.936400,OK
5849,4.770800,OK
5850,3.851400,OK
5851,3.837800,OK
5852,4.283500,OK
5853,3.896800,OK
5854,4.099500,OK
5855,4.098200,OK
5856,4.842500,OK
5857,4.838300,OK
5858,3.958600,OK
5859,4.015800,OK
5860,4.838200,OK
5861,4.170600,OK
5862,3.927200,OK
5863,4.772200,OK
5864,4.069100,OK
5865,4.835800,OK
5866,4.722400,OK
5867,4.006600,OK
5868,4.064100,OK
5869,4.597900,OK
5870,4.158000,OK
5871,4.352400,OK
5872,4.736800,OK
5873,4.081500,OK
5874,4.271300,OK
5875,4.670300,OK
5876,4.770600,OK
5877,4.656200,OK
5878,4.909700,OK
5879,4.967300,OK
5880,4.649100,OK
5881,4.870000,OK
5882,5.065500,OK
5883,4.837100,OK
5884,4.907200,OK
5885,5.013800,OK
5886,4.097700,OK
5887,4.133000,OK
5888,4.108500,OK
5889,4.083200,OK
5890,5.033000,OK
5891,4.365500,OK
5892,4.865900,OK
5893,4.765800,OK
5894,4.670600,OK
5895,5.005000,OK
5896,4.588400,OK
5897,5.248100,OK
5898,4.588300,OK
5899,4.700600,OK
5900,5.027300,OK
5901,4.923100,OK
5902,4.391200,OK
5903,5.317900,OK
5904,5.287500,OK
5905,4.942300,OK
5906,4.674800,OK
5907,4.679400,OK
5908,4.683600,OK
5909,4.926100,OK
5910,4.807600,OK
5911,5.043700,OK
5912,4.922000,OK
5913,4.880500,OK
5914,4.764600,OK
5915,4.650300,OK
5916,5.304900,OK
5917,5.324400,OK
5918,5.169600,OK
5919,5.398900,OK
5920,4.751300,OK
5921,4.992800,OK
5922,5.337700,OK
5923,5.276100,OK
5924,4.871800,OK
5925,4.909000,OK
5926,4.725000,OK
5927,5.039300,OK
5928,4.682500,OK
5929,4.726600,OK
5930,5.448500,OK
5931,4.905900,OK
5932,5.068700,OK
5933,4.658800,OK
5934,4.899800,OK
5935,6.525900,OK
5936,5.332200,OK
5937,5.459000,OK
5938,5.369400,OK
5939,4.223100,OK
5940,4.098400,OK
5941,4.173000,OK
5942,3.874300,OK
5943,4.030400,OK
5944,4.147500,OK
5945,3.866200,OK
5946,4.681000,OK
5947,4.675800,OK
5948,3.841900,OK
5949,4.052100,OK
5950,3.885000,OK
5951,3.965100,OK
5952,4.540600,OK
5953,3.932600,OK
5954,4.006500,OK
5955,3.953800,OK
5956,4.138500,OK
5957,3.741100,OK
5958,4.684000,OK
5959,3.991300,OK
5960,3.872300,OK
5961,4.529800,OK
5962,4.382400,OK
5963,4.069200,OK
5964,4.382300,OK
5965,3.901500,OK
5966,4.096800,OK
5967,4.436300,OK
5968,4.225500,OK
5969,4.023700,OK
5970,4.213900,OK
5971,3.937500,OK
5972,4.013100,OK
5973,4.666800,OK
5974,3.956100,OK
5975,3.998500,OK
5976,4.095600,OK
5977,4.783800,OK
5978,4.042800,OK
5979,4.541100,OK
5980,4.592900,OK
5981,4.989200,OK
5982,4.614700,OK
5983,4.920400,OK
5984,4.912000,OK
5985,4.718900,OK
5986,4.279900,OK
5987,4.972300,OK
5988,4.887700,OK
5989,4.886900,OK
5990,5.057600,OK
5991,4.855600,OK
5992,5.084900,OK
5993,4.781500,OK
5994,5.868400,OK
5995,4.137700,OK
5996,4.230700,OK
5997,4.996500,OK
5998,4.111400,OK
5999,4.114000,OK
6000,4.987700,OK
6001,4.863900,OK
6002,4.792600,OK
6003,4.980200,OK
6004,4.991500,OK
6005,5.109500,OK
6006,4.913700,OK
6007,5.115400,OK
6008,4.916000,OK
6009,4.947600,OK
6010,4.725800,OK
6011,4.669000,OK
6012,4.771100,OK
6013,4.773000,OK
6014,4.750500,OK
6015,4.921400,OK
6016,4.943200,OK
6017,5.023400,OK
6018,5.129400,OK
6019,5.081700,OK
6020,4.457300,OK
6021,4.862700,OK
6022,4.438100,OK
6023,5.009000,OK
6024,4.838700,OK
6025,4.865400,OK
6026,4.819200,OK
6027,4.847800,OK
6028,4.768300,OK
6029,5.065800,OK
6030,4.668700,OK
6031,4.839400,OK
6032,4.708800,OK
6033,5.143000,OK
6034,5.368300,OK
6035,4.044500,OK
6036,5.178000,OK
6037,5.128000,OK
6038,4.667000,OK
6039,4.878400,OK
6040,5.002700,OK
6041,4.834200,OK
6042,4.696900,OK
6043,5.519200,OK
6044,4.853800,OK
6045,5.044900,OK
6046,4.789700,OK
6047,5.050800,OK
6048,4.859100,OK
6049,4.980400,OK
6050,5.277700,OK
6051,4.842300,OK
6052,5.210400,OK
6053,4.661400,OK
6054,3.925700,OK
6055,4.235100,OK
6056,4.107300,OK
6057,4.318500,OK
6058,4.122600,OK
6059,4.070600,OK
6060,3.898000,OK
6061,4.694400,OK
6062,3.762300,OK
6063,4.439500,OK
6064,3.739300,OK
6065,4.335000,OK
6066,3.871400,OK
6067,4.047700,OK
6068,3.852500,OK
6069,4.041500,OK
6070,4.919700,OK
6071,3.941500,OK
6072,4.280900,OK
6073,3.808600,OK
6074,3.974400,OK
6075,3.987000,OK
6076,3.927900,OK
6077,4.663000,OK
6078,3.914900,OK
6079,4.549200,OK
6080,4.657400,OK
6081,3.897600,OK
6082,3.984000,OK
6083,4.499000,OK
6084,4.775100,OK
6085,4.516600,OK
6086,3.950200,OK
6087,4.162200,OK
6088,4.597200,OK
6089,4.074400,OK
6090,4.053100,OK
6091,4.636200,OK
6092,5.216100,OK
6093,4.557800,OK
6094,4.851400,OK
6095,4.293400,OK
6096,4.330200,OK
6097,4.931900,OK
6098,4.834400,OK
6099,4.941600,OK
6100,4.059500,OK
6101,4.970800,OK
6102,4.999100,OK
6103,4.830000,OK
6104,4.877000,OK
6105,4.684500,OK
6106,4.762000,OK
6107,5.062000,OK
6108,4.714600,OK
6109,4.769000,OK
6110,4.692100,OK
6111,4.922100,OK
6112,5.131700,OK
6113,4.864800,OK
6114,4.326800,OK
6115,4.569700,OK
6116,4.325900,OK
6117,4.362400,OK
6118,4.180900,OK
6119,5.116900,OK
6120,4.663100,OK
6121,4.924500,OK
6122,4.295000,OK
6123,4.950900,OK
6124,4.402000,OK
6125,4.787100,OK
6126,4.740000,OK
6127,4.706500,OK
6128,5.085600,OK
6129,4.882800,OK
6130,5.063400,OK
6131,5.057000,OK
6132,5.152100,OK
6133,5.167700,OK
6134,4.875900,OK
6135,4.894600,OK
6136,5.134700,OK
6137,5.149000,OK
6138,5.220200,OK
6139,5.205800,OK
6140,5.636500,OK
6141,5.016100,OK
6142,5.388700,OK
6143,5.020800,OK
6144,5.064800,OK
6145,4.807000,OK
6146,4.979100,OK
6147,5.169600,OK
6148,5.759600,OK
6149,5.120800,OK
6150,4.769200,OK
6151,4.975600,OK
6152,4.751200,OK
6153,5.142200,OK
6154,4.878200,OK
6155,4.574200,OK
6156,4.022500,OK
6157,5.544500,OK
6158,5.600400,OK
6159,4.769100,OK
6160,4.829100,OK
6161,4.745000,OK
6162,4.960800,OK
6163,4.784800,OK
6164,3.852700,OK
6165,3.955000,OK
6166,3.888400,OK
6167,3.931800,OK
6168,3.856000,OK
6169,3.775000,OK
6170,3.777200,OK
6171,4.175000,OK
6172,4.689100,OK
6173,4.005100,OK
6174,5.091100,OK
6175,3.892500,OK
6176,4.567600,OK
6177,3.887500,OK
6178,3.885400,OK
6179,4.052800,OK
6180,3.895100,OK
6181,3.953000,OK
6182,4.051800,OK
6183,3.792800,OK
6184,4.021800,OK
6185,4.033300,OK
6186,4.141400,OK
6187,4.743700,OK
6188,4.029700,OK
6189,4.719100,OK
6190,3.918300,OK
6191,4.255800,OK
6192,4.223400,OK
6193,5.694100,OK
6194,3.991500,OK
6195,4.737700,OK
6196,4.684200,OK
6197,3.975100,OK
6198,3.963200,OK
6199,4.028200,OK
6200,4.800700,OK
6201,4.156500,OK
6202,4.694600,OK
6203,4.814800,OK
6204,4.639500,OK
6205,4.772600,OK
6206,4.004800,OK
6207,4.738000,OK
6208,4.054100,OK
6209,4.948000,OK
6210,4.843400,OK
6211,4.873900,OK
6212,4.882500,OK
6213,4.765200,OK
6214,4.837900,OK
6215,4.120400,OK
6216,4.846300,OK
6217,5.004500,OK
6218,4.685300,OK
6219,4.059200,OK
6220,5.036100,OK
6221,4.976100,OK
6222,5.262300,OK
6223,4.747900,OK
6224,4.978900,OK
6225,4.955700,OK
6226,4.998000,OK
6227,5.811500,OK
6228,4.432300,OK
6229,4.876900,OK
6230,5.566900,OK
6231,5.082100,OK
6232,4.495100,OK
6233,4.291700,OK
6234,5.089800,OK
6235,4.939600,OK
6236,4.713200,OK
6237,4.464900,OK
6238,5.406700,OK
6239,4.381700,OK
6240,4.627600,OK
6241,5.014300,OK
6242,4.886200,OK
6243,4.342800,OK
6244,5.100100,OK
6245,5.005800,OK
6246,4.692200,OK
6247,4.821600,OK
6248,5.236600,OK
6249,4.716300,OK
6250,4.480500,OK
6251,5.386500,OK
6252,4.847000,OK
6253,4.740900,OK
6254,4.693800,OK
6255,4.866700,OK
6256,4.858900,OK
6257,4.842400,OK
6258,5.038400,OK
6259,5.029000,OK
6260,4.209100,OK
6261,4.697500,OK
6262,4.679600,OK
6263,4.915500,OK
6264,4.685200,OK
6265,4.742000,OK
6266,4.976300,OK
6267,4.533200,OK
6268,5.279100,OK
6269,5.167000,OK
6270,4.745500,OK
6271,4.980900,OK
6272,5.234300,OK
6273,5.014900,OK
6274,4.924900,OK
6275,4.927100,OK
6276,4.889900,OK
6277,5.253100,OK
6278,4.092400,OK
6279,3.852800,OK
6280,3.794600,OK
6281,4.173300,OK
6282,3.848400,OK
6283,4.588200,OK
6284,4.230400,OK
6285,3.730800,OK
6286,4.359500,OK
6287,4.033800,OK
6288,4.136100,OK
6289,4.230800,OK
6290,4.394600,OK
6291,4.121600,OK
6292,4.371100,OK
6293,4.436700,OK
6294,4.831300,OK
6295,5.424900,OK
6296,4.065700,OK
6297,4.650400,OK
6298,4.769700,OK
6299,4.717800,OK
6300,4.433400,OK
6301,4.788200,OK
6302,4.262200,OK
6303,4.577300,OK
6304,3.824300,OK
6305,4.003300,OK
6306,4.756700,OK
6307,3.838900,OK
6308,4.862200,OK
6309,4.698300,OK
6310,4.872100,OK
6311,4.141300,OK
6312,4.730000,OK
6313,3.934200,OK
6314,4.210200,OK
6315,4.853500,OK
6316,4.840100,OK
6317,4.760200,OK
6318,4.819100,OK
6319,4.840200,OK
6320,4.670000,OK
6321,4.901500,OK
6322,5.030900,OK
6323,4.674000,OK
6324,4.761400,OK
6325,4.542800,OK
6326,4.948100,OK
6327,4.897200,OK
6328,4.134200,OK
6329,5.027300,OK
6330,4.993100,OK
6331,4.876700,OK
6332,4.896000,OK
6333,4.250900,OK
6334,4.236700,OK
6335,4.769500,OK
6336,4.794700,OK
6337,4.181800,OK
6338,4.821000,OK
6339,4.740200,OK
6340,4.583700,OK
6341,4.847600,OK
6342,5.079400,OK
6343,4.936300,OK
6344,5.009200,OK
6345,4.709600,OK
6346,4.866700,OK
6347,4.861500,OK
6348,5.100900,OK
6349,4.634700,OK
6350,5.167500,OK
6351,5.307700,OK
6352,4.848200,OK
6353,4.746400,OK
6354,4.976200,OK
6355,4.911900,OK
6356,5.240100,OK
6357,5.138200,OK
6358,4.938300,OK
6359,4.966900,OK
6360,4.998000,OK
6361,4.884300,OK
6362,4.591600,OK
6363,5.271500,OK
6364,5.392000,OK
6365,4.767100,OK
6366,4.948900,OK
6367,4.726200,OK
6368,4.850200,OK
6369,4.905700,OK
6370,4.594100,OK
6371,4.860700,OK
6372,4.791800,OK
6373,4.739600,OK
6374,5.094400,OK
6375,5.491900,OK
6376,4.781100,OK
6377,4.923900,OK
6378,4.906200,OK
6379,4.904400,OK
6380,5.212100,OK
6381,5.065000,OK
6382,5.096800,OK
6383,5.457800,OK
6384,4.671700,OK
6385,3.813200,OK
6386,3.976100,OK
6387,3.791500,OK
6388,4.487700,OK
6389,3.912800,OK
6390,3.786200,OK
6391,4.304600,OK
6392,3.911900,OK
6393,3.767500,OK
6394,4.571300,OK
6395,4.698700,OK
6396,3.846900,OK
6397,3.825900,OK
6398,3.784900,OK
6399,3.835900,OK
6400,4.511900,OK
6401,4.719400,OK
6402,4.226300,OK
6403,4.300400,OK
6404,4.128100,OK
6405,4.252900,OK
6406,4.019700,OK
6407,4.175300,OK
6408,4.802200,OK
6409,4.262700,OK
6410,4.096000,OK
6411,3.876200,OK
6412,4.601300,OK
6413,4.774500,OK
6414,4.164300,OK
6415,4.602800,OK
6416,4.996900,OK
6417,4.936200,OK
6418,4.767300,OK
6419,4.832000,OK
6420,4.136700,OK
6421,4.832200,OK
6422,5.010400,OK
6423,4.914300,OK
6424,4.817400,OK
6425,4.658700,OK
6426,4.153500,OK
6427,4.363500,OK
6428,4.511900,OK
6429,4.243600,OK
6430,4.823500,OK
6431,4.375800,OK
6432,4.824300,OK
6433,4.999900,OK
6434,4.670900,OK
6435,4.864100,OK
6436,4.890800,OK
6437,4.884200,OK
6438,4.868200,OK
6439,4.196100,OK
6440,4.190300,OK
6441,4.340200,OK
6442,4.444500,OK
6443,4.978900,OK
6444,4.842700,OK
6445,5.060000,OK
6446,4.741200,OK
6447,4.910000,OK
6448,5.160100,OK
6449,4.147400,OK
6450,4.539200,OK
6451,4.912200,OK
6452,4.295300,OK
6453,4.966300,OK
6454,5.002500,OK
6455,4.823700,OK
6456,4.541800,OK
6457,4.757400,OK
6458,5.140500,OK
6459,4.723400,OK
6460,5.073700,OK
6461,5.021200,OK
6462,4.729100,OK
6463,4.837500,OK
6464,4.841700,OK
6465,4.950000,OK
6466,4.580700,OK
6467,4.330300,OK
6468,4.356800,OK
6469,5.179700,OK
6470,5.203400,OK
6471,5.101800,OK
6472,4.830700,OK
6473,5.083500,OK
6474,5.358200,OK
6475,4.860600,OK
6476,4.925800,OK
6477,4.814800,OK
6478,5.245400,OK
6479,5.218200,OK
6480,4.697100,OK
6481,4.879100,OK
6482,5.165600,OK
6483,4.859500,OK
6484,5.226500,OK
6485,5.427100,OK
6486,5.333100,OK
6487,5.547800,OK
6488,4.769000,OK
6489,5.386600,OK
6490,5.070800,OK
6491,4.971300,OK
6492,5.749100,OK
6493,4.814800,OK
6494,3.659200,OK
6495,3.851500,OK
6496,3.880100,OK
6497,3.734500,OK
6498,4.150500,OK
6499,4.257800,OK
6500,3.914400,OK
6501,4.295700,OK
6502,3.559300,OK
6503,4.361300,OK
6504,4.132000,OK
6505,4.523700,OK
6506,3.827500,OK
6507,4.676400,OK
6508,4.036200,OK
6509,4.800300,OK
6510,4.719100,OK
6511,3.943600,OK
6512,4.586300,OK
6513,3.769400,OK
6514,4.764600,OK
6515,4.443700,OK
6516,3.778800,OK
6517,4.073500,OK
6518,4.504600,OK
6519,4.223300,OK
6520,4.373200,OK
6521,4.553300,OK
6522,3.853500,OK
6523,4.147900,OK
6524,4.719400,OK
6525,4.704600,OK
6526,3.986000,OK
6527,4.603000,OK
6528,3.854000,OK
6529,4.399600,OK
6530,4.562100,OK
6531,5.265200,OK
6532,4.308700,OK
6533,3.960000,OK
6534,5.074200,OK
6535,4.677000,OK
6536,4.786700,OK
6537,3.945800,OK
6538,4.989500,OK
6539,4.100400,OK
6540,4.830500,OK
6541,4.093200,OK
6542,4.068800,OK
6543,4.901000,OK
6544,4.026400,OK
6545,4.802700,OK
6546,4.978100,OK
6547,4.877100,OK
6548,4.833100,OK
6549,4.654200,OK
6550,4.299000,OK
6551,4.292300,OK
6552,4.313600,OK
6553,4.515000,OK
6554,4.246300,OK
6555,4.434100,OK
6556,5.417300,OK
6557,4.338600,OK
6558,4.168500,OK
6559,5.107500,OK
6560,5.026700,OK
6561,4.923200,OK
6562,5.006800,OK
6563,4.611900,OK
6564,5.017500,OK
6565,4.795200,OK
6566,4.633700,OK
6567,4.857500,OK
6568,4.939300,OK
6569,4.739800,OK
6570,4.905900,OK
6571,5.183400,OK
6572,4.488300,OK
6573,4.609300,OK
6574,4.853800,OK
6575,5.201900,OK
6576,4.460400,OK
6577,4.832100,OK
6578,4.287300,OK
6579,4.974500,OK
6580,4.878100,OK
6581,4.748400,OK
6582,5.324500,OK
6583,4.772500,OK
6584,4.712700,OK
6585,5.148700,OK
6586,4.860600,OK
6587,5.097200,OK
6588,4.755900,OK
6589,4.799700,OK
6590,4.556100,OK
6591,4.881900,OK
6592,4.786400,OK
6593,4.551200,OK
6594,4.717800,OK
6595,4.711800,OK
6596,5.023400,OK
6597,4.739500,OK
6598,5.546300,OK
6599,4.882700,OK
6600,5.488700,OK
6601,4.722200,OK
6602,4.915500,OK
6603,4.747800,OK
6604,4.868400,OK
6605,5.590500,OK
6606,4.862400,OK
6607,4.812200,OK
6608,3.741700,OK
6609,4.172400,OK
6610,3.753200,OK
6611,4.724100,OK
6612,3.976600,OK
6613,4.657000,OK
6614,4.545300,OK
6615,4.110400,OK
6616,4.268700,OK
6617,4.206600,OK
6618,3.951500,OK
6619,3.918800,OK
6620,3.730300,OK
6621,3.965900,OK
6622,3.983400,OK
6623,4.621500,OK
6624,4.267700,OK
6625,3.850200,OK
6626,3.999300,OK
6627,5.270700,OK
6628,4.107400,OK
6629,4.702300,OK
6630,3.918200,OK
6631,4.015600,OK
6632,4.758800,OK
6633,3.773600,OK
6634,3.925300,OK
6635,3.951200,OK
6636,3.989700,OK
6637,3.916400,OK
6638,4.159400,OK
6639,3.897600,OK
6640,4.851600,OK
6641,4.153500,OK
6642,4.762100,OK
6643,3.990600,OK
6644,4.166100,OK
6645,4.892600,OK
6646,4.080200,OK
6647,4.909800,OK
6648,4.927700,OK
6649,4.393300,OK
6650,4.074700,OK
6651,4.290000,OK
6652,4.647300,OK
6653,4.854100,OK
6654,4.762400,OK
6655,4.027200,OK
6656,4.614100,OK
6657,4.851000,OK
6658,4.536600,OK
6659,4.871100,OK
6660,4.974600,OK
6661,4.730500,OK
6662,4.215200,OK
6663,4.609600,OK
6664,4.571400,OK
6665,4.943500,OK
6666,4.932700,OK
6667,4.968900,OK
6668,4.697900,OK
6669,4.882100,OK
6670,4.494900,OK
6671,4.341900,OK
6672,4.842500,OK
6673,4.730400,OK
6674,4.886700,OK
6675,4.869300,OK
6676,4.715900,OK
6677,4.737400,OK
6678,5.002500,OK
6679,4.573800,OK
6680,5.030200,OK
6681,5.088800,OK
6682,4.735300,OK
6683,4.822600,OK
6684,4.248000,OK
6685,4.812300,OK
6686,4.876800,OK
6687,5.006300,OK
6688,5.047000,OK
6689,5.057100,OK
6690,5.121900,OK
6691,5.140100,OK
6692,5.175100,OK
6693,4.840400,OK
6694,5.040000,OK
6695,5.064100,OK
6696,5.054300,OK
6697,5.020400,OK
6698,5.260800,OK
6699,4.937500,OK
6700,5.338600,OK
6701,4.924300,OK
6702,4.980800,OK
6703,5.098100,OK
6704,4.922100,OK
6705,4.952800,OK
6706,5.121800,OK
6707,5.207500,OK
6708,4.870000,OK
6709,5.203600,OK
6710,5.006900,OK
6711,4.479000,OK
6712,5.341100,OK
6713,5.096300,OK
6714,5.204300,OK
6715,4.958200,OK
6716,4.956300,OK
6717,5.059900,OK
6718,5.225900,OK
6719,4.916400,OK
6720,4.716300,OK
6721,4.965400,OK
6722,5.326900,OK
6723,5.062400,OK
6724,4.031800,OK
6725,4.315100,OK
6726,4.277300,OK
6727,4.240000,OK
6728,3.902100,OK
6729,4.076400,OK
6730,3.980900,OK
6731,3.879300,OK
6732,4.291300,OK
6733,3.791300,OK
6734,4.926700,OK
6735,4.407900,OK
6736,3.803200,OK
6737,4.673900,OK
6738,4.163300,OK
6739,4.185300,OK
6740,3.996400,OK
6741,4.043400,OK
6742,3.976700,OK
6743,4.510000,OK
6744,4.589300,OK
6745,3.821200,OK
6746,3.911800,OK
6747,3.897600,OK
6748,3.841900,OK
6749,3.973600,OK
6750,4.820400,OK
6751,4.197700,OK
6752,3.816900,OK
6753,4.286700,OK
6754,4.748800,OK
6755,4.866800,OK
6756,4.772900,OK
6757,4.844600,OK
6758,4.270800,OK
6759,4.216300,OK
6760,4.824000,OK
6761,4.817400,OK
6762,3.987200,OK
6763,3.927200,OK
6764,5.703200,OK
6765,4.174700,OK
6766,4.133900,OK
6767,4.744300,OK
6768,4.282500,OK
6769,4.927700,OK
6770,4.624400,OK
6771,4.980800,OK
6772,4.492900,OK
6773,4.452200,OK
6774,4.660000,OK
6775,4.710600,OK
6776,4.220300,OK
6777,4.925700,OK
6778,4.741300,OK
6779,4.688000,OK
6780,4.776400,OK
6781,4.879800,OK
6782,4.836000,OK
6783,4.837400,OK
6784,4.868600,OK
6785,4.391400,OK
6786,4.742500,OK
6787,4.845500,OK
6788,4.230200,OK
6789,4.760300,OK
6790,4.964400,OK
6791,4.465000,OK
6792,4.365800,OK
6793,5.271900,OK
6794,4.720000,OK
6795,5.012700,OK
6796,4.986200,OK
6797,4.642000,OK
6798,4.899100,OK
6799,4.596500,OK
6800,4.399900,OK
6801,4.980200,OK
6802,4.899400,OK
6803,4.717500,OK
6804,4.869100,OK
6805,5.027800,OK
6806,4.870100,OK
6807,5.542000,OK
6808,4.744300,OK
6809,4.910200,OK
6810,5.065200,OK
6811,4.813100,OK
6812,4.958100,OK
6813,5.057500,OK
6814,4.885300,OK
6815,4.870600,OK
6816,5.261000,OK
6817,4.884400,OK
6818,4.865300,OK
6819,4.991400,OK
6820,5.326200,OK
6821,5.081300,OK
6822,4.988400,OK
6823,4.947200,OK
6824,5.141800,OK
6825,5.389000,OK
6826,5.378800,OK
6827,5.031300,OK
6828,4.819000,OK
6829,4.939900,OK
6830,4.779400,OK
6831,4.792700,OK
6832,5.172800,OK
6833,3.803700,OK
6834,3.928500,OK
6835,4.018200,OK
6836,4.381900,OK
6837,4.262900,OK
6838,3.738500,OK
6839,4.592700,OK
6840,3.854200,OK
6841,4.027800,OK
6842,3.872700,OK
6843,4.167600,OK
6844,3.847900,OK
6845,4.233900,OK
6846,4.698300,OK
6847,3.900600,OK
6848,4.100100,OK
6849,3.839700,OK
6850,4.102500,OK
6851,5.292200,OK
6852,3.825300,OK
6853,4.540900,OK
6854,4.389800,OK
6855,4.062600,OK
6856,4.503200,OK
6857,4.060800,OK
6858,4.467100,OK
6859,3.806600,OK
6860,4.166900,OK
6861,4.787400,OK
6862,3.834500,OK
6863,4.086600,OK
6864,4.148000,OK
6865,4.848700,OK
6866,5.165900,OK
6867,4.587200,OK
6868,4.415300,OK
6869,5.345800,OK
6870,3.957400,OK
6871,4.849400,OK
6872,4.038200,OK
6873,4.926000,OK
6874,5.134200,OK
6875,4.163700,OK
6876,4.673100,OK
6877,4.617400,OK
6878,4.682100,OK
6879,4.904900,OK
6880,4.574700,OK
6881,4.833800,OK
6882,4.923600,OK
6883,5.139700,OK
6884,4.906800,OK
6885,4.472100,OK
6886,5.025800,OK
6887,5.063900,OK
6888,4.711900,OK
6889,4.982400,OK
6890,4.477000,OK
6891,4.760600,OK
6892,4.871400,OK
6893,5.021400,OK
6894,4.731100,OK
6895,5.143200,OK
6896,5.057500,OK
6897,4.479200,OK
6898,5.241900,OK
6899,4.811000,OK
6900,4.992100,OK
6901,4.641700,OK
6902,4.852000,OK
6903,5.011100,OK
6904,5.219700,OK
6905,4.896000,OK
6906,4.800400,OK
6907,4.843000,OK
6908,4.838300,OK
6909,4.875100,OK
6910,4.853900,OK
6911,5.298400,OK
6912,4.575200,OK
6913,4.932300,OK
6914,4.528600,OK
6915,4.850400,OK
6916,4.907000,OK
6917,4.866900,OK
6918,4.957700,OK
6919,5.077400,OK
6920,5.410400,OK
6921,4.955100,OK
6922,5.416600,OK
6923,5.097000,OK
6924,5.416300,OK
6925,5.125900,OK
6926,4.906700,OK
6927,4.650700,OK
6928,4.925900,OK
6929,4.991400,OK
6930,4.804700,OK
6931,4.668400,OK
6932,5.038800,OK
6933,4.604200,OK
6934,4.781100,OK
6935,4.843200,OK
6936,4.750600,OK
6937,5.012400,OK
6938,5.292200,OK
6939,4.262400,OK
6940,4.464300,OK
6941,4.258700,OK
6942,4.115500,OK
6943,3.956400,OK
6944,4.567600,OK
6945,4.737200,OK
6946,3.809000,OK
6947,4.613800,OK
6948,3.865200,OK
6949,3.929100,OK
6950,4.673600,OK
6951,4.063300,OK
6952,3.877700,OK
6953,3.781500,OK
6954,4.042000,OK
6955,3.975200,OK
6956,3.877600,OK
6957,3.920400,OK
6958,4.876400,OK
6959,4.756700,OK
6960,3.954300,OK
6961,4.166900,OK
6962,3.831600,OK
6963,4.026700,OK
6964,4.903800,OK
6965,4.775400,OK
6966,3.935800,OK
6967,4.064800,OK
6968,4.040800,OK
6969,4.338200,OK
6970,4.289400,OK
6971,3.935000,OK
6972,3.940900,OK
6973,4.209100,OK
6974,4.675000,OK
6975,4.203700,OK
6976,4.875300,OK
6977,4.180800,OK
6978,4.085400,OK
6979,4.729700,OK
6980,4.150200,OK
6981,4.041800,OK
6982,4.881000,OK
6983,4.123400,OK
6984,3.967100,OK
6985,4.912000,OK
6986,4.887900,OK
6987,4.762300,OK
6988,4.767100,OK
6989,4.182000,OK
6990,4.022000,OK
6991,4.481200,OK
6992,4.668900,OK
6993,5.057100,OK
6994,4.906300,OK
6995,5.079200,OK
6996,4.950700,OK
6997,5.131400,OK
6998,4.961100,OK
6999,4.320800,OK
7000,5.155900,OK
7001,4.771100,OK
7002,4.767500,OK
7003,4.825200,OK
7004,4.961000,OK
7005,4.228600,OK
7006,4.358900,OK
7007,4.504300,OK
7008,4.194800,OK
7009,5.372200,OK
7010,4.395700,OK
7011,4.811100,OK
7012,4.873500,OK
7013,4.848700,OK
7014,4.902300,OK
7015,5.118500,OK
7016,5.007100,OK
7017,4.776800,OK
7018,4.894600,OK
7019,4.839200,OK
7020,4.821100,OK
7021,4.818300,OK
7022,4.851700,OK
7023,5.186500,OK
7024,4.961500,OK
7025,4.848900,OK
7026,5.238300,OK
7027,4.837000,OK
7028,4.840800,OK
7029,5.160300,OK
7030,4.751200,OK
7031,4.771500,OK
7032,4.482500,OK
7033,4.642800,OK
7034,4.866800,OK
7035,4.658000,OK
7036,5.329700,OK
7037,4.666700,OK
7038,4.855000,OK
7039,4.578400,OK
7040,4.792600,OK
7041,4.859500,OK
7042,4.116700,OK
7043,5.536000,OK
7044,5.535700,OK
7045,5.050600,OK
7046,3.963100,OK
7047,3.705900,OK
7048,4.080400,OK
7049,4.051500,OK
7050,3.800200,OK
7051,3.995600,OK
7052,4.017800,OK
7053,3.904800,OK
7054,4.029200,OK
7055,4.210500,OK
7056,4.293700,OK
7057,4.402800,OK
7058,4.356200,OK
7059,4.093500,OK
7060,4.138000,OK
7061,4.139400,OK
7062,4.674100,OK
7063,4.208400,OK
7064,3.913500,OK
7065,4.740200,OK
7066,3.856700,OK
7067,3.826200,OK
7068,4.786800,OK
7069,3.832900,OK
7070,4.059300,OK
7071,4.740000,OK
7072,3.936100,OK
7073,4.054100,OK
7074,4.496400,OK
7075,4.792500,OK
7076,3.939000,OK
7077,4.774500,OK
7078,4.803800,OK
7079,4.966500,OK
7080,4.816900,OK
7081,4.846100,OK
7082,4.726300,OK
7083,4.848700,OK
7084,4.870600,OK
7085,4.712400,OK
7086,4.872800,OK
7087,4.575900,OK
7088,4.623500,OK
7089,5.488200,OK
7090,4.277500,OK
7091,4.625100,OK
7092,4.825800,OK
7093,4.615800,OK
7094,4.678400,OK
7095,4.595700,OK
7096,4.073600,OK
7097,4.836400,OK
7098,4.736800,OK
7099,4.164900,OK
7100,4.876200,OK
7101,5.018400,OK
7102,4.414300,OK
7103,5.144000,OK
7104,4.525700,OK
7105,4.819300,OK
7106,4.639700,OK
7107,4.416000,OK
7108,4.574700,OK
7109,4.831500,OK
7110,4.807900,OK
7111,4.806800,OK
7112,4.358900,OK
7113,5.124200,OK
7114,5.162400,OK
7115,4.314700,OK
7116,4.956700,OK
7117,4.680200,OK
7118,4.946900,OK
7119,5.243500,OK
7120,5.058600,OK
7121,4.731600,OK
7122,4.734300,OK
7123,4.858300,OK
7124,4.845200,OK
7125,5.109900,OK
7126,4.943100,OK
7127,4.551400,OK
7128,5.061200,OK
7129,4.834200,OK
7130,5.173800,OK
7131,4.711800,OK
7132,4.725200,OK
7133,4.796800,OK
7134,4.832600,OK
7135,4.961100,OK
7136,5.362400,OK
7137,4.704100,OK
7138,4.961500,OK
7139,4.864100,OK
7140,4.919500,OK
7141,5.301700,OK
7142,5.374100,OK
7143,5.318200,OK
7144,4.822000,OK
7145,4.851000,OK
7146,5.123100,OK
7147,4.917000,OK
7148,5.428800,OK
7149,6.082900,OK
7150,4.865700,OK
7151,5.030200,OK
7152,4.680800,OK
7153,5.192300,OK
7154,5.225400,OK
7155,3.845200,OK
7156,3.834800,OK
7157,4.215400,OK
7158,4.547100,OK
7159,3.761700,OK
7160,4.003300,OK
7161,3.879300,OK
7162,3.740600,OK
7163,4.169000,OK
7164,3.819900,OK
7165,4.003400,OK
7166,3.959500,OK
7167,4.353400,OK
7168,4.631200,OK
7169,3.895200,OK
7170,4.223500,OK
7171,4.373200,OK
7172,3.871900,OK
7173,4.153700,OK
7174,4.449100,OK
7175,4.296500,OK
7176,4.766400,OK
7177,4.022400,OK
7178,3.949500,OK
7179,4.050700,OK
7180,4.801600,OK
7181,4.236800,OK
7182,4.379400,OK
7183,4.608700,OK
7184,4.277000,OK
7185,3.848100,OK
7186,4.879500,OK
7187,4.840500,OK
7188,4.870700,OK
7189,4.487200,OK
7190,4.840900,OK
7191,4.939800,OK
7192,4.713900,OK
7193,3.951700,OK
7194,4.646600,OK
7195,4.779300,OK
7196,4.856000,OK
7197,4.864400,OK
7198,3.967700,OK
7199,4.058500,OK
7200,5.819800,OK
7201,4.134600,OK
7202,4.788200,OK
7203,4.348600,OK
7204,4.832200,OK
7205,4.873800,OK
7206,5.015200,OK
7207,4.994900,OK
7208,4.857000,OK
7209,4.928700,OK
7210,4.897000,OK
7211,4.744900,OK
7212,4.448600,OK
7213,4.865200,OK
7214,4.961300,OK
7215,5.380700,OK
7216,4.831200,OK
7217,4.109200,OK
7218,5.000400,OK
7219,4.712800,OK
7220,5.049900,OK
7221,4.600300,OK
7222,5.098400,OK
7223,5.157800,OK
7224,4.733100,OK
7225,5.062300,OK
7226,4.682700,OK
7227,4.836600,OK
7228,4.984700,OK
7229,4.515000,OK
7230,5.111900,OK
7231,4.925800,OK
7232,4.767200,OK
7233,4.890600,OK
7234,5.183900,OK
7235,5.046900,OK
7236,4.918300,OK
7237,4.815300,OK
7238,4.731400,OK
7239,5.171000,OK
7240,4.645900,OK
7241,4.896200,OK
7242,4.837200,OK
7243,5.014100,OK
7244,4.913500,OK
7245,5.199200,OK
7246,5.031800,OK
7247,5.207600,OK
7248,4.828300,OK
7249,5.328100,OK
7250,4.651500,OK
7251,5.157000,OK
7252,4.913600,OK
7253,5.161800,OK
7254,4.931900,OK
7255,4.743700,OK
7256,4.723800,OK
7257,4.983100,OK
7258,5.010200,OK
7259,4.665300,OK
7260,5.132100,OK
7261,5.285400,OK
7262,5.255900,OK
7263,5.014200,OK
7264,5.351600,OK
7265,5.262700,OK
7266,5.507500,OK
7267,4.139000,OK
7268,4.436800,OK
7269,4.446500,OK
7270,4.231900,OK
7271,4.075500,OK
7272,4.549900,OK
7273,4.359100,OK
7274,4.364400,OK
7275,3.839500,OK
7276,3.975800,OK
7277,4.064500,OK
7278,4.755600,OK
7279,4.687700,OK
7280,4.505400,OK
7281,3.869200,OK
7282,3.785900,OK
7283,4.448900,OK
7284,4.083000,OK
7285,4.230800,OK
7286,4.116200,OK
7287,4.573300,OK
7288,4.436100,OK
7289,4.637000,OK
7290,4.286000,OK
7291,4.881600,OK
7292,4.565100,OK
7293,3.801000,OK
7294,4.104700,OK
7295,4.553400,OK
7296,4.825300,OK
7297,4.614200,OK
7298,4.226700,OK
7299,4.296400,OK
7300,4.446100,OK
7301,4.403200,OK
7302,4.156800,OK
7303,4.918000,OK
7304,4.775800,OK
7305,5.426300,OK
7306,4.292400,OK
7307,4.092000,OK
7308,4.426600,OK
7309,4.720200,OK
7310,4.008000,OK
7311,5.003500,OK
7312,4.674900,OK
7313,4.693000,OK
7314,4.854400,OK
7315,4.886300,OK
7316,4.695800,OK
7317,4.931200,OK
7318,4.449800,OK
7319,4.469500,OK
7320,4.343600,OK
7321,4.607000,OK
7322,4.445300,OK
7323,5.081900,OK
7324,4.428100,OK
7325,4.741700,OK
7326,5.087700,OK
7327,4.559400,OK
7328,4.932000,OK
7329,4.716300,OK
7330,4.985000,OK
7331,4.397600,OK
7332,4.335000,OK
7333,4.166100,OK
7334,4.732500,OK
7335,4.870900,OK
7336,4.904300,OK
7337,4.702900,OK
7338,4.970500,OK
7339,5.029800,OK
7340,4.384100,OK
7341,4.694200,OK
7342,4.948500,OK
7343,4.462400,OK
7344,4.526900,OK
7345,4.266900,OK
7346,4.495400,OK
7347,4.440400,OK
7348,5.127300,OK
7349,4.707600,OK
7350,4.705900,OK
7351,4.992500,OK
7352,5.102600,OK
7353,4.835100,OK
7354,4.686100,OK
7355,4.718300,OK
7356,4.749100,OK
7357,4.724900,OK
7358,4.697400,OK
7359,4.968000,OK
7360,4.430100,OK
7361,4.459600,OK
7362,4.475700,OK
7363,4.385300,OK
7364,5.181800,OK
7365,4.886200,OK
7366,4.766300,OK
7367,4.931500,OK
7368,5.162400,OK
7369,4.871700,OK
7370,5.504900,OK
7371,4.646900,OK
7372,4.865200,OK
7373,4.998600,OK
7374,4.856900,OK
7375,4.660600,OK
7376,5.129600,OK
7377,4.851200,OK
7378,4.701900,OK
7379,5.643200,OK
7380,3.945800,OK
7381,3.727100,OK
7382,4.254500,OK
7383,3.995400,OK
7384,3.787000,OK
7385,3.898800,OK
7386,4.016100,OK
7387,3.899700,OK
7388,4.671900,OK
7389,3.800800,OK
7390,4.596700,OK
7391,4.091900,OK
7392,3.769900,OK
7393,4.015000,OK
7394,3.886300,OK
7395,4.248400,OK
7396,3.803300,OK
7397,3.980200,OK
7398,4.731500,OK
7399,4.359300,OK
7400,3.965400,OK
7401,4.136200,OK
7402,4.739400,OK
7403,3.926800,OK
7404,3.825200,OK
7405,3.978000,OK
7406,3.957400,OK
7407,4.256600,OK
7408,4.375000,OK
7409,4.822700,OK
7410,3.922000,OK
7411,3.921200,OK
7412,4.066700,OK
7413,3.938000,OK
7414,4.833900,OK
7415,3.875700,OK
7416,4.019000,OK
7417,4.852500,OK
7418,4.838700,OK
7419,4.914400,OK
7420,4.629100,OK
7421,4.888900,OK
7422,4.904000,OK
7423,4.580800,OK
7424,4.956800,OK
7425,4.749400,OK
7426,4.914000,OK
7427,4.831600,OK
7428,4.174500,OK
7429,4.859900,OK
7430,4.223400,OK
7431,4.255900,OK
7432,4.192800,OK
7433,4.606000,OK
7434,4.604100,OK
7435,4.703100,OK
7436,4.464300,OK
7437,4.571200,OK
7438,4.404800,OK
7439,4.353600,OK
7440,4.664000,OK
7441,4.532600,OK
7442,4.380200,OK
7443,4.897000,OK
7444,4.904600,OK
7445,4.956000,OK
7446,4.679000,OK
7447,5.061700,OK
7448,4.896500,OK
7449,5.120900,OK
7450,4.842400,OK
7451,5.033500,OK
7452,4.289500,OK
7453,4.990300,OK
7454,4.270600,OK
7455,4.401000,OK
7456,4.380400,OK
7457,4.954200,OK
7458,5.145200,OK
7459,5.058500,OK
7460,4.702800,OK
7461,4.817700,OK
7462,5.283700,OK
7463,4.865100,OK
7464,4.885500,OK
7465,4.751300,OK
7466,4.962000,OK
7467,4.731800,OK
7468,4.536000,OK
7469,4.726300,OK
7470,4.515900,OK
7471,4.835400,OK
7472,5.038900,OK
7473,4.777700,OK
7474,5.009600,OK
7475,5.233300,OK
7476,4.672100,OK
7477,4.781900,OK
7478,5.260200,OK
7479,4.929000,OK
7480,4.737700,OK
7481,5.421000,OK
7482,5.402800,OK
7483,5.262000,OK
7484,4.703500,OK
7485,4.963300,OK
7486,5.021400,OK
7487,4.878200,OK
7488,5.035800,OK
7489,4.524800,OK
7490,3.915900,OK
7491,4.046300,OK
7492,4.109800,OK
7493,3.774400,OK
7494,3.964100,OK
7495,4.379700,OK
7496,4.354500,OK
7497,4.300300,OK
7498,3.798100,OK
7499,3.873900,OK
7500,3.943800,OK
7501,4.683500,OK
7502,3.833500,OK
7503,3.975800,OK
7504,4.745700,OK
7505,4.576200,OK
7506,4.955400,OK
7507,4.504800,OK
7508,4.795100,OK
7509,4.704000,OK
7510,4.200800,OK
7511,3.961200,OK
7512,4.616300,OK
7513,3.915400,OK
7514,4.853000,OK
7515,4.553900,OK
7516,3.896700,OK
7517,3.799100,OK
7518,4.143200,OK
7519,4.022500,OK
7520,3.898300,OK
7521,4.766300,OK
7522,4.646500,OK
7523,4.377800,OK
7524,3.947100,OK
7525,4.237600,OK
7526,4.720900,OK
7527,4.159000,OK
7528,4.065000,OK
7529,4.666200,OK
7530,4.932500,OK
7531,4.582900,OK
7532,4.259300,OK
7533,4.181000,OK
7534,4.903300,OK
7535,4.665200,OK
7536,4.821900,OK
7537,4.992300,OK
7538,4.668000,OK
7539,5.001700,OK
7540,4.740400,OK
7541,4.404100,OK
7542,4.545100,OK
7543,4.391000,OK
7544,4.471600,OK
7545,4.250200,OK
7546,4.556800,OK
7547,4.801400,OK
7548,4.874900,OK
7549,4.812100,OK
7550,4.831500,OK
7551,4.980500,OK
7552,4.232600,OK
7553,4.894200,OK
7554,4.358700,OK
7555,5.136300,OK
7556,4.818200,OK
7557,4.634000,OK
7558,4.971300,OK
7559,4.970400,OK
7560,4.351600,OK
7561,4.574600,OK
7562,4.893300,OK
7563,4.876600,OK
7564,4.787300,OK
7565,4.683300,OK
7566,5.186700,OK
7567,4.900000,OK
7568,4.763700,OK
7569,5.152200,OK
7570,4.536100,OK
7571,4.903900,OK
7572,5.121500,OK
7573,4.625000,OK
7574,4.478700,OK
7575,4.894800,OK
7576,4.604700,OK
7577,5.227000,OK
7578,4.508300,OK
7579,4.858200,OK
7580,4.962500,OK
7581,4.620600,OK
7582,5.261900,OK
7583,5.157200,OK
7584,4.659600,OK
7585,5.223800,OK
7586,4.837900,OK
7587,5.247200,OK
7588,5.010200,OK
7589,4.739500,OK
7590,4.917700,OK
7591,5.417300,OK
7592,4.831900,OK
7593,4.968900,OK
7594,4.785400,OK
7595,4.895100,OK
7596,4.806200,OK
7597,5.120900,OK
7598,4.905500,OK
7599,5.593200,OK
7600,4.789300,OK
7601,3.944900,OK
7602,3.902500,OK
7603,4.006600,OK
7604,3.974700,OK
7605,4.040400,OK
7606,3.782600,OK
7607,4.121600,OK
7608,3.894300,OK
7609,4.661300,OK
7610,3.915900,OK
7611,3.907500,OK
7612,4.637600,OK
7613,3.930700,OK
7614,4.767300,OK
7615,4.257100,OK
7616,3.948700,OK
7617,3.860600,OK
7618,4.300600,OK
7619,3.784500,OK
7620,3.984100,OK
7621,4.127800,OK
7622,4.805100,OK
7623,4.132900,OK
7624,4.117400,OK
7625,4.074500,OK
7626,4.325900,OK
7627,4.376200,OK
7628,4.051100,OK
7629,3.889600,OK
7630,4.879400,OK
7631,4.757200,OK
7632,4.983500,OK
7633,4.300200,OK
7634,4.319300,OK
7635,4.655300,OK
7636,4.488100,OK
7637,4.854900,OK
7638,4.805900,OK
7639,4.740300,OK
7640,4.118800,OK
7641,4.904700,OK
7642,4.511800,OK
7643,4.216200,OK
7644,4.913700,OK
7645,4.904300,OK
7646,4.191300,OK
7647,4.891200,OK
7648,4.938700,OK
7649,4.752100,OK
7650,4.897400,OK
7651,4.187400,OK
7652,4.764100,OK
7653,5.138200,OK
7654,4.624900,OK
7655,4.939800,OK
7656,4.731500,OK
7657,4.766700,OK
7658,4.966300,OK
7659,5.030800,OK
7660,4.803800,OK
7661,5.063200,OK
7662,4.739400,OK
7663,5.211800,OK
7664,4.882600,OK
7665,4.769200,OK
7666,4.941500,OK
7667,5.028800,OK
7668,4.826600,OK
7669,4.369100,OK
7670,4.602900,OK
7671,4.893700,OK
7672,4.864700,OK
7673,5.180100,OK
7674,5.122600,OK
7675,5.130000,OK
7676,5.826300,OK
7677,4.609400,OK
7678,5.104800,OK
7679,4.924000,OK
7680,5.139400,OK
7681,5.053900,OK
7682,4.643800,OK
7683,5.029800,OK
7684,5.084300,OK
7685,5.004900,OK
7686,5.135500,OK
7687,4.909500,OK
7688,4.617100,OK
7689,5.164800,OK
7690,5.220400,OK
7691,5.029100,OK
7692,5.103700,OK
7693,4.698200,OK
7694,4.769200,OK
7695,5.097000,OK
7696,5.160200,OK
7697,5.118100,OK
7698,5.051600,OK
7699,4.868300,OK
7700,5.112600,OK
7701,4.795600,OK
7702,4.807400,OK
7703,4.619500,OK
7704,4.722900,OK
7705,5.015800,OK
7706,4.257200,OK
7707,5.292700,OK
7708,4.666900,OK
7709,3.723000,OK
7710,3.821300,OK
7711,3.718300,OK
7712,3.891300,OK
7713,3.919100,OK
7714,4.216700,OK
7715,4.288900,OK
7716,4.478000,OK
7717,4.305500,OK
7718,4.237200,OK
7719,4.614600,OK
7720,4.489400,OK
7721,3.799800,OK
7722,3.769400,OK
7723,4.069900,OK
7724,3.821600,OK
7725,3.829800,OK
7726,3.767800,OK
7727,3.860900,OK
7728,3.770500,OK
7729,4.063500,OK
7730,4.642700,OK
7731,4.545800,OK
7732,4.551900,OK
7733,3.870800,OK
7734,3.854700,OK
7735,4.476700,OK
7736,4.576000,OK
7737,3.932500,OK
7738,4.428500,OK
7739,4.009500,OK
7740,4.897800,OK
7741,4.734800,OK
7742,4.076600,OK
7743,5.903500,OK
7744,4.832100,OK
7745,4.011900,OK
7746,4.529300,OK
7747,4.806000,OK
7748,4.241000,OK
7749,4.560300,OK
7750,4.886000,OK
7751,4.503300,OK
7752,4.038300,OK
7753,4.923000,OK
7754,4.800100,OK
7755,4.861100,OK
7756,4.976900,OK
7757,4.979600,OK
7758,4.494300,OK
7759,4.661300,OK
7760,5.890200,OK
7761,5.053000,OK
7762,4.767900,OK
7763,4.851100,OK
7764,5.109900,OK
7765,4.716300,OK
7766,5.008000,OK
7767,5.130400,OK
7768,4.767600,OK
7769,5.232700,OK
7770,4.386400,OK
7771,4.967900,OK
7772,5.086400,OK
7773,4.163500,OK
7774,4.181600,OK
7775,4.965300,OK
7776,4.975100,OK
7777,4.819300,OK
7778,5.019500,OK
7779,5.052000,OK
7780,4.990300,OK
7781,4.711200,OK
7782,5.080800,OK
7783,4.788000,OK
7784,4.803600,OK
7785,5.035800,OK
7786,5.089600,OK
7787,4.671600,OK
7788,4.781200,OK
7789,4.703900,OK
7790,5.064800,OK
7791,4.526300,OK
7792,5.025300,OK
7793,4.846100,OK
7794,4.889300,OK
7795,4.453700,OK
7796,4.760100,OK
7797,4.554200,OK
7798,4.722900,OK
7799,4.806900,OK
7800,4.815000,OK
7801,4.873700,OK
7802,4.770600,OK
7803,4.626400,OK
7804,4.867200,OK
7805,4.863200,OK
7806,4.728400,OK
7807,4.707300,OK
7808,4.739200,OK
7809,4.677800,OK
7810,4.988200,OK
7811,3.847100,OK
7812,5.067100,OK
7813,5.513300,OK
7814,4.717400,OK
7815,4.633500,OK
7816,4.654800,OK
7817,5.186600,OK
7818,4.719300,OK
7819,4.863900,OK
7820,5.170400,OK
7821,4.455800,OK
7822,3.908300,OK
7823,4.263900,OK
7824,4.325700,OK
7825,4.148600,OK
7826,3.914100,OK
7827,4.424600,OK
7828,4.430900,OK
7829,4.248700,OK
7830,5.333700,OK
7831,4.468300,OK
7832,4.326700,OK
7833,4.361600,OK
7834,4.477600,OK
7835,4.287600,OK
7836,4.207400,OK
7837,3.995200,OK
7838,4.632600,OK
7839,3.885500,OK
7840,3.937700,OK
7841,4.759900,OK
7842,4.216900,OK
7843,4.001600,OK
7844,4.799100,OK
7845,3.885700,OK
7846,3.996400,OK
7847,4.627400,OK
7848,4.716100,OK
7849,3.854500,OK
7850,4.068300,OK
7851,4.320400,OK
7852,5.142300,OK
7853,4.786600,OK
7854,4.095800,OK
7855,4.078600,OK
7856,3.914600,OK
7857,3.997400,OK
7858,4.935500,OK
7859,4.832900,OK
7860,4.929700,OK
7861,4.784300,OK
7862,4.126300,OK
7863,4.129800,OK
7864,4.625000,OK
7865,4.411500,OK
7866,4.240700,OK
7867,4.366500,OK
7868,3.974400,OK
7869,4.642900,OK
7870,4.765800,OK
7871,4.187000,OK
7872,4.367100,OK
7873,4.375100,OK
7874,4.133600,OK
7875,4.972400,OK
7876,4.738200,OK
7877,4.898900,OK
7878,4.809300,OK
7879,4.700700,OK
7880,4.700400,OK
7881,4.728700,OK
7882,4.878800,OK
7883,4.772300,OK
7884,4.640200,OK
7885,4.574600,OK
7886,4.742700,OK
7887,4.589600,OK
7888,5.240300,OK
7889,5.072100,OK
7890,4.594200,OK
7891,4.801700,OK
7892,4.457100,OK
7893,5.026900,OK
7894,4.428800,OK
7895,4.608000,OK
7896,4.931900,OK
7897,4.862400,OK
7898,4.309900,OK
7899,4.346900,OK
7900,4.487500,OK
7901,4.274500,OK
7902,5.389600,OK
7903,4.642300,OK
7904,5.131700,OK
7905,5.504100,OK
7906,4.821700,OK
7907,4.788600,OK
7908,5.285000,OK
7909,4.910100,OK
7910,4.968100,OK
7911,4.880300,OK
7912,4.794900,OK
7913,4.892100,OK
7914,4.615400,OK
7915,5.111000,OK
7916,5.041700,OK
7917,4.792400,OK
7918,5.274300,OK
7919,5.043400,OK
7920,4.911700,OK
7921,4.893100,OK
7922,5.093500,OK
7923,4.727500,OK
7924,4.949100,OK
7925,4.763800,OK
7926,4.678200,OK
7927,5.103200,OK
7928,4.701000,OK
7929,4.876900,OK
7930,5.094200,OK
7931,5.428600,OK
7932,3.837400,OK
7933,4.306300,OK
7934,4.525700,OK
7935,4.002900,OK
7936,3.840800,OK
7937,4.131600,OK
7938,3.832700,OK
7939,4.044400,OK
7940,4.275300,OK
7941,4.678000,OK
7942,3.994800,OK
7943,4.713700,OK
7944,4.688300,OK
7945,3.965800,OK
7946,3.893300,OK
7947,4.757200,OK
7948,3.936300,OK
7949,3.837500,OK
7950,4.744400,OK
7951,4.020600,OK
7952,3.892800,OK
7953,4.121300,OK
7954,3.881400,OK
7955,3.882100,OK
7956,4.197400,OK
7957,4.832500,OK
7958,3.896500,OK
7959,4.043900,OK
7960,4.881500,OK
7961,4.834500,OK
7962,3.984200,OK
7963,4.061700,OK
7964,4.110400,OK
7965,4.901400,OK
7966,4.700800,OK
7967,4.820500,OK
7968,4.824300,OK
7969,4.794300,OK
7970,5.001600,OK
7971,3.998000,OK
7972,4.382700,OK
7973,3.914000,OK
7974,4.620000,OK
7975,4.951000,OK
7976,4.095700,OK
7977,4.335900,OK
7978,4.330200,OK
7979,4.507900,OK
7980,4.396100,OK
7981,4.169900,OK
7982,4.130100,OK
7983,4.506000,OK
7984,4.593400,OK
7985,4.969700,OK
7986,4.738100,OK
7987,4.708800,OK
7988,4.905800,OK
7989,4.580500,OK
7990,4.709000,OK
7991,4.717900,OK
7992,4.818700,OK
7993,4.773400,OK
7994,4.886700,OK
7995,4.467000,OK
7996,4.935300,OK
7997,4.453900,OK
7998,4.966200,OK
7999,4.931400,OK
8000,5.001500,OK
8001,4.900500,OK
8002,4.994000,OK
8003,4.879300,OK
8004,5.002000,OK
8005,5.348400,OK
8006,4.957900,OK
8007,4.442600,OK
8008,4.690100,OK
8009,4.777700,OK
8010,4.333000,OK
8011,5.141800,OK
8012,4.257400,OK
8013,5.233200,OK
8014,4.992500,OK
8015,4.980300,OK
8016,4.767900,OK
8017,5.091700,OK
8018,4.949700,OK
8019,4.626300,OK
8020,4.895400,OK
8021,4.928400,OK
8022,4.724000,OK
8023,4.814400,OK
8024,4.783600,OK
8025,4.819200,OK
8026,5.414000,OK
8027,5.236000,OK
8028,5.160700,OK
8029,4.936900,OK
8030,4.846300,OK
8031,4.628600,OK
8032,4.945500,OK
8033,4.594700,OK
8034,5.232700,OK
8035,4.911000,OK
8036,5.062700,OK
8037,4.775900,OK
8038,4.851700,OK
8039,5.160000,OK
8040,5.556000,OK
8041,5.640100,OK
8042,4.802400,OK
8043,4.831600,OK
8044,4.706400,OK
8045,4.436400,OK
8046,3.750300,OK
8047,3.900100,OK
8048,3.887000,OK
8049,3.742300,OK
8050,3.735600,OK
8051,3.875500,OK
8052,3.955500,OK
8053,4.590100,OK
8054,4.680400,OK
8055,4.044000,OK
8056,3.984000,OK
8057,3.786600,OK
8058,5.182300,OK
8059,4.457700,OK
8060,3.804200,OK
8061,4.729800,OK
8062,3.973900,OK
8063,4.249800,OK
8064,4.104800,OK
8065,4.559500,OK
8066,4.238400,OK
8067,3.798100,OK
8068,4.684800,OK
8069,4.569500,OK
8070,3.893800,OK
8071,4.713200,OK
8072,4.100200,OK
8073,3.915800,OK
8074,3.872600,OK
8075,4.095200,OK
8076,4.817400,OK
8077,4.735700,OK
8078,4.401000,OK
8079,4.432400,OK
8080,4.177000,OK
8081,4.051700,OK
8082,4.899200,OK
8083,4.774200,OK
8084,4.031600,OK
8085,4.875100,OK
8086,4.770600,OK
8087,4.815000,OK
8088,4.599800,OK
8089,4.699800,OK
8090,4.765600,OK
8091,4.814000,OK
8092,4.960500,OK
8093,4.228100,OK
8094,4.735700,OK
8095,4.866200,OK
8096,4.327100,OK
8097,4.881000,OK
8098,4.214100,OK
8099,4.655100,OK
8100,4.891000,OK
8101,4.808200,OK
8102,4.649200,OK
8103,4.951200,OK
8104,4.556300,OK
8105,4.915100,OK
8106,4.897500,OK
8107,4.911400,OK
8108,4.814800,OK
8109,4.940900,OK
8110,4.992500,OK
8111,4.866000,OK
8112,4.889100,OK
8113,5.114100,OK
8114,4.407000,OK
8115,4.360200,OK
8116,4.259500,OK
8117,5.140600,OK
8118,4.539700,OK
8119,4.579200,OK
8120,4.723400,OK
8121,4.897900,OK
8122,4.835200,OK
8123,5.417300,OK
8124,4.699200,OK
8125,4.952500,OK
8126,5.163500,OK
8127,4.774200,OK
8128,5.793700,OK
8129,4.869400,OK
8130,4.829500,OK
8131,4.896000,OK
8132,4.775800,OK
8133,5.230400,OK
8134,4.797000,OK
8135,4.679500,OK
8136,4.824500,OK
8137,4.898400,OK
8138,4.658400,OK
8139,4.896800,OK
8140,5.041500,OK
8141,4.840400,OK
8142,4.950300,OK
8143,4.922600,OK
8144,4.812100,OK
8145,5.644400,OK
8146,5.151800,OK
8147,5.199600,OK
8148,5.284700,OK
8149,4.713400,OK
8150,4.897300,OK
8151,4.597000,OK
8152,4.933000,OK
8153,5.055100,OK
8154,3.954500,OK
8155,4.190300,OK
8156,4.264000,OK
8157,3.891200,OK
8158,3.873900,OK
8159,3.815200,OK
8160,3.769000,OK
8161,3.907900,OK
8162,3.952000,OK
8163,3.780100,OK
8164,3.708700,OK
8165,3.849900,OK
8166,4.831200,OK
8167,3.774900,OK
8168,4.549300,OK
8169,4.536800,OK
8170,4.009500,OK
8171,3.938600,OK
8172,4.441200,OK
8173,4.088600,OK
8174,3.916700,OK
8175,4.289500,OK
8176,4.268100,OK
8177,3.814500,OK
8178,4.899900,OK
8179,4.056700,OK
8180,4.248900,OK
8181,4.011800,OK
8182,4.126700,OK
8183,3.912500,OK
8184,4.653300,OK
8185,4.846800,OK
8186,4.846700,OK
8187,4.707500,OK
8188,4.888200,OK
8189,4.612900,OK
8190,4.474700,OK
8191,4.859200,OK
8192,4.732900,OK
8193,4.342400,OK
8194,4.103000,OK
8195,4.803200,OK
8196,4.821100,OK
8197,4.924900,OK
8198,5.785200,OK
8199,4.277100,OK
8200,5.311300,OK
8201,4.369100,OK
8202,4.200000,OK
8203,4.998800,OK
8204,4.876600,OK
8205,4.105200,OK
8206,4.831900,OK
8207,4.916800,OK
8208,4.050500,OK
8209,4.103800,OK
8210,4.273400,OK
8211,4.266300,OK
8212,4.162500,OK
8213,4.970000,OK
8214,4.877400,OK
8215,4.969000,OK
8216,4.858100,OK
8217,4.865800,OK
8218,4.853000,OK
8219,4.756200,OK
8220,4.776100,OK
8221,4.925500,OK
8222,4.203100,OK
8223,4.944800,OK
8224,4.886700,OK
8225,4.836300,OK
8226,5.048800,OK
8227,5.150000,OK
8228,4.714700,OK
8229,4.931100,OK
8230,4.985800,OK
8231,4.795900,OK
8232,5.440900,OK
8233,5.267500,OK
8234,4.939900,OK
8235,4.649200,OK
8236,5.089300,OK
8237,4.659300,OK
8238,5.263000,OK
8239,4.981400,OK
8240,4.952000,OK
8241,4.883500,OK
8242,4.916500,OK
8243,4.807400,OK
8244,5.051900,OK
8245,4.651100,OK
8246,5.428600,OK
8247,5.546200,OK
8248,5.630400,OK
8249,5.426100,OK
8250,4.779200,OK
8251,4.460200,OK
8252,5.444900,OK
8253,4.491800,OK
8254,5.509300,OK
8255,5.374300,OK
8256,5.083700,OK
8257,5.583600,OK
8258,5.541000,OK
8259,5.606500,OK
8260,4.591700,OK
8261,3.597300,OK
8262,4.775600,OK
8263,4.024700,OK
8264,3.898000,OK
8265,4.889600,OK
8266,4.276000,OK
8267,3.756400,OK
8268,4.040500,OK
8269,4.049400,OK
8270,3.759800,OK
8271,3.855000,OK
8272,4.670500,OK
8273,4.126700,OK
8274,3.951800,OK
8275,4.244200,OK
8276,4.087200,OK
8277,3.932200,OK
8278,4.058900,OK
8279,3.799800,OK
8280,4.141200,OK
8281,4.553700,OK
8282,3.951800,OK
8283,4.021000,OK
8284,4.671800,OK
8285,4.314300,OK
8286,3.900400,OK
8287,4.865500,OK
8288,4.769400,OK
8289,4.926300,OK
8290,4.060900,OK
8291,4.939800,OK
8292,4.520200,OK
8293,4.956900,OK
8294,4.856800,OK
8295,4.824700,OK
8296,4.279000,OK
8297,4.009400,OK
8298,4.969800,OK
8299,3.997700,OK
8300,4.869700,OK
8301,5.844000,OK
8302,4.039700,OK
8303,4.061000,OK
8304,4.252000,OK
8305,4.816700,OK
8306,4.890900,OK
8307,4.999400,OK
8308,4.984100,OK
8309,4.700500,OK
8310,4.603500,OK
8311,4.131800,OK
8312,5.009600,OK
8313,4.687000,OK
8314,4.428100,OK
8315,4.941000,OK
8316,4.902900,OK
8317,4.600600,OK
8318,5.780700,OK
8319,4.228100,OK
8320,4.256500,OK
8321,4.710000,OK
8322,4.242100,OK
8323,4.931700,OK
8324,4.550200,OK
8325,4.696800,OK
8326,4.835500,OK
8327,4.992600,OK
8328,5.171400,OK
8329,4.986300,OK
8330,4.760100,OK
8331,4.746400,OK
8332,4.861100,OK
8333,4.549200,OK
8334,4.828700,OK
8335,5.279100,OK
8336,4.964800,OK
8337,4.856900,OK
8338,4.608500,OK
8339,4.712300,OK
8340,4.939400,OK
8341,4.990700,OK
8342,4.797600,OK
8343,4.958900,OK
8344,4.930900,OK
8345,4.782900,OK
8346,4.837500,OK
8347,4.992100,OK
8348,4.830600,OK
8349,4.657100,OK
8350,5.081000,OK
8351,5.663900,OK
8352,5.025500,OK
8353,4.776700,OK
8354,4.677400,OK
8355,5.231900,OK
8356,5.000700,OK
8357,4.874200,OK
8358,5.276900,OK
8359,4.700300,OK
8360,4.845600,OK
8361,5.170300,OK
8362,4.818900,OK
8363,3.742400,OK
8364,3.777900,OK
8365,3.772900,OK
8366,3.828300,OK
8367,3.822100,OK
8368,3.945000,OK
8369,4.167000,OK
8370,3.783700,OK
8371,4.063800,OK
8372,4.024200,OK
8373,3.850900,OK
8374,4.409400,OK
8375,4.255400,OK
8376,4.355600,OK
8377,4.049700,OK
8378,3.877300,OK
8379,3.895400,OK
8380,4.424100,OK
8381,3.796900,OK
8382,4.932200,OK
8383,4.699000,OK
8384,3.834600,OK
8385,3.927600,OK
8386,4.213500,OK
8387,3.812900,OK
8388,4.149300,OK
8389,4.641200,OK
8390,4.326800,OK
8391,3.979600,OK
8392,4.670900,OK
8393,4.859500,OK
8394,4.004400,OK
8395,4.718400,OK
8396,4.794500,OK
8397,3.996100,OK
8398,4.540500,OK
8399,4.826500,OK
8400,4.421600,OK
8401,4.016900,OK
8402,4.088600,OK
8403,4.989100,OK
8404,4.972300,OK
8405,4.846900,OK
8406,4.556700,OK
8407,4.163500,OK
8408,5.576300,OK
8409,4.875700,OK
8410,4.654300,OK
8411,4.639200,OK
8412,4.974100,OK
8413,5.005800,OK
8414,4.787100,OK
8415,4.944700,OK
8416,4.502300,OK
8417,4.891600,OK
8418,4.802600,OK
8419,4.885500,OK
8420,4.686800,OK
8421,4.886600,OK
8422,4.739100,OK
8423,4.851800,OK
8424,4.879900,OK
8425,4.288100,OK
8426,4.878400,OK
8427,4.764400,OK
8428,4.822400,OK
8429,5.107500,OK
8430,5.118000,OK
8431,4.290300,OK
8432,5.102000,OK
8433,4.400700,OK
8434,4.831800,OK
8435,4.823600,OK
8436,5.207400,OK
8437,4.975700,OK
8438,4.670700,OK
8439,4.905400,OK
8440,4.496100,OK
8441,4.271400,OK
8442,5.129500,OK
8443,4.925300,OK
8444,4.835000,OK
8445,4.883900,OK
8446,5.069300,OK
8447,4.924100,OK
8448,5.042800,OK
8449,5.074600,OK
8450,5.023400,OK
8451,5.192100,OK
8452,4.782500,OK
8453,5.168800,OK
8454,4.673300,OK
8455,4.825100,OK
8456,5.732300,OK
8457,4.528900,OK
8458,5.391400,OK
8459,5.017700,OK
8460,4.887800,OK
8461,5.483200,OK
8462,4.820600,OK
8463,4.952300,OK
8464,4.903900,OK
8465,4.784500,OK
8466,5.550800,OK
8467,5.060500,OK
8468,4.848900,OK
8469,4.862000,OK
8470,4.977700,OK
8471,4.906700,OK
8472,4.927800,OK
8473,3.849700,OK
8474,4.469200,OK
8475,3.949700,OK
8476,3.944300,OK
8477,4.428000,OK
8478,4.117800,OK
8479,3.859100,OK
8480,3.752600,OK
8481,4.092600,OK
8482,4.601000,OK
8483,4.558000,OK
8484,3.843100,OK
8485,4.547600,OK
8486,4.642100,OK
8487,3.832200,OK
8488,3.872700,OK
8489,3.864600,OK
8490,3.873400,OK
8491,5.853500,OK
8492,4.506600,OK
8493,4.225300,OK
8494,4.018300,OK
8495,4.230000,OK
8496,4.181900,OK
8497,4.091500,OK
8498,4.267800,OK
8499,4.395500,OK
8500,4.439800,OK
8501,4.360000,OK
8502,4.441800,OK
8503,4.460800,OK
8504,4.513300,OK
8505,4.480400,OK
8506,4.508200,OK
8507,4.471200,OK
8508,4.392300,OK
8509,3.977200,OK
8510,4.453100,OK
8511,4.580000,OK
8512,4.791700,OK
8513,4.953300,OK
8514,4.932000,OK
8515,4.093300,OK
8516,4.732600,OK
8517,4.709700,OK
8518,4.476100,OK
8519,4.882000,OK
8520,4.942600,OK
8521,4.739100,OK
8522,4.715100,OK
8523,4.991300,OK
8524,5.540300,OK
8525,4.302000,OK
8526,4.340100,OK
8527,4.453000,OK
8528,4.442200,OK
8529,4.073600,OK
8530,4.492500,OK
8531,4.354200,OK
8532,4.346000,OK
8533,4.319200,OK
8534,4.402400,OK
8535,4.408400,OK
8536,4.410800,OK
8537,4.553800,OK
8538,4.386200,OK
8539,4.434700,OK
8540,4.700100,OK
8541,5.206000,OK
8542,4.788300,OK
8543,4.853900,OK
8544,4.306900,OK
8545,4.761000,OK
8546,4.976200,OK
8547,5.123700,OK
8548,5.077300,OK
8549,4.743900,OK
8550,4.690200,OK
8551,4.913700,OK
8552,4.852600,OK
8553,4.261500,OK
8554,5.099100,OK
8555,5.111000,OK
8556,4.728400,OK
8557,4.977600,OK
8558,4.902800,OK
8559,4.889100,OK
8560,4.870900,OK
8561,4.706200,OK
8562,4.922500,OK
8563,4.710900,OK
8564,5.049300,OK
8565,4.946400,OK
8566,5.185600,OK
8567,4.988700,OK
8568,5.091200,OK
8569,4.946900,OK
8570,5.166700,OK
8571,5.498200,OK
8572,4.826500,OK
8573,4.887800,OK
8574,4.910400,OK
8575,4.991500,OK
8576,4.879600,OK
8577,4.715400,OK
8578,5.037500,OK
8579,4.106400,OK
8580,5.035600,OK
8581,4.836300,OK
8582,4.130700,OK
8583,3.948100,OK
8584,4.691300,OK
8585,4.209600,OK
8586,3.790800,OK
8587,3.668900,OK
8588,3.953700,OK
8589,3.999300,OK
8590,3.999600,OK
8591,4.005500,OK
8592,4.213700,OK
8593,3.865300,OK
8594,3.920000,OK
8595,4.198700,OK
8596,3.816700,OK
8597,4.049200,OK
8598,4.588900,OK
8599,3.996500,OK
8600,4.034300,OK
8601,3.903300,OK
8602,4.113800,OK
8603,4.154900,OK
8604,4.476700,OK
8605,3.841200,OK
8606,4.026200,OK
8607,4.117100,OK
8608,3.908500,OK
8609,3.990000,OK
8610,4.271400,OK
8611,4.620600,OK
8612,4.375400,OK
8613,4.390500,OK
8614,4.254400,OK
8615,4.295200,OK
8616,4.109500,OK
8617,5.661800,OK
8618,4.436100,OK
8619,4.443600,OK
8620,4.043200,OK
8621,4.335900,OK
8622,4.462200,OK
8623,4.515500,OK
8624,4.431700,OK
8625,4.517600,OK
8626,4.691000,OK
8627,4.369000,OK
8628,4.486200,OK
8629,4.521100,OK
8630,4.534900,OK
8631,4.329300,OK
8632,4.144300,OK
8633,4.746500,OK
8634,4.203200,OK
8635,4.951400,OK
8636,4.883400,OK
8637,4.161800,OK
8638,5.140500,OK
8639,4.104400,OK
8640,5.054800,OK
8641,4.297500,OK
8642,5.009900,OK
8643,4.707300,OK
8644,4.806600,OK
8645,4.852100,OK
8646,4.576500,OK
8647,4.692900,OK
8648,4.923200,OK
8649,4.775500,OK
8650,4.966100,OK
8651,5.045600,OK
8652,4.843400,OK
8653,4.383100,OK
8654,4.357800,OK
8655,4.168300,OK
8656,4.424200,OK
8657,4.397000,OK
8658,4.221300,OK
8659,4.566300,OK
8660,4.348000,OK
8661,4.999200,OK
8662,4.888300,OK
8663,4.832700,OK
8664,4.856900,OK
8665,4.817700,OK
8666,5.082700,OK
8667,5.182600,OK
8668,4.779600,OK
8669,5.158800,OK
8670,4.845000,OK
8671,4.925600,OK
8672,4.693100,OK
8673,5.221200,OK
8674,4.809000,OK
8675,5.187200,OK
8676,4.334800,OK
8677,4.558600,OK
8678,4.762900,OK
8679,5.066400,OK
8680,4.544100,OK
8681,4.921300,OK
8682,5.002900,OK
8683,5.032900,OK
8684,4.904000,OK
8685,5.436200,OK
8686,4.877700,OK
8687,4.955000,OK
8688,5.123300,OK
8689,4.509000,OK
8690,4.858200,OK
8691,4.565000,OK
8692,4.978900,OK
8693,4.993400,OK
8694,5.135900,OK
8695,4.740100,OK
8696,4.897800,OK
8697,4.917500,OK
8698,5.627800,OK
8699,4.867400,OK
8700,3.887100,OK
8701,3.833200,OK
8702,4.155000,OK
8703,3.939000,OK
8704,3.762900,OK
8705,3.800300,OK
8706,3.770400,OK
8707,4.257400,OK
8708,3.880700,OK
8709,4.048700,OK
8710,4.567000,OK
8711,4.046600,OK
8712,3.927900,OK
8713,4.601600,OK
8714,4.195000,OK
8715,4.742200,OK
8716,4.064800,OK
8717,4.085600,OK
8718,4.380300,OK
8719,4.755100,OK
8720,3.925300,OK
8721,3.885400,OK
8722,3.893000,OK
8723,3.961300,OK
8724,4.804700,OK
8725,4.753000,OK
8726,4.771200,OK
8727,4.516200,OK
8728,4.803700,OK
8729,3.879800,OK
8730,4.803000,OK
8731,4.046800,OK
8732,3.883200,OK
8733,4.325200,OK
8734,4.103200,OK
8735,4.138400,OK
8736,4.087800,OK
8737,4.799900,OK
8738,4.875900,OK
8739,4.745200,OK
8740,4.854000,OK
8741,4.896400,OK
8742,5.532300,OK
8743,4.859000,OK
8744,4.788200,OK
8745,4.889500,OK
8746,4.005600,OK
8747,4.612200,OK
8748,4.917600,OK
8749,4.980600,OK
8750,4.067200,OK
8751,4.144200,OK
8752,4.978400,OK
8753,4.690400,OK
8754,4.886100,OK
8755,4.265400,OK
8756,5.077900,OK
8757,4.166900,OK
8758,5.049100,OK
8759,4.869900,OK
8760,4.961400,OK
8761,4.848400,OK
8762,5.039700,OK
8763,4.515300,OK
8764,4.619800,OK
8765,4.227100,OK
8766,5.051300,OK
8767,4.753500,OK
8768,4.687600,OK
8769,4.787400,OK
8770,4.875800,OK
8771,4.539600,OK
8772,4.811900,OK
8773,4.816500,OK
8774,4.745900,OK
8775,4.885800,OK
8776,4.928800,OK
8777,4.907100,OK
8778,5.120200,OK
8779,4.718200,OK
8780,4.862000,OK
8781,4.777700,OK
8782,5.040600,OK
8783,5.290300,OK
8784,4.818700,OK
8785,4.744000,OK
8786,4.780400,OK
8787,4.862700,OK
8788,4.999300,OK
8789,4.794100,OK
8790,4.637500,OK
8791,4.805500,OK
8792,5.267000,OK
8793,4.413100,OK
8794,4.687000,OK
8795,4.933300,OK
8796,5.223400,OK
8797,4.990100,OK
8798,5.283700,OK
8799,4.673600,OK
8800,5.474600,OK
8801,5.154800,OK
8802,4.942500,OK
8803,4.838300,OK
8804,5.626200,OK
8805,4.314600,OK
8806,3.770800,OK
8807,3.881200,OK
8808,4.500700,OK
8809,3.837300,OK
8810,3.866800,OK
8811,4.867000,OK
8812,4.081200,OK
8813,3.776000,OK
8814,3.768500,OK
8815,4.856000,OK
8816,4.560600,OK
8817,4.150200,OK
8818,3.879800,OK
8819,4.129600,OK
8820,3.755900,OK
8821,4.154500,OK
8822,3.868200,OK
8823,4.779900,OK
8824,3.989400,OK
8825,3.910100,OK
8826,4.657100,OK
8827,3.921800,OK
8828,3.781200,OK
8829,3.780600,OK
8830,4.349500,OK
8831,4.340500,OK
8832,4.309600,OK
8833,4.097500,OK
8834,4.942900,OK
8835,4.739100,OK
8836,4.079500,OK
8837,4.714200,OK
8838,4.645300,OK
8839,3.884300,OK
8840,4.080600,OK
8841,4.796700,OK
8842,3.924600,OK
8843,4.689900,OK
8844,4.008200,OK
8845,3.988400,OK
8846,4.957400,OK
8847,5.119400,OK
8848,5.182300,OK
8849,4.884300,OK
8850,4.850500,OK
8851,4.946000,OK
8852,4.919400,OK
8853,4.855600,OK
8854,4.025400,OK
8855,4.046100,OK
8856,4.017900,OK
8857,4.914900,OK
8858,5.022400,OK
8859,4.993100,OK
8860,4.188500,OK
8861,4.231200,OK
8862,5.058200,OK
8863,4.900600,OK
8864,4.985200,OK
8865,4.964100,OK
8866,4.923700,OK
8867,4.184900,OK
8868,4.613000,OK
8869,4.797600,OK
8870,4.696800,OK
8871,4.747600,OK
8872,4.798800,OK
8873,4.802700,OK
8874,4.642500,OK
8875,4.621800,OK
8876,4.462900,OK
8877,4.960500,OK
8878,4.883000,OK
8879,4.890400,OK
8880,4.759400,OK
8881,5.757700,OK
8882,4.991900,OK
8883,4.994200,OK
8884,4.635400,OK
8885,4.937700,OK
8886,4.970400,OK
8887,4.855600,OK
8888,4.900200,OK
8889,4.440200,OK
8890,5.307100,OK
8891,4.665700,OK
8892,4.781700,OK
8893,4.791000,OK
8894,4.986600,OK
8895,4.654100,OK
8896,4.881100,OK
8897,4.601000,OK
8898,5.964900,OK
8899,4.802100,OK
8900,4.827100,OK
8901,4.973600,OK
8902,5.162100,OK
8903,4.924800,OK
8904,4.858600,OK
8905,5.022000,OK
8906,5.397600,OK
8907,5.658500,OK
8908,4.752900,OK
8909,4.884500,OK
8910,5.668200,OK
8911,4.751700,OK
8912,5.411200,OK
8913,3.763700,OK
8914,3.880400,OK
8915,3.900900,OK
8916,4.015500,OK
8917,3.743300,OK
8918,4.512400,OK
8919,3.999900,OK
8920,3.781000,OK
8921,4.379500,OK
8922,4.153400,OK
8923,3.919800,OK
8924,4.085700,OK
8925,4.186500,OK
8926,3.997200,OK
8927,4.665000,OK
8928,4.903600,OK
8929,4.709200,OK
8930,4.656700,OK
8931,4.761700,OK
8932,4.827100,OK
8933,3.904100,OK
8934,3.974800,OK
8935,4.546100,OK
8936,3.978200,OK
8937,4.570200,OK
8938,4.314600,OK
8939,4.164900,OK
8940,4.845700,OK
8941,4.620200,OK
8942,3.924700,OK
8943,4.120100,OK
8944,4.878100,OK
8945,4.767100,OK
8946,5.023200,OK
8947,4.804800,OK
8948,4.874200,OK
8949,4.842000,OK
8950,3.961500,OK
8951,4.900300,OK
8952,4.813100,OK
8953,4.916500,OK
8954,4.928300,OK
8955,5.000700,OK
8956,5.004200,OK
8957,4.928400,OK
8958,4.278800,OK
8959,5.131000,OK
8960,4.976300,OK
8961,4.905500,OK
8962,5.120100,OK
8963,4.850100,OK
8964,4.903100,OK
8965,4.400300,OK
8966,5.063100,OK
8967,4.968500,OK
8968,5.101800,OK
8969,4.816700,OK
8970,5.039900,OK
8971,4.483100,OK
8972,4.421900,OK
8973,4.356600,OK
8974,4.273700,OK
8975,4.887600,OK
8976,4.457600,OK
8977,5.027000,OK
8978,4.606600,OK
8979,4.611300,OK
8980,4.842200,OK
8981,4.927400,OK
8982,4.718800,OK
8983,4.805300,OK
8984,4.461900,OK
8985,4.890700,OK
8986,4.787100,OK
8987,4.806900,OK
8988,4.976900,OK
8989,5.200100,OK
8990,4.770400,OK
8991,5.106400,OK
8992,4.832800,OK
8993,4.743100,OK
8994,4.938400,OK
8995,5.064900,OK
8996,4.937600,OK
8997,4.682900,OK
8998,4.922500,OK
8999,4.947000,OK
9000,4.928900,OK
9001,4.845900,OK
9002,4.604200,OK
9003,4.827300,OK
9004,4.853100,OK
9005,4.964500,OK
9006,4.943400,OK
9007,5.440700,OK
9008,4.813600,OK
9009,4.974800,OK
9010,4.697700,OK
9011,4.838300,OK
9012,4.950600,OK
9013,5.214100,OK
9014,4.941900,OK
9015,5.103400,OK
9016,4.196000,OK
9017,4.898000,OK
9018,5.243100,OK
9019,5.429300,OK
9020,4.588800,OK
9021,4.347900,OK
9022,4.316200,OK
9023,3.743300,OK
9024,4.028000,OK
9025,4.274200,OK
9026,4.349300,OK
9027,4.402100,OK
9028,4.355700,OK
9029,4.482500,OK
9030,4.358900,OK
9031,4.364600,OK
9032,4.492100,OK
9033,4.312000,OK
9034,4.751900,OK
9035,4.805900,OK
9036,4.635200,OK
9037,3.910900,OK
9038,3.823800,OK
9039,4.015300,OK
9040,4.738400,OK
9041,4.815800,OK
9042,4.671600,OK
9043,4.590400,OK
9044,4.617100,OK
9045,3.916500,OK
9046,4.793500,OK
9047,4.483300,OK
9048,4.185900,OK
9049,4.179300,OK
9050,4.908400,OK
9051,3.921900,OK
9052,4.958700,OK
9053,3.932200,OK
9054,4.449300,OK
9055,4.280400,OK
9056,4.404000,OK
9057,4.233900,OK
9058,4.512400,OK
9059,4.123000,OK
9060,4.159500,OK
9061,4.989700,OK
9062,4.604100,OK
9063,4.983200,OK
9064,4.946200,OK
9065,4.989800,OK
9066,4.781700,OK
9067,5.030200,OK
9068,4.804700,OK
9069,5.158200,OK
9070,4.683200,OK
9071,5.982200,OK
9072,4.829000,OK
9073,4.909000,OK
9074,4.987300,OK
9075,4.596600,OK
9076,4.751600,OK
9077,4.589000,OK
9078,4.760900,OK
9079,4.868600,OK
9080,4.982000,OK
9081,4.418000,OK
9082,4.178500,OK
9083,4.195300,OK
9084,4.905800,OK
9085,4.897000,OK
9086,4.875900,OK
9087,4.971100,OK
9088,4.714700,OK
9089,4.785900,OK
9090,5.058900,OK
9091,4.751700,OK
9092,4.892000,OK
9093,4.822100,OK
9094,4.768100,OK
9095,4.932600,OK
9096,4.677000,OK
9097,4.879700,OK
9098,4.974600,OK
9099,5.007600,OK
9100,5.109400,OK
9101,5.113900,OK
9102,4.895700,OK
9103,4.373400,OK
9104,5.446700,OK
9105,4.754600,OK
9106,5.070900,OK
9107,4.691200,OK
9108,4.868000,OK
9109,4.619400,OK
9110,5.073000,OK
9111,4.978600,OK
9112,5.255600,OK
9113,4.942700,OK
9114,4.724800,OK
9115,4.792400,OK
9116,4.946500,OK
9117,5.186500,OK
9118,5.113100,OK
9119,4.919600,OK
9120,5.051800,OK
9121,4.963200,OK
9122,4.866500,OK
9123,4.936800,OK
9124,5.098000,OK
9125,5.231600,OK
9126,4.955100,OK
9127,5.816900,OK
9128,4.849400,OK
9129,5.093700,OK
9130,4.757800,OK
9131,5.064300,OK
9132,3.935200,OK
9133,4.017000,OK
9134,4.213300,OK
9135,4.045000,OK
9136,3.787200,OK
9137,4.273100,OK
9138,4.957500,OK
9139,4.239000,OK
9140,4.139000,OK
9141,3.968800,OK
9142,3.945400,OK
9143,4.189700,OK
9144,4.141400,OK
9145,4.175800,OK
9146,4.235100,OK
9147,4.272200,OK
9148,3.949200,OK
9149,4.368500,OK
9150,4.250800,OK
9151,4.451800,OK
9152,4.446400,OK
9153,4.069400,OK
9154,4.498500,OK
9155,4.002900,OK
9156,4.719400,OK
9157,4.822900,OK
9158,3.882000,OK
9159,3.899000,OK
9160,4.752500,OK
9161,3.852500,OK
9162,4.874500,OK
9163,4.731400,OK
9164,4.043000,OK
9165,3.901300,OK
9166,4.830700,OK
9167,3.957800,OK
9168,4.835800,OK
9169,4.710100,OK
9170,3.909000,OK
9171,4.673300,OK
9172,4.777000,OK
9173,4.895400,OK
9174,4.769600,OK
9175,3.939800,OK
9176,4.242600,OK
9177,4.936800,OK
9178,4.943500,OK
9179,4.914800,OK
9180,4.654800,OK
9181,4.888400,OK
9182,5.006100,OK
9183,4.078600,OK
9184,4.162400,OK
9185,4.073300,OK
9186,4.279500,OK
9187,5.175200,OK
9188,4.470900,OK
9189,4.265400,OK
9190,4.034300,OK
9191,4.917200,OK
9192,4.904200,OK
9193,4.096100,OK
9194,4.689100,OK
9195,4.367100,OK
9196,4.288700,OK
9197,5.125600,OK
9198,4.162300,OK
9199,5.184000,OK
9200,4.482600,OK
9201,4.837500,OK
9202,4.554800,OK
9203,4.715300,OK
9204,4.829300,OK
9205,4.738200,OK
9206,4.413400,OK
9207,4.785200,OK
9208,4.918600,OK
9209,5.232400,OK
9210,4.000600,OK
9211,4.921200,OK
9212,5.026500,OK
9213,4.480600,OK
9214,4.660800,OK
9215,5.197000,OK
9216,4.688300,OK
9217,4.571700,OK
9218,5.016000,OK
9219,4.802900,OK
9220,4.689300,OK
9221,4.640800,OK
9222,4.872900,OK
9223,4.737900,OK
9224,4.833100,OK
9225,4.930200,OK
9226,4.779300,OK
9227,5.110200,OK
9228,4.884800,OK
9229,4.952800,OK
9230,4.839600,OK
9231,4.903200,OK
9232,4.776700,OK
9233,4.804200,OK
9234,5.425100,OK
9235,4.759400,OK
9236,5.374600,OK
9237,5.032800,OK
9238,4.865800,OK
9239,4.737800,OK
9240,4.999100,OK
9241,5.528400,OK
9242,4.869000,OK
9243,3.884800,OK
9244,4.164100,OK
9245,4.031400,OK
9246,4.191300,OK
9247,4.665300,OK
9248,4.149100,OK
9249,4.153500,OK
9250,3.744100,OK
9251,4.621800,OK
9252,4.197500,OK
9253,3.817800,OK
9254,3.948600,OK
9255,4.318100,OK
9256,4.234000,OK
9257,4.455900,OK
9258,4.441800,OK
9259,3.905600,OK
9260,4.145300,OK
9261,4.150700,OK
9262,5.140900,OK
9263,4.788800,OK
9264,4.173200,OK
9265,4.314000,OK
9266,3.994300,OK
9267,4.410600,OK
9268,4.107500,OK
9269,4.126000,OK
9270,4.801400,OK
9271,3.902800,OK
9272,4.119400,OK
9273,4.735100,OK
9274,4.768000,OK
9275,4.072300,OK
9276,4.761000,OK
9277,4.244800,OK
9278,4.008900,OK
9279,4.947900,OK
9280,5.868900,OK
9281,4.871200,OK
9282,4.302800,OK
9283,4.010200,OK
9284,4.400100,OK
9285,4.088400,OK
9286,3.997600,OK
9287,4.120300,OK
9288,4.357000,OK
9289,4.979100,OK
9290,4.054200,OK
9291,5.009200,OK
9292,4.934900,OK
9293,4.085500,OK
9294,4.657600,OK
9295,4.579900,OK
9296,4.727700,OK
9297,4.691800,OK
9298,4.877500,OK
9299,4.993200,OK
9300,4.712000,OK
9301,4.912600,OK
9302,4.424900,OK
9303,4.877600,OK
9304,4.542500,OK
9305,5.008200,OK
9306,4.782300,OK
9307,4.791100,OK
9308,4.794600,OK
9309,5.008800,OK
9310,5.119200,OK
9311,4.288600,OK
9312,5.015800,OK
9313,5.059700,OK
9314,5.056000,OK
9315,4.616000,OK
9316,4.938600,OK
9317,4.831900,OK
9318,4.803200,OK
9319,4.961500,OK
9320,5.209600,OK
9321,5.274100,OK
9322,4.893900,OK
9323,5.005100,OK
9324,4.479900,OK
9325,4.947700,OK
9326,4.941300,OK
9327,5.091300,OK
9328,4.968200,OK
9329,4.514000,OK
9330,4.391800,OK
9331,4.864700,OK
9332,5.341500,OK
9333,5.256400,OK
9334,4.898200,OK
9335,5.533100,OK
9336,4.551700,OK
9337,4.999400,OK
9338,5.043700,OK
9339,4.766700,OK
9340,5.011100,OK
9341,5.136100,OK
9342,4.838600,OK
9343,4.895000,OK
9344,4.991900,OK
9345,5.037000,OK
9346,5.112300,OK
9347,5.250200,OK
9348,5.227000,OK
9349,5.244100,OK
9350,4.897100,OK
9351,5.006500,OK
9352,5.372700,OK
9353,6.499600,OK
9354,4.970500,OK
9355,4.927300,OK
9356,4.833700,OK
9357,4.222600,OK
9358,4.000700,OK
9359,4.539000,OK
9360,4.544800,OK
9361,4.304300,OK
9362,4.029400,OK
9363,3.985400,OK
9364,4.575900,OK
9365,3.741200,OK
9366,4.517000,OK
9367,4.396400,OK
9368,4.393500,OK
9369,4.285100,OK
9370,4.613400,OK
9371,4.393600,OK
9372,4.580900,OK
9373,4.380600,OK
9374,4.290900,OK
9375,3.948400,OK
9376,3.844700,OK
9377,4.174000,OK
9378,3.966100,OK
9379,4.800000,OK
9380,4.563600,OK
9381,4.673300,OK
9382,3.877300,OK
9383,3.939700,OK
9384,4.955100,OK
9385,4.002200,OK
9386,3.982800,OK
9387,4.675400,OK
9388,4.789100,OK
9389,4.746000,OK
9390,4.809400,OK
9391,3.925800,OK
9392,4.745100,OK
9393,4.833000,OK
9394,4.903300,OK
9395,4.057600,OK
9396,3.981100,OK
9397,3.998400,OK
9398,5.042800,OK
9399,4.224000,OK
9400,4.906600,OK
9401,4.674300,OK
9402,4.900600,OK
9403,5.060800,OK
9404,4.615200,OK
9405,4.902000,OK
9406,5.090000,OK
9407,4.616700,OK
9408,4.768600,OK
9409,4.763900,OK
9410,4.748000,OK
9411,4.813600,OK
9412,5.065700,OK
9413,4.816900,OK
9414,4.406900,OK
9415,4.956400,OK
9416,5.004300,OK
9417,4.490200,OK
9418,4.742000,OK
9419,4.289000,OK
9420,4.205200,OK
9421,4.988500,OK
9422,4.454000,OK
9423,5.111300,OK
9424,4.913200,OK
9425,4.818100,OK
9426,4.693900,OK
9427,4.900500,OK
9428,4.323800,OK
9429,4.412900,OK
9430,4.411800,OK
9431,5.280700,OK
9432,5.106300,OK
9433,4.433800,OK
9434,5.073500,OK
9435,5.127500,OK
9436,4.865300,OK
9437,4.918900,OK
9438,4.804100,OK
9439,5.090900,OK
9440,5.066200,OK
9441,4.949100,OK
9442,5.123900,OK
9443,4.862200,OK
9444,4.901200,OK
9445,4.723400,OK
9446,4.910300,OK
9447,5.031000,OK
9448,4.783000,OK
9449,4.937900,OK
9450,5.038600,OK
9451,4.536200,OK
9452,5.597400,OK
9453,5.184000,OK
9454,4.783900,OK
9455,4.899000,OK
9456,5.586800,OK
9457,4.760600,OK
9458,5.151000,OK
9459,5.137500,OK
9460,4.922600,OK
9461,5.064400,OK
9462,4.964300,OK
9463,5.028300,OK
9464,5.397100,OK
9465,4.560200,OK
9466,4.528400,OK
9467,4.442900,OK
9468,3.699600,OK
9469,3.538800,OK
9470,4.118200,OK
9471,3.810200,OK
9472,4.562600,OK
9473,3.688500,OK
9474,3.649200,OK
9475,4.540200,OK
9476,4.991400,OK
9477,3.691300,OK
9478,4.377800,OK
9479,4.233800,OK
9480,5.194200,OK
9481,4.240400,OK
9482,3.857600,OK
9483,4.105700,OK
9484,4.517200,OK
9485,4.117400,OK
9486,4.737300,OK
9487,4.282900,OK
9488,4.255200,OK
9489,3.982800,OK
9490,4.123000,OK
9491,4.251000,OK
9492,4.538300,OK
9493,3.985500,OK
9494,4.143100,OK
9495,4.640600,OK
9496,3.985800,OK
9497,5.382100,OK
9498,4.295700,OK
9499,4.343900,OK
9500,4.413000,OK
9501,4.744400,OK
9502,4.120500,OK
9503,4.575700,OK
9504,4.819500,OK
9505,4.010700,OK
9506,4.855500,OK
9507,4.070400,OK
9508,4.418400,OK
9509,4.364000,OK
9510,4.405400,OK
9511,4.208600,OK
9512,4.871000,OK
9513,4.184000,OK
9514,4.101900,OK
9515,4.697700,OK
9516,5.034200,OK
9517,4.868100,OK
9518,4.309600,OK
9519,4.917000,OK
9520,5.208700,OK
9521,4.903600,OK
9522,4.986100,OK
9523,5.023000,OK
9524,4.958000,OK
9525,4.999400,OK
9526,4.968200,OK
9527,4.800700,OK
9528,4.919700,OK
9529,4.185600,OK
9530,5.049300,OK
9531,5.074900,OK
9532,4.978000,OK
9533,5.132800,OK
9534,4.822000,OK
9535,4.816900,OK
9536,5.078000,OK
9537,4.881000,OK
9538,5.108300,OK
9539,4.465200,OK
9540,4.463600,OK
9541,4.346800,OK
9542,4.622600,OK
9543,4.563700,OK
9544,4.782100,OK
9545,4.686200,OK
9546,4.515900,OK
9547,4.391400,OK
9548,5.295600,OK
9549,4.636500,OK
9550,4.373700,OK
9551,4.440400,OK
9552,5.206600,OK
9553,4.841300,OK
9554,4.805500,OK
9555,4.735000,OK
9556,4.639200,OK
9557,5.210300,OK
9558,4.956500,OK
9559,4.738500,OK
9560,4.953400,OK
9561,4.880600,OK
9562,4.580900,OK
9563,4.844200,OK
9564,4.792800,OK
9565,4.789900,OK
9566,4.935600,OK
9567,4.888900,OK
9568,5.526600,OK
9569,4.876600,OK
9570,4.995900,OK
9571,4.906500,OK
9572,4.955300,OK
9573,5.098200,OK
9574,4.864000,OK
9575,5.545800,OK
9576,4.734400,OK
9577,4.666000,OK
9578,4.044100,OK
9579,3.768700,OK
9580,4.205700,OK
9581,4.308000,OK
9582,3.810800,OK
9583,3.930400,OK
9584,3.713000,OK
9585,4.046100,OK
9586,3.984700,OK
9587,3.845200,OK
9588,4.071700,OK
9589,3.847900,OK
9590,3.852400,OK
9591,3.914900,OK
9592,3.719400,OK
9593,4.308000,OK
9594,4.245100,OK
9595,4.005900,OK
9596,4.899400,OK
9597,4.087700,OK
9598,4.014100,OK
9599,4.736700,OK
9600,4.125300,OK
9601,3.979500,OK
9602,3.895600,OK
9603,4.726800,OK
9604,3.906500,OK
9605,3.836000,OK
9606,4.720300,OK
9607,4.011100,OK
9608,4.005300,OK
9609,4.143600,OK
9610,4.168200,OK
9611,4.532200,OK
9612,4.532500,OK
9613,4.321500,OK
9614,4.188600,OK
9615,4.994000,OK
9616,4.200500,OK
9617,4.016300,OK
9618,4.984700,OK
9619,5.074000,OK
9620,4.885900,OK
9621,4.033900,OK
9622,5.139700,OK
9623,4.762600,OK
9624,5.010300,OK
9625,4.161300,OK
9626,4.084400,OK
9627,4.173200,OK
9628,4.259600,OK
9629,4.121700,OK
9630,4.375500,OK
9631,4.540500,OK
9632,4.557300,OK
9633,4.633600,OK
9634,4.983400,OK
9635,4.435000,OK
9636,4.697500,OK
9637,4.120000,OK
9638,4.603200,OK
9639,4.347600,OK
9640,4.862000,OK
9641,4.868400,OK
9642,4.703800,OK
9643,4.677300,OK
9644,4.708800,OK
9645,4.593300,OK
9646,4.774800,OK
9647,4.507100,OK
9648,4.648800,OK
9649,4.856300,OK
9650,4.830100,OK
9651,4.893100,OK
9652,4.900200,OK
9653,5.060800,OK
9654,5.074300,OK
9655,4.669300,OK
9656,4.757000,OK
9657,4.739600,OK
9658,4.671900,OK
9659,5.054300,OK
9660,4.851000,OK
9661,4.980800,OK
9662,4.889100,OK
9663,4.945500,OK
9664,5.125100,OK
9665,5.029200,OK
9666,5.243100,OK
9667,5.365000,OK
9668,4.491800,OK
9669,5.762800,OK
9670,5.557500,OK
9671,5.249400,OK
9672,5.222100,OK
9673,5.169000,OK
9674,4.826500,OK
9675,4.540800,OK
9676,4.644500,OK
9677,5.650900,OK
9678,4.898300,OK
9679,4.713000,OK
9680,5.475700,OK
9681,4.709500,OK
9682,5.618300,OK
9683,4.977800,OK
9684,4.657200,OK
9685,4.582600,OK
9686,4.600100,OK
9687,4.273400,OK
9688,4.327700,OK
9689,4.409500,OK
9690,4.098800,OK
9691,3.978900,OK
9692,4.549900,OK
9693,3.875500,OK
9694,3.902600,OK
9695,4.025900,OK
9696,3.847300,OK
9697,3.966100,OK
9698,4.629300,OK
9699,3.792600,OK
9700,3.868600,OK
9701,4.618000,OK
9702,3.873800,OK
9703,3.905100,OK
9704,3.890200,OK
9705,4.045100,OK
9706,4.010300,OK
9707,3.823200,OK
9708,4.140600,OK
9709,4.841500,OK
9710,4.618100,OK
9711,4.754500,OK
9712,4.743000,OK
9713,4.012400,OK
9714,4.100500,OK
9715,3.964000,OK
9716,4.304500,OK
9717,4.190400,OK
9718,4.274000,OK
9719,4.064300,OK
9720,3.871800,OK
9721,4.482600,OK
9722,4.313000,OK
9723,4.736200,OK
9724,4.508200,OK
9725,4.561900,OK
9726,4.126400,OK
9727,4.649200,OK
9728,4.452700,OK
9729,4.345200,OK
9730,4.238200,OK
9731,4.873500,OK
9732,4.683600,OK
9733,4.811300,OK
9734,4.767300,OK
9735,4.841900,OK
9736,4.314300,OK
9737,4.842600,OK
9738,5.801000,OK
9739,5.128800,OK
9740,4.763400,OK
9741,4.770000,OK
9742,4.730000,OK
9743,4.883700,OK
9744,4.740400,OK
9745,4.713200,OK
9746,4.734400,OK
9747,4.951100,OK
9748,4.846300,OK
9749,4.425200,OK
9750,5.053200,OK
9751,4.842700,OK
9752,5.027400,OK
9753,4.702200,OK
9754,4.879000,OK
9755,4.898500,OK
9756,4.901700,OK
9757,5.104300,OK
9758,4.980900,OK
9759,4.878700,OK
9760,4.796600,OK
9761,4.702700,OK
9762,4.927000,OK
9763,4.888900,OK
9764,4.870000,OK
9765,5.048600,OK
9766,4.565600,OK
9767,4.961400,OK
9768,4.900600,OK
9769,4.747900,OK
9770,4.815200,OK
9771,4.479400,OK
9772,4.705800,OK
9773,4.988100,OK
9774,5.008000,OK
9775,5.191000,OK
9776,4.895000,OK
9777,5.495400,OK
9778,5.512300,OK
9779,4.665000,OK
9780,4.967200,OK
9781,5.461500,OK
9782,5.296900,OK
9783,4.634700,OK
9784,4.868700,OK
9785,4.668900,OK
9786,5.208900,OK
9787,5.474200,OK
9788,4.756700,OK
9789,5.053600,OK
9790,4.864900,OK
9791,5.015500,OK
9792,4.763100,OK
9793,5.445900,OK
9794,3.680100,OK
9795,3.936500,OK
9796,3.727600,OK
9797,3.736100,OK
9798,3.817300,OK
9799,3.723900,OK
9800,4.126400,OK
9801,3.858300,OK
9802,4.488900,OK
9803,4.105900,OK
9804,3.870400,OK
9805,3.747700,OK
9806,3.832600,OK
9807,4.204200,OK
9808,3.955300,OK
9809,3.983600,OK
9810,4.100700,OK
9811,3.793000,OK
9812,4.215200,OK
9813,4.115100,OK
9814,3.964100,OK
9815,4.567600,OK
9816,4.134800,OK
9817,3.878200,OK
9818,4.714500,OK
9819,4.663000,OK
9820,3.868800,OK
9821,4.721600,OK
9822,4.565900,OK
9823,4.716400,OK
9824,5.790600,OK
9825,3.915100,OK
9826,4.779800,OK
9827,4.874200,OK
9828,4.071700,OK
9829,4.875900,OK
9830,4.661700,OK
9831,4.486500,OK
9832,4.890800,OK
9833,4.676100,OK
9834,4.764700,OK
9835,4.738200,OK
9836,4.825600,OK
9837,4.749500,OK
9838,4.971100,OK
9839,4.601700,OK
9840,4.935700,OK
9841,5.084700,OK
9842,5.074000,OK
9843,4.850800,OK
9844,4.458200,OK
9845,4.813900,OK
9846,4.995200,OK
9847,4.780500,OK
9848,4.933700,OK
9849,4.973700,OK
9850,4.189600,OK
9851,4.960200,OK
9852,4.867700,OK
9853,4.116200,OK
9854,4.203700,OK
9855,5.049200,OK
9856,4.991200,OK
9857,5.044500,OK
9858,4.881300,OK
9859,4.257100,OK
9860,5.142000,OK
9861,4.890700,OK
9862,4.341400,OK
9863,5.112600,OK
9864,4.664700,OK
9865,5.179200,OK
9866,4.385600,OK
9867,4.998700,OK
9868,4.348100,OK
9869,4.404300,OK
9870,5.263400,OK
9871,5.183000,OK
9872,4.646000,OK
9873,4.639600,OK
9874,4.808400,OK
9875,4.734100,OK
9876,4.734600,OK
9877,5.302700,OK
9878,4.791000,OK
9879,5.100600,OK
9880,4.718600,OK
9881,4.649200,OK
9882,5.376100,OK
9883,4.924600,OK
9884,4.833800,OK
9885,4.841300,OK
9886,4.736000,OK
9887,5.286200,OK
9888,4.874500,OK
9889,5.466600,OK
9890,5.303600,OK
9891,5.185100,OK
9892,4.952800,OK
9893,5.014300,OK
9894,5.422400,OK
9895,5.404300,OK
9896,5.405200,OK
9897,5.403500,OK
9898,5.517000,OK
9899,5.443400,OK
9900,4.483500,OK
9901,4.433200,OK
9902,4.432700,OK
9903,4.307800,OK
9904,3.973800,OK
9905,3.975400,OK
9906,4.045300,OK
9907,4.070100,OK
9908,3.837800,OK
9909,3.971100,OK
9910,4.946800,OK
9911,4.243900,OK
9912,3.973100,OK
9913,4.786100,OK
9914,4.047100,OK
9915,4.379600,OK
9916,4.687700,OK
9917,3.780100,OK
9918,4.012900,OK
9919,3.928000,OK
9920,3.941600,OK
9921,3.985200,OK
9922,4.350500,OK
9923,4.752800,OK
9924,4.333300,OK
9925,4.684400,OK
9926,4.332600,OK
9927,3.893700,OK
9928,3.961200,OK
9929,4.715300,OK
9930,4.249800,OK
9931,3.825400,OK
9932,4.678900,OK
9933,4.259900,OK
9934,4.415700,OK
9935,4.343700,OK
9936,4.594600,OK
9937,4.819700,OK
9938,4.877700,OK
9939,4.502700,OK
9940,4.648000,OK
9941,4.628600,OK
9942,4.486400,OK
9943,4.782000,OK
9944,4.874400,OK
9945,4.832800,OK
9946,4.691900,OK
9947,4.867600,OK
9948,4.066100,OK
9949,4.801000,OK
9950,4.093600,OK
9951,4.806200,OK
9952,4.840600,OK
9953,4.871500,OK
9954,4.858300,OK
9955,4.867700,OK
9956,4.111000,OK
9957,4.982200,OK
9958,4.697000,OK
9959,4.643200,OK
9960,5.483300,OK
9961,5.053400,OK
9962,4.360300,OK
9963,4.406700,OK
9964,5.062100,OK
9965,5.074100,OK
9966,4.992100,OK
9967,4.823800,OK
9968,4.700100,OK
9969,4.544400,OK
9970,5.189200,OK
9971,4.655100,OK
9972,4.776900,OK
9973,4.661700,OK
9974,4.941500,OK
9975,4.664700,OK
9976,4.754700,OK
9977,4.533500,OK
9978,4.932200,OK
9979,4.855900,OK
9980,4.947600,OK
9981,5.020700,OK
9982,5.081300,OK
9983,4.873400,OK
9984,5.179800,OK
9985,4.534400,OK
9986,4.718000,OK
9987,4.999500,OK
9988,4.938700,OK
9989,5.120100,OK
9990,4.930900,OK
9991,5.403400,OK
9992,5.186300,OK
9993,5.458300,OK
9994,4.986900,OK
9995,5.157100,OK
9996,4.954700,OK
9997,3.801500,OK
9998,5.537700,OK
9999,4.951300,OK
10000,4.909200,OK
10001,4.853900,OK
10002,3.980200,OK
10003,4.019000,OK
10004,4.595100,OK
10005,4.442500,OK
10006,4.054000,OK
10007,3.823400,OK
10008,4.010400,OK
10009,4.691800,OK
10010,3.842500,OK
10011,4.128000,OK
10012,4.591800,OK
10013,3.900300,OK
10014,4.039900,OK
10015,4.015800,OK
10016,3.853900,OK
10017,4.143000,OK
10018,4.003500,OK
10019,4.001800,OK
10020,3.912700,OK
10021,3.949700,OK
10022,4.398500,OK
10023,4.206700,OK
10024,4.143900,OK
10025,4.755900,OK
10026,4.601600,OK
10027,4.612400,OK
10028,4.579400,OK
10029,4.990500,OK
10030,4.596400,OK
10031,4.718500,OK
10032,3.926100,OK
10033,4.131500,OK
10034,4.698200,OK
10035,3.884700,OK
10036,4.035600,OK
10037,3.999500,OK
10038,4.855900,OK
10039,4.858800,OK
10040,4.960500,OK
10041,3.990000,OK
10042,4.911200,OK
10043,4.774800,OK
10044,4.945600,OK
10045,4.841300,OK
10046,4.045600,OK
10047,4.501200,OK
10048,4.414400,OK
10049,4.304400,OK
10050,4.462400,OK
10051,4.386100,OK
10052,5.193900,OK
10053,4.638600,OK
10054,4.823500,OK
10055,4.936800,OK
10056,4.812700,OK
10057,4.916800,OK
10058,4.271100,OK
10059,4.710700,OK
10060,4.820300,OK
10061,4.849900,OK
10062,4.863700,OK
10063,4.780500,OK
10064,5.003700,OK
10065,4.952400,OK
10066,4.893500,OK
10067,4.549200,OK
10068,4.278000,OK
10069,4.720000,OK
10070,4.267500,OK
10071,4.380100,OK
10072,4.799400,OK
10073,5.115600,OK
10074,4.863000,OK
10075,5.177600,OK
10076,4.971400,OK
10077,4.915600,OK
10078,4.978300,OK
10079,4.951200,OK
10080,4.353300,OK
10081,4.912600,OK
10082,5.011900,OK
10083,4.716400,OK
10084,4.816000,OK
10085,4.957800,OK
10086,4.787400,OK
10087,4.752100,OK
10088,4.782400,OK
10089,5.266200,OK
10090,5.030300,OK
10091,5.457400,OK
10092,4.762800,OK
10093,4.747700,OK
10094,4.979700,OK
10095,4.840300,OK
10096,5.110800,OK
10097,4.882800,OK
10098,5.072500,OK
10099,4.978700,OK
10100,5.021600,OK
10101,5.187900,OK
10102,5.468800,OK
10103,5.087300,OK
10104,5.703200,OK
10105,4.962300,OK
10106,5.614200,OK
10107,4.872500,OK
10108,5.576000,OK
10109,4.056000,OK
10110,4.724200,OK
10111,3.744200,OK
10112,3.606500,OK
10113,4.033700,OK
10114,3.894900,OK
10115,3.999000,OK
10116,3.878800,OK
10117,3.947600,OK
10118,4.002600,OK
10119,3.856200,OK
10120,3.989900,OK
10121,3.748400,OK
10122,3.828000,OK
10123,4.987400,OK
10124,4.643200,OK
10125,3.854000,OK
10126,4.770300,OK
10127,4.701600,OK
10128,3.922500,OK
10129,4.514400,OK
10130,4.702400,OK
10131,4.111100,OK
10132,4.456500,OK
10133,4.784100,OK
10134,4.087200,OK
10135,4.027500,OK
10136,4.144000,OK
10137,4.266200,OK
10138,4.876200,OK
10139,3.986900,OK
10140,4.096000,OK
10141,4.838800,OK
10142,4.187700,OK
10143,3.947600,OK
10144,4.004900,OK
10145,4.006800,OK
10146,4.937000,OK
10147,4.815300,OK
10148,4.178100,OK
10149,4.887500,OK
10150,4.897100,OK
10151,4.135100,OK
10152,4.199100,OK
10153,4.961100,OK
10154,4.746400,OK
10155,4.874500,OK
10156,4.868600,OK
10157,5.067100,OK
10158,4.826900,OK
10159,4.844200,OK
10160,4.913900,OK
10161,4.855800,OK
10162,5.058900,OK
10163,4.952100,OK
10164,5.083700,OK
10165,5.057100,OK
10166,4.947200,OK
10167,5.039300,OK
10168,4.221400,OK
10169,5.129200,OK
10170,4.808500,OK
10171,4.892100,OK
10172,4.958400,OK
10173,4.779600,OK
10174,4.853100,OK
10175,4.897700,OK
10176,5.134800,OK
10177,4.997100,OK
10178,5.069900,OK
10179,5.294000,OK
10180,5.000200,OK
10181,4.974400,OK
10182,5.185100,OK
10183,5.011100,OK
10184,4.859600,OK
10185,5.210500,OK
10186,5.091400,OK
10187,4.679200,OK
10188,5.099600,OK
10189,5.049600,OK
10190,4.627800,OK
10191,4.787100,OK
10192,4.930900,OK
10193,5.341400,OK
10194,5.526100,OK
10195,4.746400,OK
10196,5.134900,OK
10197,4.953300,OK
10198,4.971600,OK
10199,5.157300,OK
10200,5.113400,OK
10201,5.027600,OK
10202,4.786300,OK
10203,4.632200,OK
10204,4.747300,OK
10205,5.585800,OK
10206,4.774800,OK
10207,5.367500,OK
10208,4.698100,OK
10209,5.010500,OK
10210,5.502800,OK
10211,3.951600,OK
10212,4.649100,OK
10213,4.037900,OK
10214,3.734200,OK
10215,3.816500,OK
10216,3.785200,OK
10217,3.835000,OK
10218,4.087200,OK
10219,3.885400,OK
10220,3.905200,OK
10221,4.583600,OK
10222,3.900200,OK
10223,4.086400,OK
10224,4.132200,OK
10225,4.625100,OK
10226,4.291600,OK
10227,3.621000,OK
10228,4.090000,OK
10229,4.449500,OK
10230,4.113700,OK
10231,4.701400,OK
10232,3.884000,OK
10233,3.828500,OK
10234,4.619600,OK
10235,3.851400,OK
10236,3.852900,OK
10237,3.878300,OK
10238,4.071400,OK
10239,4.043400,OK
10240,4.879500,OK
10241,4.083600,OK
10242,4.413000,OK
10243,4.007600,OK
10244,3.817700,OK
10245,4.093600,OK
10246,4.178100,OK
10247,4.824900,OK
10248,4.021600,OK
10249,4.881700,OK
10250,4.745200,OK
10251,4.028800,OK
10252,4.488100,OK
10253,4.703600,OK
10254,4.980600,OK
10255,4.642300,OK
10256,4.996700,OK
10257,4.587700,OK
10258,4.516000,OK
10259,4.937800,OK
10260,4.937600,OK
10261,4.939900,OK
10262,4.091400,OK
10263,4.887800,OK
10264,4.163600,OK
10265,4.960700,OK
10266,4.431500,OK
10267,4.119000,OK
10268,4.145600,OK
10269,4.453800,OK
10270,4.266800,OK
10271,5.092100,OK
10272,4.833800,OK
10273,5.138700,OK
10274,4.749400,OK
10275,4.902800,OK
10276,4.876700,OK
10277,4.906900,OK
10278,4.748900,OK
10279,4.877100,OK
10280,4.971000,OK
10281,4.322600,OK
10282,5.171600,OK
10283,5.156700,OK
10284,5.040100,OK
10285,4.997200,OK
10286,5.121100,OK
10287,4.754500,OK
10288,5.009800,OK
10289,5.261500,OK
10290,4.950500,OK
10291,5.064400,OK
10292,4.852200,OK
10293,4.868800,OK
10294,4.999600,OK
10295,4.324000,OK
10296,4.660200,OK
10297,4.981100,OK
10298,4.909800,OK
10299,5.006200,OK
10300,5.513100,OK
10301,4.799300,OK
10302,4.857800,OK
10303,4.735600,OK
10304,4.587400,OK
10305,4.661000,OK
10306,4.988100,OK
10307,5.770400,OK
10308,4.918100,OK
10309,5.405800,OK
10310,5.169300,OK
10311,5.033200,OK
10312,5.333300,OK
10313,4.722100,OK
10314,4.177000,OK
10315,3.946100,OK
10316,3.978000,OK
10317,4.313500,OK
10318,3.981400,OK
10319,3.803900,OK
10320,4.106800,OK
10321,3.950100,OK
10322,4.712600,OK
10323,4.237900,OK
10324,3.806200,OK
10325,4.654600,OK
10326,4.645900,OK
10327,4.335300,OK
10328,4.648000,OK
10329,4.710400,OK
10330,3.902900,OK
10331,4.083800,OK
10332,3.956600,OK
10333,4.031900,OK
10334,3.890000,OK
10335,4.846200,OK
10336,3.871800,OK
10337,4.285800,OK
10338,3.975900,OK
10339,4.121000,OK
10340,4.027000,OK
10341,3.980200,OK
10342,4.717100,OK
10343,3.887600,OK
10344,4.135200,OK
10345,4.420900,OK
10346,4.486300,OK
10347,4.156400,OK
10348,4.871900,OK
10349,4.843500,OK
10350,4.762600,OK
10351,4.783500,OK
10352,4.837100,OK
10353,5.273900,OK
10354,4.211100,OK
10355,4.956100,OK
10356,4.998100,OK
10357,4.840000,OK
10358,3.980300,OK
10359,4.905800,OK
10360,4.927700,OK
10361,5.447800,OK
10362,4.205200,OK
10363,4.895000,OK
10364,5.087500,OK
10365,4.671400,OK
10366,4.990700,OK
10367,4.866600,OK
10368,4.192800,OK
10369,4.900500,OK
10370,4.894000,OK
10371,4.257900,OK
10372,5.144600,OK
10373,4.875200,OK
10374,4.232500,OK
10375,4.981700,OK
10376,4.888700,OK
10377,4.790100,OK
10378,4.424700,OK
10379,4.553300,OK
10380,5.025700,OK
10381,5.113000,OK
10382,4.604600,OK
10383,4.904700,OK
10384,5.086500,OK
10385,5.012100,OK
10386,4.996600,OK
10387,4.745500,OK
10388,5.183800,OK
10389,5.055400,OK
10390,5.106800,OK
10391,4.475000,OK
10392,5.149500,OK
10393,4.851800,OK
10394,4.883500,OK
10395,5.121500,OK
10396,4.842300,OK
10397,4.935500,OK
10398,5.036900,OK
10399,3.879700,OK
10400,4.472600,OK
10401,5.082500,OK
10402,4.956100,OK
10403,5.009000,OK
10404,4.836100,OK
10405,4.966100,OK
10406,4.462300,OK
10407,5.089700,OK
10408,5.292800,OK
10409,4.779400,OK
10410,5.036500,OK
10411,4.807800,OK
10412,4.889900,OK
10413,5.080000,OK
10414,5.067300,OK
10415,5.616000,OK
10416,3.592400,OK
10417,4.646500,OK
10418,4.400900,OK
10419,3.793500,OK
10420,3.982700,OK
10421,4.727900,OK
10422,3.765500,OK
10423,3.959400,OK
10424,4.675500,OK
10425,4.010200,OK
10426,3.886500,OK
10427,3.959900,OK
10428,4.173400,OK
10429,3.896700,OK
10430,3.873200,OK
10431,3.999900,OK
10432,3.910500,OK
10433,3.800700,OK
10434,4.695600,OK
10435,3.991200,OK
10436,4.700700,OK
10437,4.696000,OK
10438,4.836200,OK
10439,4.135700,OK
10440,4.423600,OK
10441,4.064000,OK
10442,4.687600,OK
10443,3.975300,OK
10444,4.722000,OK
10445,4.034000,OK
10446,4.714900,OK
10447,4.897800,OK
10448,4.724900,OK
10449,4.480600,OK
10450,4.676400,OK
10451,3.984700,OK
10452,4.189700,OK
10453,4.914900,OK
10454,4.295600,OK
10455,4.907200,OK
10456,4.613900,OK
10457,4.892400,OK
10458,4.907300,OK
10459,4.824100,OK
10460,4.655100,OK
10461,4.865400,OK
10462,4.857700,OK
10463,4.792800,OK
10464,4.858000,OK
10465,4.862000,OK
10466,4.257600,OK
10467,5.047600,OK
10468,4.876500,OK
10469,4.233800,OK
10470,5.000600,OK
10471,4.962300,OK
10472,5.075000,OK
10473,4.959100,OK
10474,4.980400,OK
10475,4.230800,OK
10476,4.929800,OK
10477,4.860600,OK
10478,4.969600,OK
10479,5.018500,OK
10480,5.106800,OK
10481,5.729000,OK
10482,4.291100,OK
10483,4.322400,OK
10484,4.539000,OK
10485,4.938100,OK
10486,4.864500,OK
10487,5.087800,OK
10488,4.923500,OK
10489,5.229400,OK
10490,5.201400,OK
10491,4.482800,OK
10492,5.318600,OK
10493,5.257400,OK
10494,4.387700,OK
10495,4.632800,OK
10496,4.693700,OK
10497,5.242300,OK
10498,4.718000,OK
10499,4.609100,OK
10500,4.701800,OK
10501,4.721600,OK
10502,4.889700,OK
10503,4.607700,OK
10504,4.683100,OK
10505,4.819900,OK
10506,5.140200,OK
10507,4.946500,OK
10508,5.648100,OK
10509,5.310200,OK
10510,4.965700,OK
10511,4.980000,OK
10512,4.878900,OK
10513,4.897400,OK
10514,5.127200,OK
10515,4.915600,OK
10516,4.853700,OK
10517,4.750000,OK
10518,4.928200,OK
10519,3.786200,OK
10520,4.150000,OK
10521,4.506700,OK
10522,3.758600,OK
10523,4.560100,OK
10524,3.873600,OK
10525,3.908700,OK
10526,4.100800,OK
10527,4.001400,OK
10528,3.844500,OK
10529,4.673900,OK
10530,3.942400,OK
10531,3.804000,OK
10532,3.869900,OK
10533,4.162900,OK
10534,4.434700,OK
10535,4.280600,OK
10536,4.052500,OK
10537,4.016600,OK
10538,4.414400,OK
10539,4.840200,OK
10540,4.232600,OK
10541,4.576400,OK
10542,3.873900,OK
10543,4.357700,OK
10544,4.533600,OK
10545,3.841100,OK
10546,3.960500,OK
10547,3.928700,OK
10548,4.898400,OK
10549,4.725300,OK
10550,4.348700,OK
10551,4.898500,OK
10552,4.051100,OK
10553,4.753600,OK
10554,4.488600,OK
10555,4.172900,OK
10556,4.147800,OK
10557,4.807600,OK
10558,4.953600,OK
10559,4.005100,OK
10560,4.883200,OK
10561,4.814100,OK
10562,4.807200,OK
10563,4.363300,OK
10564,4.431700,OK
10565,4.696800,OK
10566,4.488800,OK
10567,4.563100,OK
10568,4.159700,OK
10569,4.802900,OK
10570,4.972200,OK
10571,4.777300,OK
10572,4.648700,OK
10573,4.735500,OK
10574,5.598800,OK
10575,5.023400,OK
10576,5.107400,OK
10577,4.726000,OK
10578,5.016700,OK
10579,4.464300,OK
10580,4.836400,OK
10581,5.041100,OK
10582,4.855100,OK
10583,5.058500,OK
10584,4.710100,OK
10585,4.277100,OK
10586,4.412200,OK
10587,4.436900,OK
10588,5.180200,OK
10589,4.317100,OK
10590,4.394800,OK
10591,4.302500,OK
10592,5.152500,OK
10593,4.628300,OK
10594,5.011000,OK
10595,4.952800,OK
10596,4.737500,OK
10597,5.125300,OK
10598,5.288100,OK
10599,4.404900,OK
10600,4.654700,OK
10601,4.388600,OK
10602,4.820000,OK
10603,4.900100,OK
10604,4.477500,OK
10605,4.470300,OK
10606,4.928800,OK
10607,4.895400,OK
10608,4.871200,OK
10609,4.651500,OK
10610,5.029900,OK
10611,4.808200,OK
10612,4.992600,OK
10613,4.755900,OK
10614,4.808400,OK
10615,5.089900,OK
10616,5.106400,OK
10617,4.813800,OK
10618,5.053200,OK
10619,4.690600,OK
10620,4.959300,OK
10621,4.774200,OK
10622,4.762800,OK
10623,4.908500,OK
10624,4.794900,OK
10625,3.817000,OK
10626,3.834100,OK
10627,4.210100,OK
10628,4.177500,OK
10629,3.916200,OK
10630,4.369600,OK
10631,3.855700,OK
10632,3.853000,OK
10633,3.921600,OK
10634,4.538900,OK
10635,3.770800,OK
10636,3.936800,OK
10637,3.877200,OK
10638,3.774700,OK
10639,4.116300,OK
10640,4.290700,OK
10641,3.987000,OK
10642,3.972500,OK
10643,4.482000,OK
10644,3.911400,OK
10645,3.953100,OK
10646,4.137000,OK
10647,3.972000,OK
10648,3.855300,OK
10649,4.634000,OK
10650,4.203700,OK
10651,3.882100,OK
10652,4.849000,OK
10653,4.086100,OK
10654,3.955500,OK
10655,4.515100,OK
10656,4.087700,OK
10657,4.014300,OK
10658,4.845700,OK
10659,4.547900,OK
10660,4.014700,OK
10661,4.899700,OK
10662,4.318600,OK
10663,4.279800,OK
10664,3.982800,OK
10665,4.020300,OK
10666,4.063500,OK
10667,5.922900,OK
10668,4.785000,OK
10669,4.913100,OK
10670,4.523800,OK
10671,4.375700,OK
10672,4.584200,OK
10673,4.898400,OK
10674,4.836400,OK
10675,4.853400,OK
10676,4.997700,OK
10677,5.065800,OK
10678,4.976600,OK
10679,4.894300,OK
10680,4.317200,OK
10681,4.150600,OK
10682,5.078100,OK
10683,4.822400,OK
10684,5.274800,OK
10685,4.691600,OK
10686,4.132600,OK
10687,5.090300,OK
10688,4.669800,OK
10689,4.959700,OK
10690,4.935500,OK
10691,5.042800,OK
10692,4.969300,OK
10693,4.930300,OK
10694,4.821300,OK
10695,5.312900,OK
10696,4.389500,OK
10697,4.899500,OK
10698,5.003700,OK
10699,4.992200,OK
10700,5.176100,OK
10701,4.961900,OK
10702,5.035100,OK
10703,5.490900,OK
10704,4.616600,OK
10705,5.024800,OK
10706,5.091200,OK
10707,4.700900,OK
10708,4.840800,OK
10709,4.924700,OK
10710,4.317400,OK
10711,4.442600,OK
10712,4.526300,OK
10713,4.373200,OK
10714,4.422700,OK
10715,4.747500,OK
10716,4.865200,OK
10717,4.498900,OK
10718,5.369600,OK
10719,4.967800,OK
10720,4.869900,OK
10721,5.211100,OK
10722,5.287000,OK
10723,4.902900,OK
10724,4.878000,OK
10725,4.649600,OK
10726,4.829700,OK
10727,4.936900,OK
10728,4.781500,OK
10729,4.854100,OK
10730,5.040500,OK
10731,4.993500,OK
10732,5.127400,OK
10733,5.352300,OK
10734,4.093700,OK
10735,4.668200,OK
10736,4.488800,OK
10737,4.198400,OK
10738,4.309200,OK
10739,4.513300,OK
10740,4.416300,OK
10741,3.838300,OK
10742,4.706200,OK
10743,4.605800,OK
10744,4.549000,OK
10745,4.303800,OK
10746,3.792300,OK
10747,3.883200,OK
10748,4.616900,OK
10749,3.757200,OK
10750,3.846000,OK
10751,4.668900,OK
10752,4.771200,OK
10753,4.276600,OK
10754,4.214800,OK
10755,4.639400,OK
10756,3.945800,OK
10757,4.685400,OK
10758,3.832900,OK
10759,3.953700,OK
10760,4.689600,OK
10761,4.720500,OK
10762,3.984200,OK
10763,4.815900,OK
10764,4.760200,OK
10765,4.855600,OK
10766,4.861500,OK
10767,4.687300,OK
10768,4.123500,OK
10769,4.293200,OK
10770,4.177000,OK
10771,4.170400,OK
10772,4.538700,OK
10773,4.478100,OK
10774,4.468300,OK
10775,4.823700,OK
10776,4.901500,OK
10777,4.853500,OK
10778,4.743400,OK
10779,4.933800,OK
10780,4.699900,OK
10781,4.786700,OK
10782,4.540300,OK
10783,4.784300,OK
10784,4.858000,OK
10785,4.742500,OK
10786,4.964500,OK
10787,4.796200,OK
10788,4.288500,OK
10789,4.836900,OK
10790,4.348400,OK
10791,5.095200,OK
10792,5.116400,OK
10793,4.816200,OK
10794,5.017700,OK
10795,4.864700,OK
10796,5.052200,OK
10797,4.902900,OK
10798,4.602700,OK
10799,5.185500,OK
10800,4.957300,OK
10801,4.718100,OK
10802,4.827500,OK
10803,5.013000,OK
10804,5.132900,OK
10805,5.167800,OK
10806,4.700300,OK
10807,4.274900,OK
10808,4.482600,OK
10809,5.206300,OK
10810,5.165400,OK
10811,4.865500,OK
10812,5.163200,OK
10813,4.895900,OK
10814,5.055400,OK
10815,5.196600,OK
10816,4.923100,OK
10817,4.485700,OK
10818,4.729000,OK
10819,5.025000,OK
10820,5.122200,OK
10821,4.936500,OK
10822,4.927400,OK
10823,5.418300,OK
10824,5.151500,OK
10825,4.592500,OK
10826,4.670800,OK
10827,4.603400,OK
10828,4.429900,OK
10829,5.325300,OK
10830,5.057000,OK
10831,5.429000,OK
10832,4.903600,OK
10833,5.079000,OK
10834,5.435800,OK
10835,5.020500,OK
10836,5.229300,OK
10837,5.836600,OK
10838,4.637200,OK
10839,5.552500,OK
10840,4.857000,OK
10841,5.571300,OK
10842,4.746400,OK
10843,3.878400,OK
10844,3.565500,OK
10845,4.427200,OK
10846,4.239000,OK
10847,4.143400,OK
10848,3.808500,OK
10849,4.458800,OK
10850,4.000500,OK
10851,3.866400,OK
10852,4.409300,OK
10853,5.105100,OK
10854,4.614800,OK
10855,4.379300,OK
10856,4.637800,OK
10857,3.950200,OK
10858,4.125800,OK
10859,3.857100,OK
10860,4.760100,OK
10861,4.964900,OK
10862,4.064000,OK
10863,3.893300,OK
10864,4.440800,OK
10865,3.850300,OK
10866,3.725800,OK
10867,3.678600,OK
10868,4.632900,OK
10869,4.545500,OK
10870,4.379400,OK
10871,4.284800,OK
10872,4.122500,OK
10873,4.691500,OK
10874,3.881200,OK
10875,4.004200,OK
10876,4.484100,OK
10877,4.799300,OK
10878,3.914600,OK
10879,4.708100,OK
10880,4.807900,OK
10881,4.923300,OK
10882,4.056000,OK
10883,4.110800,OK
10884,4.294800,OK
10885,4.910000,OK
10886,4.876100,OK
10887,4.826200,OK
10888,4.018800,OK
10889,5.018600,OK
10890,4.137900,OK
10891,4.384600,OK
10892,5.020100,OK
10893,4.960600,OK
10894,4.828700,OK
10895,4.447400,OK
10896,5.159900,OK
10897,4.738600,OK
10898,4.825800,OK
10899,4.739100,OK
10900,4.786400,OK
10901,4.733400,OK
10902,4.176200,OK
10903,4.856600,OK
10904,5.096500,OK
10905,5.058400,OK
10906,4.795000,OK
10907,4.296900,OK
10908,4.239500,OK
10909,4.935000,OK
10910,4.962300,OK
10911,5.121200,OK
10912,4.805000,OK
10913,5.038600,OK
10914,5.041800,OK
10915,4.966800,OK
10916,5.003100,OK
10917,4.857600,OK
10918,5.078600,OK
10919,4.971300,OK
10920,4.797400,OK
10921,5.000500,OK
10922,4.831500,OK
10923,5.265200,OK
10924,4.893400,OK
10925,5.243600,OK
10926,4.953000,OK
10927,5.195200,OK
10928,4.775800,OK
10929,4.813700,OK
10930,4.853000,OK
10931,4.597900,OK
10932,4.454400,OK
10933,5.234300,OK
10934,4.775600,OK
10935,4.843300,OK
10936,4.671400,OK
10937,4.906000,OK
10938,4.656100,OK
10939,4.888100,OK
10940,4.718900,OK
10941,4.855800,OK
10942,4.764900,OK
10943,4.710100,OK
10944,5.101600,OK
10945,5.255000,OK
10946,4.201500,OK
10947,4.142900,OK
10948,4.044000,OK
10949,4.524400,OK
10950,3.991700,OK
10951,4.173100,OK
10952,3.841100,OK
10953,3.841500,OK
10954,3.838700,OK
10955,4.563700,OK
10956,4.612100,OK
10957,4.707000,OK
10958,4.595500,OK
10959,3.935000,OK
10960,4.473200,OK
10961,3.878500,OK
10962,4.637200,OK
10963,4.674000,OK
10964,3.890600,OK
10965,3.886100,OK
10966,4.649700,OK
10967,3.889800,OK
10968,3.943300,OK
10969,4.799700,OK
10970,4.019300,OK
10971,4.674500,OK
10972,4.725100,OK
10973,3.964300,OK
10974,4.842700,OK
10975,4.744500,OK
10976,4.252300,OK
10977,4.670800,OK
10978,4.785600,OK
10979,4.091000,OK
10980,4.394900,OK
10981,4.608400,OK
10982,4.857500,OK
10983,4.999500,OK
10984,4.812200,OK
10985,4.014200,OK
10986,4.060900,OK
10987,4.856800,OK
10988,4.706700,OK
10989,5.041000,OK
10990,4.805400,OK
10991,4.619000,OK
10992,4.966900,OK
10993,5.921300,OK
10994,4.987500,OK
10995,5.049600,OK
10996,5.005000,OK
10997,4.818400,OK
10998,4.842100,OK
10999,4.693400,OK
11000,4.929100,OK
11001,4.949600,OK
11002,4.744600,OK
11003,4.269500,OK
11004,4.965200,OK
11005,4.891600,OK
11006,4.154600,OK
11007,4.533400,OK
11008,4.538700,OK
11009,4.449100,OK
11010,4.380400,OK
11011,4.929300,OK
11012,4.316200,OK
11013,4.268100,OK
11014,5.004000,OK
11015,4.977900,OK
11016,4.431300,OK
11017,5.085200,OK
11018,4.988500,OK
11019,4.786000,OK
11020,5.104300,OK
11021,4.936300,OK
11022,5.304000,OK
11023,4.987200,OK
11024,4.666600,OK
11025,4.937900,OK
11026,5.116100,OK
11027,5.280900,OK
11028,4.957500,OK
11029,4.770600,OK
11030,4.869900,OK
11031,4.681200,OK
11032,4.647200,OK
11033,5.115700,OK
11034,5.474300,OK
11035,4.653500,OK
11036,4.822500,OK
11037,4.838500,OK
11038,4.989200,OK
11039,4.882500,OK
11040,4.781300,OK
11041,5.186400,OK
11042,5.212800,OK
11043,4.869000,OK
11044,5.002700,OK
11045,4.278100,OK
11046,3.939800,OK
11047,4.316400,OK
11048,4.504500,OK
11049,3.683800,OK
11050,3.742200,OK
11051,4.568300,OK
11052,3.870300,OK
11053,3.984700,OK
11054,4.465500,OK
11055,3.963600,OK
11056,3.913500,OK
11057,4.051200,OK
11058,4.310400,OK
11059,3.976100,OK
11060,3.818400,OK
11061,3.989500,OK
11062,3.888500,OK
11063,4.669900,OK
11064,3.949100,OK
11065,4.782800,OK
11066,4.781300,OK
11067,4.761800,OK
11068,4.692200,OK
11069,3.975800,OK
11070,4.275900,OK
11071,4.256400,OK
11072,4.778200,OK
11073,4.831100,OK
11074,4.473200,OK
11075,5.057300,OK
11076,4.479200,OK
11077,4.795600,OK
11078,4.926400,OK
11079,4.941900,OK
11080,5.945500,OK
11081,4.686000,OK
11082,4.479300,OK
11083,4.452800,OK
11084,4.921400,OK
11085,4.892400,OK
11086,4.117200,OK
11087,4.693900,OK
11088,4.849400,OK
11089,4.865600,OK
11090,4.889800,OK
11091,4.104300,OK
11092,5.016700,OK
11093,4.848700,OK
11094,4.981700,OK
11095,4.833600,OK
11096,4.784700,OK
11097,5.319900,OK
11098,4.271500,OK
11099,4.915400,OK
11100,5.067500,OK
11101,4.999400,OK
11102,4.653500,OK
11103,4.716200,OK
11104,4.827200,OK
11105,5.120900,OK
11106,4.387900,OK
11107,5.005600,OK
11108,4.956400,OK
11109,4.731100,OK
11110,4.794500,OK
11111,4.996300,OK
11112,4.919300,OK
11113,4.812100,OK
11114,4.342000,OK
11115,4.649900,OK
11116,4.398100,OK
11117,5.131100,OK
11118,4.942100,OK
11119,4.731300,OK
11120,4.792100,OK
11121,5.156500,OK
11122,4.436900,OK
11123,4.365800,OK
11124,5.198100,OK
11125,4.885500,OK
11126,5.173700,OK
11127,4.482300,OK
11128,4.637800,OK
11129,4.794100,OK
11130,5.111300,OK
11131,5.227100,OK
11132,5.045200,OK
11133,4.844300,OK
11134,4.853500,OK
11135,4.910500,OK
11136,4.745800,OK
11137,5.114300,OK
11138,5.293300,OK
11139,5.025300,OK
11140,4.870000,OK
11141,5.275300,OK
11142,5.319300,OK
11143,5.298900,OK
11144,4.894600,OK
11145,4.709200,OK
11146,4.676100,OK
11147,4.067100,OK
11148,4.765800,OK
11149,4.638600,OK
11150,3.931000,OK
11151,3.955500,OK
11152,4.161200,OK
11153,3.980300,OK
11154,4.071300,OK
11155,3.792300,OK
11156,3.867500,OK
11157,4.055900,OK
11158,4.252900,OK
11159,4.510100,OK
11160,4.933700,OK
11161,4.727600,OK
11162,4.543900,OK
11163,4.733500,OK
11164,3.806300,OK
11165,3.722100,OK
11166,4.323500,OK
11167,4.718200,OK
11168,4.793300,OK
11169,4.273900,OK
11170,3.919600,OK
11171,4.811500,OK
11172,4.348900,OK
11173,4.341000,OK
11174,4.852500,OK
11175,4.829100,OK
11176,4.898000,OK
11177,4.841300,OK
11178,3.880000,OK
11179,4.050800,OK
11180,4.262500,OK
11181,4.173500,OK
11182,4.316000,OK
11183,4.634300,OK
11184,4.659700,OK
11185,4.187400,OK
11186,4.344200,OK
11187,4.166500,OK
11188,5.069500,OK
11189,4.953400,OK
11190,4.893600,OK
11191,4.836700,OK
11192,4.589200,OK
11193,4.929800,OK
11194,4.976100,OK
11195,4.847200,OK
11196,4.984500,OK
11197,4.703000,OK
11198,4.862900,OK
11199,4.896100,OK
11200,4.930100,OK
11201,6.062900,OK
11202,4.864800,OK
11203,4.793300,OK
11204,5.256500,OK
11205,4.578100,OK
11206,4.921500,OK
11207,5.030800,OK
11208,4.198300,OK
11209,4.935500,OK
11210,4.992500,OK
11211,4.645000,OK
11212,4.892500,OK
11213,5.371900,OK
11214,4.788900,OK
11215,5.067100,OK
11216,5.002300,OK
11217,4.788700,OK
11218,5.088100,OK
11219,5.132300,OK
11220,4.974200,OK
11221,4.973300,OK
11222,4.999000,OK
11223,5.103200,OK
11224,4.434100,OK
11225,5.161900,OK
11226,4.543000,OK
11227,5.245500,OK
11228,4.710600,OK
11229,5.124200,OK
11230,4.945300,OK
11231,5.044300,OK
11232,4.993900,OK
11233,5.088800,OK
11234,5.652600,OK
11235,4.774100,OK
11236,4.866100,OK
11237,5.234200,OK
11238,5.121100,OK
11239,4.930600,OK
11240,4.917500,OK
11241,4.998800,OK
11242,5.135000,OK
11243,5.111000,OK
11244,5.457800,OK
11245,4.891600,OK
11246,3.946200,OK
11247,3.703100,OK
11248,3.986300,OK
11249,4.966000,OK
11250,3.712100,OK
11251,4.096000,OK
11252,4.218100,OK
11253,3.853200,OK
11254,3.958900,OK
11255,4.063100,OK
11256,4.218800,OK
11257,4.075500,OK
11258,4.092400,OK
11259,4.671400,OK
11260,3.888400,OK
11261,4.130700,OK
11262,4.509400,OK
11263,4.716800,OK
11264,3.812300,OK
11265,3.844300,OK
11266,4.768100,OK
11267,3.934700,OK
11268,4.752100,OK
11269,3.821600,OK
11270,5.198000,OK
11271,4.547800,OK
11272,4.663100,OK
11273,4.382400,OK
11274,3.884600,OK
11275,4.889900,OK
11276,4.061400,OK
11277,4.244200,OK
11278,3.903000,OK
11279,4.866300,OK
11280,4.624600,OK
11281,3.911800,OK
11282,4.857600,OK
11283,4.545200,OK
11284,3.974600,OK
11285,4.880300,OK
11286,4.322700,OK
11287,4.052100,OK
11288,4.926000,OK
11289,4.739800,OK
11290,4.239800,OK
11291,4.795700,OK
11292,4.126900,OK
11293,4.693300,OK
11294,4.974200,OK
11295,5.061700,OK
11296,4.794300,OK
11297,4.691400,OK
11298,4.254700,OK
11299,4.314900,OK
11300,4.176800,OK
11301,4.340800,OK
11302,4.242100,OK
11303,5.174600,OK
11304,4.636000,OK
11305,4.962100,OK
11306,4.619500,OK
11307,4.745300,OK
11308,4.964500,OK
11309,4.895600,OK
11310,4.646500,OK
11311,4.936400,OK
11312,4.974300,OK
11313,4.890100,OK
11314,4.811600,OK
11315,5.050400,OK
11316,4.907300,OK
11317,4.847800,OK
11318,4.250100,OK
11319,4.919500,OK
11320,5.535800,OK
11321,4.708200,OK
11322,5.397500,OK
11323,4.572000,OK
11324,5.020300,OK
11325,5.044300,OK
11326,4.849600,OK
11327,4.945400,OK
11328,4.920700,OK
11329,5.133500,OK
11330,5.039700,OK
11331,5.105600,OK
11332,5.028300,OK
11333,5.402600,OK
11334,4.833400,OK
11335,5.005700,OK
11336,5.775600,OK
11337,5.130500,OK
11338,4.997400,OK
11339,4.783800,OK
11340,4.922000,OK
11341,4.924200,OK
11342,4.862100,OK
11343,4.650700,OK
11344,5.077300,OK
11345,5.083000,OK
11346,4.995300,OK
11347,4.979700,OK
11348,5.210900,OK
11349,4.922800,OK
11350,5.474900,OK
11351,3.851300,OK
11352,4.087700,OK
11353,4.049100,OK
11354,4.463200,OK
11355,4.112900,OK
11356,4.007600,OK
11357,4.328000,OK
11358,3.851000,OK
11359,4.695300,OK
11360,4.203700,OK
11361,4.535600,OK
11362,4.236100,OK
11363,4.212300,OK
11364,4.104300,OK
11365,4.309200,OK
11366,4.502200,OK
11367,4.006700,OK
11368,4.025300,OK
11369,4.652500,OK
11370,3.796600,OK
11371,4.551700,OK
11372,4.216400,OK
11373,3.948800,OK
11374,4.112100,OK
11375,4.688000,OK
11376,4.232300,OK
11377,5.546100,OK
11378,4.609300,OK
11379,3.901700,OK
11380,4.125300,OK
11381,4.721700,OK
11382,4.857200,OK
11383,4.010000,OK
11384,4.546600,OK
11385,4.859800,OK
11386,4.657500,OK
11387,4.005300,OK
11388,3.959100,OK
11389,4.979600,OK
11390,3.995600,OK
11391,5.036500,OK
11392,4.503500,OK
11393,4.706900,OK
11394,4.347300,OK
11395,4.870100,OK
11396,4.087000,OK
11397,4.949200,OK
11398,4.891800,OK
11399,4.990300,OK
11400,4.980600,OK
11401,4.808900,OK
11402,6.331000,OK
11403,4.826400,OK
11404,4.467200,OK
11405,4.869200,OK
11406,4.623400,OK
11407,4.305000,OK
11408,4.523000,OK
11409,4.880000,OK
11410,4.998900,OK
11411,4.992700,OK
11412,4.877500,OK
11413,4.631100,OK
11414,4.316100,OK
11415,4.901300,OK
11416,4.486300,OK
11417,4.776700,OK
11418,5.248000,OK
11419,4.948100,OK
11420,4.788400,OK
11421,4.409400,OK
11422,4.938300,OK
11423,4.977300,OK
11424,5.083200,OK
11425,4.847900,OK
11426,5.180600,OK
11427,4.544300,OK
11428,5.258300,OK
11429,4.492900,OK
11430,4.735300,OK
11431,5.001000,OK
11432,4.886800,OK
11433,4.991500,OK
11434,4.687200,OK
11435,4.628200,OK
11436,4.869600,OK
11437,4.728100,OK
11438,4.810000,OK
11439,4.937900,OK
11440,4.783200,OK
11441,4.677400,OK
11442,4.602700,OK
11443,4.896000,OK
11444,4.846800,OK
11445,4.960100,OK
11446,4.910300,OK
11447,5.096700,OK
11448,5.116900,OK
11449,5.655400,OK
11450,5.329500,OK
11451,4.584800,OK
11452,5.489300,OK
11453,4.541700,OK
11454,3.537800,OK
11455,3.602400,OK
11456,3.645500,OK
11457,3.656200,OK
11458,3.576900,OK
11459,4.576100,OK
11460,4.060900,OK
11461,4.190000,OK
11462,3.951700,OK
11463,3.992000,OK
11464,4.601200,OK
11465,4.636400,OK
11466,4.258700,OK
11467,3.820800,OK
11468,4.126900,OK
11469,4.168800,OK
11470,4.719100,OK
11471,4.711900,OK
11472,4.693100,OK
11473,3.910400,OK
11474,4.631900,OK
11475,3.784900,OK
11476,4.260800,OK
11477,4.349400,OK
11478,4.228100,OK
11479,4.273400,OK
11480,3.877300,OK
11481,4.190300,OK
11482,4.234500,OK
11483,3.877700,OK
11484,3.952100,OK
11485,4.806200,OK
11486,4.868000,OK
11487,4.676900,OK
11488,4.877800,OK
11489,4.882100,OK
11490,3.994200,OK
11491,4.383000,OK
11492,4.329500,OK
11493,4.879200,OK
11494,4.864900,OK
11495,4.213700,OK
11496,4.864500,OK
11497,4.942200,OK
11498,5.822200,OK
11499,4.126400,OK
11500,5.277100,OK
11501,4.685800,OK
11502,5.428400,OK
11503,4.531400,OK
11504,4.173600,OK
11505,5.068700,OK
11506,4.671600,OK
11507,4.733900,OK
11508,4.676000,OK
11509,4.588200,OK
11510,4.713300,OK
11511,4.639800,OK
11512,4.801500,OK
11513,4.742300,OK
11514,4.807400,OK
11515,4.846200,OK
11516,4.790700,OK
11517,4.818400,OK
11518,4.649400,OK
11519,4.607000,OK
11520,4.763500,OK
11521,4.712500,OK
11522,4.820200,OK
11523,4.825600,OK
11524,4.728700,OK
11525,4.821700,OK
11526,4.954500,OK
11527,4.706800,OK
11528,4.865700,OK
11529,5.045500,OK
11530,4.904200,OK
11531,4.867900,OK
11532,4.793300,OK
11533,5.092900,OK
11534,5.128000,OK
11535,4.842400,OK
11536,4.988600,OK
11537,4.858800,OK
11538,4.407400,OK
11539,4.520700,OK
11540,5.242100,OK
11541,5.125900,OK
11542,4.781100,OK
11543,4.744700,OK
11544,4.858900,OK
11545,4.996100,OK
11546,4.954900,OK
11547,5.236700,OK
11548,4.596400,OK
11549,5.236200,OK
11550,6.145900,OK
11551,4.673800,OK
11552,4.762000,OK
11553,5.095300,OK
11554,4.945800,OK
11555,4.996200,OK
11556,4.847800,OK
11557,5.089900,OK
11558,4.039400,OK
11559,4.051100,OK
11560,4.002700,OK
11561,4.218500,OK
11562,3.927800,OK
11563,4.006800,OK
11564,4.062600,OK
11565,4.545700,OK
11566,3.779500,OK
11567,4.394100,OK
11568,4.862900,OK
11569,4.756000,OK
11570,3.873800,OK
11571,3.829000,OK
11572,4.715100,OK
11573,4.005400,OK
11574,4.583800,OK
11575,4.715600,OK
11576,4.653200,OK
11577,4.750200,OK
11578,4.706000,OK
11579,4.269000,OK
11580,3.840900,OK
11581,4.747000,OK
11582,4.780700,OK
11583,4.840800,OK
11584,4.732900,OK
11585,4.161900,OK
11586,3.883300,OK
11587,4.700800,OK
11588,3.888300,OK
11589,4.852500,OK
11590,4.832100,OK
11591,4.218700,OK
11592,4.529300,OK
11593,4.338000,OK
11594,4.420000,OK
11595,4.521000,OK
11596,4.209500,OK
11597,4.470200,OK
11598,4.420200,OK
11599,4.256900,OK
11600,5.012600,OK
11601,4.809500,OK
11602,4.847800,OK
11603,4.212400,OK
11604,4.692200,OK
11605,4.119000,OK
11606,5.034500,OK
11607,5.174900,OK
11608,5.186800,OK
11609,4.983600,OK
11610,5.074000,OK
11611,5.043300,OK
11612,4.122100,OK
11613,4.755000,OK
11614,4.713700,OK
11615,5.029600,OK
11616,4.859800,OK
11617,4.203400,OK
11618,5.048200,OK
11619,4.874500,OK
11620,4.328600,OK
11621,4.892200,OK
11622,4.934100,OK
11623,6.223400,OK
11624,4.849100,OK
11625,4.221300,OK
11626,5.265400,OK
11627,4.950600,OK
11628,4.926500,OK
11629,4.619300,OK
11630,5.030200,OK
11631,4.957500,OK
11632,4.809400,OK
11633,5.209100,OK
11634,4.459200,OK
11635,5.305300,OK
11636,5.152200,OK
11637,4.817200,OK
11638,5.049400,OK
11639,4.527600,OK
11640,4.850600,OK
11641,4.950400,OK
11642,4.857000,OK
11643,4.750700,OK
11644,4.843300,OK
11645,4.444100,OK
11646,4.861400,OK
11647,4.917900,OK
11648,4.685200,OK
11649,4.907000,OK
11650,4.648700,OK
11651,4.726600,OK
11652,4.896700,OK
11653,4.495200,OK
11654,4.927200,OK
11655,5.405000,OK
11656,5.110400,OK
11657,4.985900,OK
11658,4.728900,OK
11659,4.939200,OK
11660,4.872900,OK
11661,3.864000,OK
11662,3.813500,OK
11663,3.872100,OK
11664,3.784500,OK
11665,3.766900,OK
11666,3.889200,OK
11667,4.393400,OK
11668,3.994300,OK
11669,3.968600,OK
11670,4.780200,OK
11671,4.678000,OK
11672,3.856100,OK
11673,4.534800,OK
11674,3.993100,OK
11675,3.840900,OK
11676,4.819500,OK
11677,4.663700,OK
11678,3.882900,OK
11679,3.857900,OK
11680,3.930500,OK
11681,4.397300,OK
11682,4.123400,OK
11683,3.863000,OK
11684,4.937900,OK
11685,4.426200,OK
11686,4.831900,OK
11687,4.608900,OK
11688,4.737900,OK
11689,5.561300,OK
11690,4.762400,OK
11691,4.782600,OK
11692,4.102400,OK
11693,3.936600,OK
11694,4.167700,OK
11695,4.573700,OK
11696,4.680000,OK
11697,5.000200,OK
11698,4.715200,OK
11699,4.827200,OK
11700,4.638300,OK
11701,4.637000,OK
11702,4.836100,OK
11703,4.707900,OK
11704,4.743800,OK
11705,4.773200,OK
11706,5.819100,OK
11707,4.320600,OK
11708,4.087300,OK
11709,4.580900,OK
11710,4.709500,OK
11711,4.808000,OK
11712,4.977400,OK
11713,4.879600,OK
11714,4.627000,OK
11715,4.118000,OK
11716,4.484000,OK
11717,4.980000,OK
11718,4.760800,OK
11719,4.887700,OK
11720,4.350200,OK
11721,4.654300,OK
11722,4.841600,OK
11723,5.230300,OK
11724,5.094800,OK
11725,4.653400,OK
11726,4.999600,OK
11727,5.538100,OK
11728,4.985100,OK
11729,4.726400,OK
11730,4.762400,OK
11731,4.634100,OK
11732,5.131600,OK
11733,4.797900,OK
11734,4.592800,OK
11735,4.852200,OK
11736,4.762800,OK
11737,5.166200,OK
11738,5.072900,OK
11739,4.819000,OK
11740,5.263400,OK
11741,4.929500,OK
11742,4.645900,OK
11743,5.044800,OK
11744,5.167700,OK
11745,4.709300,OK
11746,4.982700,OK
11747,4.919900,OK
11748,5.111200,OK
11749,4.735100,OK
11750,4.821100,OK
11751,4.907200,OK
11752,5.026600,OK
11753,4.728100,OK
11754,5.277100,OK
11755,4.981100,OK
11756,4.124900,OK
11757,4.919200,OK
11758,3.946900,OK
11759,4.115000,OK
11760,4.031600,OK
11761,4.374200,OK
11762,3.832100,OK
11763,4.361000,OK
11764,4.722100,OK
11765,4.620200,OK
11766,4.113800,OK
11767,3.854700,OK
11768,4.676200,OK
11769,4.003200,OK
11770,4.605400,OK
11771,3.820700,OK
11772,3.739800,OK
11773,3.884700,OK
11774,3.859900,OK
11775,3.816500,OK
11776,4.721700,OK
11777,4.525500,OK
11778,4.713100,OK
11779,4.062600,OK
11780,4.263600,OK
11781,4.136800,OK
11782,4.033100,OK
11783,4.498700,OK
11784,4.749700,OK
11785,3.903100,OK
11786,4.849700,OK
11787,4.746300,OK
11788,3.932700,OK
11789,4.572500,OK
11790,4.604700,OK
11791,4.783300,OK
11792,4.091500,OK
11793,4.764500,OK
11794,4.749600,OK
11795,4.834600,OK
11796,4.761300,OK
11797,4.813300,OK
11798,4.822500,OK
11799,4.917700,OK
11800,4.704800,OK
11801,4.890500,OK
11802,4.595800,OK
11803,4.600900,OK
11804,4.695400,OK
11805,4.694300,OK
11806,4.408800,OK
11807,5.104600,OK
11808,4.856300,OK
11809,4.578700,OK
11810,4.251900,OK
11811,5.029600,OK
11812,4.941700,OK
11813,4.831900,OK
11814,4.839000,OK
11815,4.238100,OK
11816,5.059500,OK
11817,4.865000,OK
11818,4.936700,OK
11819,4.636600,OK
11820,4.764700,OK
11821,4.663000,OK
11822,4.754900,OK
11823,4.773000,OK
11824,4.625800,OK
11825,4.899400,OK
11826,4.375800,OK
11827,4.859700,OK
11828,5.058500,OK
11829,4.717200,OK
11830,4.867000,OK
11831,4.949800,OK
11832,4.882300,OK
11833,4.384600,OK
11834,4.456400,OK
11835,5.306400,OK
11836,4.900200,OK
11837,4.649700,OK
11838,4.716500,OK
11839,4.829900,OK
11840,4.596000,OK
11841,4.759700,OK
11842,4.868500,OK
11843,4.760100,OK
11844,4.881400,OK
11845,4.843700,OK
11846,5.552100,OK
11847,4.938100,OK
11848,4.864900,OK
11849,4.893900,OK
11850,5.596900,OK
11851,5.051300,OK
11852,4.889000,OK
11853,4.766400,OK
11854,4.492500,OK
11855,3.743800,OK
11856,3.871900,OK
11857,3.941800,OK
11858,3.906500,OK
11859,4.538100,OK
11860,3.793400,OK
11861,3.847000,OK
11862,4.986000,OK
11863,4.660100,OK
11864,3.873100,OK
11865,3.948200,OK
11866,4.035800,OK
11867,4.062400,OK
11868,4.002900,OK
11869,3.901400,OK
11870,4.490800,OK
11871,4.185900,OK
11872,4.788100,OK
11873,4.645700,OK
11874,3.924600,OK
11875,4.811100,OK
11876,3.862400,OK
11877,4.003300,OK
11878,5.005500,OK
11879,4.698300,OK
11880,4.750200,OK
11881,3.883400,OK
11882,3.931900,OK
11883,4.056200,OK
11884,4.257200,OK
11885,4.842400,OK
11886,3.931800,OK
11887,4.048000,OK
11888,4.924400,OK
11889,4.170300,OK
11890,4.506000,OK
11891,4.309000,OK
11892,4.006400,OK
11893,4.719600,OK
11894,4.923400,OK
11895,4.915500,OK
11896,4.922100,OK
11897,3.959200,OK
11898,4.109700,OK
11899,5.039100,OK
11900,4.798000,OK
11901,4.274900,OK
11902,4.105200,OK
11903,4.216100,OK
11904,5.078400,OK
11905,5.045100,OK
11906,4.913900,OK
11907,4.882000,OK
11908,4.976400,OK
11909,5.001700,OK
11910,4.757500,OK
11911,4.864900,OK
11912,4.415700,OK
11913,5.104200,OK
11914,4.851500,OK
11915,5.052700,OK
11916,4.765900,OK
11917,4.685600,OK
11918,4.873700,OK
11919,4.741700,OK
11920,4.654500,OK
11921,4.745900,OK
11922,4.891800,OK
11923,4.755700,OK
11924,4.796900,OK
11925,4.815200,OK
11926,5.133200,OK
11927,4.945800,OK
11928,4.790700,OK
11929,4.960700,OK
11930,5.063800,OK
11931,4.812900,OK
11932,4.680400,OK
11933,5.334900,OK
11934,5.390400,OK
11935,5.070200,OK
11936,4.766100,OK
11937,4.825100,OK
11938,5.170500,OK
11939,4.751100,OK
11940,4.825700,OK
11941,5.623200,OK
11942,4.845500,OK
11943,4.925800,OK
11944,4.705900,OK
11945,3.844500,OK
11946,4.666200,OK
11947,3.924500,OK
11948,4.485900,OK
11949,4.236400,OK
11950,4.673900,OK
11951,3.776400,OK
11952,4.766600,OK
11953,4.684200,OK
11954,3.872400,OK
11955,4.209600,OK
11956,3.872100,OK
11957,3.830200,OK
11958,4.755500,OK
11959,4.771300,OK
11960,3.914400,OK
11961,4.122900,OK
11962,4.760100,OK
11963,4.057700,OK
11964,4.902700,OK
11965,4.573100,OK
11966,4.426500,OK
11967,4.746600,OK
11968,3.919300,OK
11969,4.228200,OK
11970,4.270100,OK
11971,4.826800,OK
11972,4.524300,OK
11973,4.608000,OK
11974,3.959600,OK
11975,4.986700,OK
11976,4.697800,OK
11977,4.527300,OK
11978,4.306200,OK
11979,4.926600,OK
11980,4.932500,OK
11981,4.826400,OK
11982,4.132800,OK
11983,4.755000,OK
11984,4.395200,OK
11985,4.173500,OK
11986,4.850800,OK
11987,4.998400,OK
11988,4.827100,OK
11989,4.844500,OK
11990,4.864700,OK
11991,4.386600,OK
11992,4.931500,OK
11993,5.000100,OK
11994,4.710900,OK
11995,4.859100,OK
11996,4.952300,OK
11997,4.655000,OK
11998,4.995800,OK
11999,4.982100,OK
12000,5.020100,OK
12001,5.060900,OK
12002,4.831600,OK
12003,4.897400,OK
12004,5.091400,OK
12005,4.916000,OK
12006,5.059300,OK
12007,4.730500,OK
12008,4.762300,OK
12009,4.395900,OK
12010,5.205300,OK
12011,4.554100,OK
12012,4.537400,OK
12013,4.512800,OK
12014,4.486000,OK
12015,5.011900,OK
12016,4.955600,OK
12017,5.041800,OK
12018,5.107500,OK
12019,5.099900,OK
12020,4.958800,OK
12021,4.730900,OK
12022,4.911500,OK
12023,4.843200,OK
12024,5.521300,OK
12025,4.897900,OK
12026,5.016700,OK
12027,4.938700,OK
12028,5.491000,OK
12029,5.822200,OK
12030,4.843300,OK
12031,4.840500,OK
12032,5.621100,OK
12033,4.913100,OK
12034,4.970400,OK
12035,4.990800,OK
12036,5.074300,OK
12037,4.445600,OK
12038,3.970900,OK
12039,3.981100,OK
12040,4.278300,OK
12041,4.595900,OK
12042,4.657900,OK
12043,3.902800,OK
12044,4.659100,OK
12045,3.784200,OK
12046,4.510100,OK
12047,3.832200,OK
12048,4.492000,OK
12049,4.774100,OK
12050,4.674100,OK
12051,4.075500,OK
12052,4.657200,OK
12053,4.724600,OK
12054,4.977300,OK
12055,4.415700,OK
12056,4.070400,OK
12057,4.048700,OK
12058,4.810200,OK
12059,3.896900,OK
12060,4.704800,OK
12061,4.052700,OK
12062,4.164200,OK
12063,3.982600,OK
12064,3.983400,OK
12065,3.910800,OK
12066,3.909400,OK
12067,4.693400,OK
12068,4.212700,OK
12069,4.074700,OK
12070,4.830500,OK
12071,4.691000,OK
12072,3.969800,OK
12073,4.955200,OK
12074,4.669100,OK
12075,4.871100,OK
12076,4.735300,OK
12077,5.016300,OK
12078,4.401900,OK
12079,4.801800,OK
12080,4.880500,OK
12081,4.780700,OK
12082,4.191500,OK
12083,4.928100,OK
12084,4.769700,OK
12085,4.690400,OK
12086,4.634600,OK
12087,4.803900,OK
12088,4.864400,OK
12089,4.981200,OK
12090,4.753800,OK
12091,4.868900,OK
12092,4.922300,OK
12093,4.793800,OK
12094,4.315800,OK
12095,4.701200,OK
12096,4.461000,OK
12097,4.905700,OK
12098,4.999200,OK
12099,4.781200,OK
12100,4.599700,OK
12101,4.803800,OK
12102,5.127100,OK
12103,4.880400,OK
12104,4.946800,OK
12105,4.721200,OK
12106,4.827500,OK
12107,4.667500,OK
12108,4.822400,OK
12109,4.930800,OK
12110,4.892600,OK
12111,5.013000,OK
12112,4.887300,OK
12113,5.011500,OK
12114,4.805200,OK
12115,5.382600,OK
12116,4.794200,OK
12117,4.919900,OK
12118,4.871000,OK
12119,4.145000,OK
12120,5.349300,OK
12121,5.071400,OK
12122,5.002300,OK
12123,4.926400,OK
12124,5.120400,OK
12125,4.986200,OK
12126,4.986500,OK
12127,5.023600,OK
12128,4.826200,OK
12129,4.328600,OK
12130,4.101400,OK
12131,4.234300,OK
12132,3.785000,OK
12133,4.640400,OK
12134,3.786800,OK
12135,4.683200,OK
12136,4.689800,OK
12137,4.466600,OK
12138,4.197100,OK
12139,3.948400,OK
12140,3.929300,OK
12141,4.820400,OK
12142,4.790500,OK
12143,3.789700,OK
12144,4.785600,OK
12145,3.804100,OK
12146,4.785600,OK
12147,4.667400,OK
12148,4.110400,OK
12149,3.915900,OK
12150,4.284000,OK
12151,4.294100,OK
12152,4.326900,OK
12153,4.411400,OK
12154,4.200400,OK
12155,4.988400,OK
12156,4.620300,OK
12157,4.636900,OK
12158,4.876600,OK
12159,4.858400,OK
12160,4.904800,OK
12161,4.855300,OK
12162,4.683300,OK
12163,4.906500,OK
12164,4.965400,OK
12165,4.389200,OK
12166,4.148600,OK
12167,4.987400,OK
12168,4.927600,OK
12169,4.038300,OK
12170,4.017700,OK
12171,4.891300,OK
12172,5.900100,OK
12173,4.150500,OK
12174,4.995500,OK
12175,4.925800,OK
12176,4.843400,OK
12177,4.953600,OK
12178,4.995900,OK
12179,5.007900,OK
12180,4.901500,OK
12181,4.349500,OK
12182,4.569300,OK
12183,4.694500,OK
12184,4.810100,OK
12185,4.778300,OK
12186,4.985600,OK
12187,4.805500,OK
12188,4.187700,OK
12189,4.089900,OK
12190,4.475800,OK
12191,4.366900,OK
12192,4.353700,OK
12193,5.029500,OK
12194,4.902100,OK
12195,4.881600,OK
12196,4.931200,OK
12197,5.064700,OK
12198,4.812200,OK
12199,5.042800,OK
12200,4.932400,OK
12201,4.556700,OK
12202,4.757500,OK
12203,4.626900,OK
12204,4.838300,OK
12205,4.871800,OK
12206,4.244600,OK
12207,5.179500,OK
12208,4.853300,OK
12209,4.918300,OK
12210,4.999300,OK
12211,4.639300,OK
12212,4.946800,OK
12213,4.717700,OK
12214,4.621100,OK
12215,4.859400,OK
12216,4.759500,OK
12217,4.957200,OK
12218,4.946900,OK
12219,4.903400,OK
12220,4.895800,OK
12221,4.983000,OK
12222,5.045600,OK
12223,4.962500,OK
12224,4.463300,OK
12225,4.504600,OK
12226,3.884100,OK
12227,4.539000,OK
12228,4.649800,OK
12229,3.987300,OK
12230,4.129200,OK
12231,4.059400,OK
12232,3.861900,OK
12233,4.578400,OK
12234,3.883200,OK
12235,4.064000,OK
12236,4.350900,OK
12237,4.190200,OK
12238,4.300600,OK
12239,4.674300,OK
12240,4.090500,OK
12241,3.947000,OK
12242,3.978000,OK
12243,4.123900,OK
12244,3.928500,OK
12245,3.877200,OK
12246,4.033500,OK
12247,3.962700,OK
12248,4.315700,OK
12249,4.851000,OK
12250,4.797100,OK
12251,4.699000,OK
12252,4.507600,OK
12253,4.952400,OK
12254,4.710200,OK
12255,4.922400,OK
12256,4.581800,OK
12257,4.833400,OK
12258,4.194200,OK
12259,4.897800,OK
12260,4.969000,OK
12261,4.957300,OK
12262,4.777700,OK
12263,5.256100,OK
12264,4.209300,OK
12265,4.988600,OK
12266,4.067700,OK
12267,5.006900,OK
12268,4.959900,OK
12269,4.735800,OK
12270,4.883700,OK
12271,5.081200,OK
12272,4.523600,OK
12273,4.917400,OK
12274,4.975300,OK
12275,5.102300,OK
12276,4.937900,OK
12277,4.222800,OK
12278,4.161100,OK
12279,4.953300,OK
12280,4.876100,OK
12281,4.253300,OK
12282,5.562100,OK
12283,5.169300,OK
12284,4.771300,OK
12285,4.946200,OK
12286,4.651100,OK
12287,4.798900,OK
12288,4.904900,OK
12289,4.803200,OK
12290,5.027900,OK
12291,4.548100,OK
12292,5.155600,OK
12293,5.107100,OK
12294,5.178700,OK
12295,4.865400,OK
12296,4.965800,OK
12297,5.172800,OK
12298,4.923500,OK
12299,4.727600,OK
12300,4.536300,OK
12301,4.795900,OK
12302,4.714500,OK
12303,4.495900,OK
12304,4.499500,OK
12305,5.190900,OK
12306,4.889300,OK
12307,4.624400,OK
12308,4.871700,OK
12309,5.281200,OK
12310,4.622100,OK
12311,4.879800,OK
12312,5.271800,OK
12313,4.808500,OK
12314,4.725900,OK
12315,5.058300,OK
12316,4.768300,OK
12317,4.931400,OK
12318,4.736700,OK
12319,4.700500,OK
12320,4.791300,OK
12321,5.354700,OK
12322,4.989100,OK
12323,4.653800,OK
12324,3.824900,OK
12325,4.112100,OK
12326,3.947700,OK
12327,4.318500,OK
12328,3.838600,OK
12329,4.764400,OK
12330,3.877300,OK
12331,3.960500,OK
12332,4.756900,OK
12333,3.816800,OK
12334,4.578100,OK
12335,4.198700,OK
12336,4.320300,OK
12337,4.243200,OK
12338,4.251300,OK
12339,4.363700,OK
12340,4.266800,OK
12341,4.793400,OK
12342,3.807800,OK
12343,3.888000,OK
12344,4.692600,OK
12345,3.964500,OK
12346,3.826800,OK
12347,4.428400,OK
12348,4.799500,OK
12349,4.418000,OK
12350,4.140700,OK
12351,4.873600,OK
12352,4.539600,OK
12353,4.144400,OK
12354,4.912700,OK
12355,4.851100,OK
12356,4.223600,OK
12357,4.370400,OK
12358,4.129500,OK
12359,4.255100,OK
12360,4.425200,OK
12361,4.435200,OK
12362,4.257500,OK
12363,4.435600,OK
12364,4.387400,OK
12365,4.484600,OK
12366,4.407800,OK
12367,4.286200,OK
12368,4.269100,OK
12369,4.391100,OK
12370,4.587400,OK
12371,4.343600,OK
12372,4.356100,OK
12373,4.178000,OK
12374,4.944200,OK
12375,4.751500,OK
12376,4.709600,OK
12377,4.892400,OK
12378,4.773900,OK
12379,4.752700,OK
12380,4.985200,OK
12381,5.029400,OK
12382,4.880900,OK
12383,5.265700,OK
12384,4.193200,OK
12385,5.094700,OK
12386,5.116100,OK
12387,4.716600,OK
12388,4.963900,OK
12389,4.687800,OK
12390,4.899300,OK
12391,5.023200,OK
12392,4.747800,OK
12393,5.020800,OK
12394,4.941100,OK
12395,4.857100,OK
12396,4.940500,OK
12397,4.723200,OK
12398,4.886400,OK
12399,4.872700,OK
12400,4.796100,OK
12401,4.973700,OK
12402,4.898900,OK
12403,4.931800,OK
12404,4.966700,OK
12405,5.045700,OK
12406,4.840600,OK
12407,5.113200,OK
12408,4.654800,OK
12409,4.594200,OK
12410,5.060400,OK
12411,4.889700,OK
12412,4.899300,OK
12413,5.346600,OK
12414,5.192100,OK
12415,5.123200,OK
12416,5.310400,OK
12417,4.978900,OK
12418,5.446800,OK
12419,4.784200,OK
12420,4.772700,OK
12421,5.020600,OK
12422,4.996700,OK
12423,4.639300,OK
12424,4.707900,OK
12425,3.969300,OK
12426,3.861400,OK
12427,4.044000,OK
12428,3.779200,OK
12429,4.490200,OK
12430,3.779600,OK
12431,3.902700,OK
12432,4.657700,OK
12433,3.744700,OK
12434,3.963200,OK
12435,4.417800,OK
12436,4.146100,OK
12437,4.584200,OK
12438,4.626700,OK
12439,3.917600,OK
12440,4.048200,OK
12441,4.764000,OK
12442,4.004900,OK
12443,3.955700,OK
12444,4.676600,OK
12445,3.810900,OK
12446,4.664800,OK
12447,4.589300,OK
12448,3.895000,OK
12449,4.592000,OK
12450,4.729700,OK
12451,3.809000,OK
12452,4.548100,OK
12453,4.814800,OK
12454,3.825900,OK
12455,4.816000,OK
12456,3.855000,OK
12457,4.104600,OK
12458,4.885400,OK
12459,4.843300,OK
12460,3.992100,OK
12461,4.944400,OK
12462,4.793000,OK
12463,3.968700,OK
12464,4.838300,OK
12465,4.803900,OK
12466,4.447500,OK
12467,4.163900,OK
12468,4.826400,OK
12469,4.686200,OK
12470,4.218600,OK
12471,4.928900,OK
12472,4.901800,OK
12473,4.354400,OK
12474,4.870000,OK
12475,4.775200,OK
12476,4.861200,OK
12477,4.877600,OK
12478,4.511800,OK
12479,4.709100,OK
12480,4.875700,OK
12481,4.785800,OK
12482,4.698700,OK
12483,5.031800,OK
12484,4.985000,OK
12485,4.530800,OK
12486,4.864100,OK
12487,4.202000,OK
12488,4.353500,OK
12489,4.209500,OK
12490,4.278600,OK
12491,4.672000,OK
12492,4.817300,OK
12493,4.916100,OK
12494,5.013800,OK
12495,4.890400,OK
12496,4.875800,OK
12497,5.117200,OK
12498,4.959400,OK
12499,4.679900,OK
12500,4.828500,OK
12501,4.413500,OK
12502,4.527900,OK
12503,4.947700,OK
12504,5.011100,OK
12505,4.891600,OK
12506,5.008100,OK
12507,4.536900,OK
12508,4.975200,OK
12509,4.499500,OK
12510,4.699600,OK
12511,4.869200,OK
12512,4.733300,OK
12513,4.785400,OK
12514,4.858900,OK
12515,4.953600,OK
12516,4.944100,OK
12517,5.316400,OK
12518,5.168800,OK
12519,5.213000,OK
12520,5.343900,OK
12521,4.902300,OK
12522,5.506200,OK
12523,5.272600,OK
12524,5.132200,OK
12525,5.252500,OK
12526,5.375500,OK
12527,4.469200,OK
12528,5.396200,OK
12529,5.200700,OK
12530,5.399400,OK
12531,5.335200,OK
12532,4.865500,OK
12533,3.689000,OK
12534,4.177100,OK
12535,3.925200,OK
12536,3.879300,OK
12537,4.431400,OK
12538,3.893700,OK
12539,3.755700,OK
12540,4.700000,OK
12541,4.439800,OK
12542,4.490700,OK
12543,4.150200,OK
12544,4.210800,OK
12545,4.407100,OK
12546,4.439700,OK
12547,4.231000,OK
12548,4.269900,OK
12549,4.145600,OK
12550,3.829800,OK
12551,3.864500,OK
12552,3.823600,OK
12553,4.719300,OK
12554,4.761000,OK
12555,4.056500,OK
12556,3.965200,OK
12557,4.767800,OK
12558,3.981300,OK
12559,4.782300,OK
12560,4.753800,OK
12561,3.931200,OK
12562,4.817100,OK
12563,4.814100,OK
12564,4.808800,OK
12565,4.894500,OK
12566,4.781800,OK
12567,3.937800,OK
12568,4.879000,OK
12569,3.941800,OK
12570,4.777700,OK
12571,4.966800,OK
12572,3.972900,OK
12573,4.416800,OK
12574,4.206900,OK
12575,5.434900,OK
12576,4.423500,OK
12577,4.096900,OK
12578,5.002800,OK
12579,4.432900,OK
12580,5.028300,OK
12581,4.957900,OK
12582,4.593300,OK
12583,4.620500,OK
12584,4.470600,OK
12585,5.029800,OK
12586,4.802100,OK
12587,4.836000,OK
12588,4.370100,OK
12589,4.140600,OK
12590,4.828400,OK
12591,4.977600,OK
12592,4.859600,OK
12593,4.773200,OK
12594,4.581300,OK
12595,4.702500,OK
12596,4.676700,OK
12597,4.898200,OK
12598,4.914600,OK
12599,4.875500,OK
12600,4.824400,OK
12601,4.893100,OK
12602,4.618900,OK
12603,4.669500,OK
12604,4.819500,OK
12605,5.076300,OK
12606,4.894500,OK
12607,4.936900,OK
12608,4.775500,OK
12609,4.997400,OK
12610,5.007500,OK
12611,5.120100,OK
12612,5.022800,OK
12613,4.800900,OK
12614,4.817800,OK
12615,5.515000,OK
12616,4.489000,OK
12617,4.840500,OK
12618,4.983000,OK
12619,4.806900,OK
12620,4.981600,OK
12621,5.004600,OK
12622,4.892800,OK
12623,5.110500,OK
12624,5.151500,OK
12625,4.916900,OK
12626,5.006100,OK
12627,4.934100,OK
12628,4.768600,OK
12629,5.448900,OK
12630,4.644700,OK
12631,4.920500,OK
12632,5.335900,OK
12633,4.653900,OK
12634,3.854300,OK
12635,3.781100,OK
12636,4.719900,OK
12637,4.639400,OK
12638,3.823700,OK
12639,3.724600,OK
12640,4.684700,OK
12641,3.721000,OK
12642,3.828000,OK
12643,4.653700,OK
12644,4.264100,OK
12645,3.829200,OK
12646,3.934700,OK
12647,4.592400,OK
12648,4.670700,OK
12649,3.808600,OK
12650,4.647100,OK
12651,4.816000,OK
12652,3.855800,OK
12653,4.686400,OK
12654,4.571300,OK
12655,4.829600,OK
12656,4.572500,OK
12657,4.619800,OK
12658,4.913800,OK
12659,4.230400,OK
12660,4.648700,OK
12661,4.746800,OK
12662,4.542700,OK
12663,4.167300,OK
12664,4.995300,OK
12665,4.931100,OK
12666,4.881000,OK
12667,4.712300,OK
12668,4.498100,OK
12669,4.347200,OK
12670,4.183000,OK
12671,4.422700,OK
12672,4.413300,OK
12673,4.299200,OK
12674,4.162700,OK
12675,4.826300,OK
12676,4.549800,OK
12677,4.861600,OK
12678,5.183500,OK
12679,4.901900,OK
12680,4.679200,OK
12681,4.838200,OK
12682,4.892000,OK
12683,4.831600,OK
12684,4.685600,OK
12685,4.704600,OK
12686,4.780100,OK
12687,4.429800,OK
12688,4.235700,OK
12689,4.947800,OK
12690,4.687200,OK
12691,4.694600,OK
12692,4.905900,OK
12693,4.380600,OK
12694,4.639300,OK
12695,5.170700,OK
12696,5.127900,OK
12697,4.850200,OK
12698,4.788000,OK
12699,5.080500,OK
12700,4.426200,OK
12701,4.261500,OK
12702,4.331200,OK
12703,4.428500,OK
12704,4.406400,OK
12705,4.407400,OK
12706,4.344700,OK
12707,5.234000,OK
12708,4.702100,OK
12709,4.799500,OK
12710,4.839700,OK
12711,4.731600,OK
12712,4.884600,OK
12713,4.870900,OK
12714,4.641900,OK
12715,4.632500,OK
12716,4.769100,OK
12717,4.921300,OK
12718,4.767800,OK
12719,4.619400,OK
12720,4.583700,OK
12721,5.263300,OK
12722,4.579100,OK
12723,5.158700,OK
12724,4.923700,OK
12725,4.651100,OK
12726,4.737500,OK
12727,4.888100,OK
12728,4.691000,OK
12729,4.669400,OK
12730,4.854500,OK
12731,4.778000,OK
12732,4.861600,OK
12733,5.151000,OK
12734,4.864000,OK
12735,4.910800,OK
12736,4.839200,OK
12737,4.737200,OK
12738,4.974200,OK
12739,4.561400,OK
12740,3.885900,OK
12741,4.242900,OK
12742,4.052700,OK
12743,3.905900,OK
12744,4.670200,OK
12745,4.641500,OK
12746,3.806800,OK
12747,3.700200,OK
12748,4.154600,OK
12749,3.750300,OK
12750,4.477100,OK
12751,4.266900,OK
12752,3.868100,OK
12753,4.239900,OK
12754,3.883200,OK
12755,4.608000,OK
12756,4.790200,OK
12757,4.829100,OK
12758,4.759200,OK
12759,3.904300,OK
12760,4.262100,OK
12761,4.876000,OK
12762,4.461800,OK
12763,4.397000,OK
12764,4.267500,OK
12765,4.167000,OK
12766,4.929900,OK
12767,4.689500,OK
12768,4.019900,OK
12769,4.820500,OK
12770,4.300600,OK
12771,4.719300,OK
12772,4.695800,OK
12773,4.654700,OK
12774,4.705000,OK
12775,4.651200,OK
12776,4.899200,OK
12777,4.993800,OK
12778,4.594700,OK
12779,4.020600,OK
12780,4.320200,OK
12781,4.872400,OK
12782,4.976400,OK
12783,4.026900,OK
12784,5.042500,OK
12785,4.991200,OK
12786,4.838900,OK
12787,4.097000,OK
12788,4.033700,OK
12789,4.136300,OK
12790,5.068600,OK
12791,4.201700,OK
12792,5.100300,OK
12793,4.988300,OK
12794,5.005700,OK
12795,4.400500,OK
12796,4.165700,OK
12797,4.498200,OK
12798,4.532400,OK
12799,4.371800,OK
12800,4.368600,OK
12801,4.419900,OK
12802,4.398400,OK
12803,4.502000,OK
12804,4.430700,OK
12805,4.522400,OK
12806,4.278300,OK
12807,5.213200,OK
12808,4.519000,OK
12809,4.668000,OK
12810,4.657300,OK
12811,5.656900,OK
12812,4.701900,OK
12813,4.828500,OK
12814,4.672500,OK
12815,5.298200,OK
12816,4.127900,OK
12817,4.654700,OK
12818,5.227300,OK
12819,5.187300,OK
12820,4.712000,OK
12821,4.872400,OK
12822,5.243000,OK
12823,4.566900,OK
12824,5.064500,OK
12825,5.015300,OK
12826,4.943900,OK
12827,4.912900,OK
12828,5.436500,OK
12829,4.932900,OK
12830,5.028300,OK
12831,4.942500,OK
12832,5.017700,OK
12833,5.103200,OK
12834,5.284700,OK
12835,5.217700,OK
12836,5.171100,OK
12837,5.048100,OK
12838,4.988700,OK
12839,4.401700,OK
12840,4.148900,OK
12841,4.163400,OK
12842,4.058300,OK
12843,4.184900,OK
12844,4.053500,OK
12845,3.981600,OK
12846,3.750700,OK
12847,4.421600,OK
12848,3.797300,OK
12849,3.942100,OK
12850,5.111400,OK
12851,4.523300,OK
12852,4.000500,OK
12853,4.298600,OK
12854,4.699900,OK
12855,3.908300,OK
12856,3.957100,OK
12857,3.785600,OK
12858,3.837900,OK
12859,4.415500,OK
12860,4.634700,OK
12861,3.969600,OK
12862,4.586500,OK
12863,4.715900,OK
12864,4.732100,OK
12865,4.561100,OK
12866,4.825700,OK
12867,4.783900,OK
12868,4.701700,OK
12869,4.373600,OK
12870,4.175200,OK
12871,4.361100,OK
12872,4.231400,OK
12873,4.676100,OK
12874,4.065700,OK
12875,4.349800,OK
12876,4.335000,OK
12877,4.468900,OK
12878,4.351200,OK
12879,4.475200,OK
12880,4.428600,OK
12881,4.407700,OK
12882,4.833500,OK
12883,4.133000,OK
12884,4.972100,OK
12885,4.669700,OK
12886,4.724400,OK
12887,4.656500,OK
12888,4.614800,OK
12889,4.826900,OK
12890,4.745300,OK
12891,4.900100,OK
12892,4.890700,OK
12893,4.787200,OK
12894,4.863500,OK
12895,4.265800,OK
12896,4.992600,OK
12897,4.810600,OK
12898,4.656800,OK
12899,4.204400,OK
12900,4.461300,OK
12901,4.285900,OK
12902,4.446100,OK
12903,5.145200,OK
12904,4.772400,OK
12905,4.929600,OK
12906,4.927100,OK
12907,4.435000,OK
12908,4.741000,OK
12909,4.484100,OK
12910,4.877700,OK
12911,4.937700,OK
12912,4.753400,OK
12913,4.569100,OK
12914,4.707700,OK
12915,4.889000,OK
12916,4.885300,OK
12917,4.935200,OK
12918,4.328700,OK
12919,4.481200,OK
12920,5.267200,OK
12921,5.363200,OK
12922,5.403800,OK
12923,4.868100,OK
12924,5.342300,OK
12925,5.495100,OK
12926,4.900800,OK
12927,4.793000,OK
12928,4.856000,OK
12929,5.400200,OK
12930,5.544600,OK
12931,5.628200,OK
12932,4.765900,OK
12933,4.874300,OK
12934,5.639800,OK
12935,4.275100,OK
12936,4.408400,OK
12937,4.063300,OK
12938,3.851900,OK
12939,3.883600,OK
12940,3.789000,OK
12941,3.790800,OK
12942,4.129900,OK
12943,3.708300,OK
12944,4.736200,OK
12945,3.868700,OK
12946,3.846100,OK
12947,4.539400,OK
12948,4.558400,OK
12949,4.711700,OK
12950,4.640200,OK
12951,3.807500,OK
12952,4.553500,OK
12953,4.707700,OK
12954,3.824800,OK
12955,5.629200,OK
12956,4.845900,OK
12957,3.854300,OK
12958,4.785600,OK
12959,4.835700,OK
12960,4.914400,OK
12961,4.824500,OK
12962,3.945500,OK
12963,4.873900,OK
12964,4.842600,OK
12965,4.908700,OK
12966,4.448800,OK
12967,4.167700,OK
12968,4.836200,OK
12969,4.744800,OK
12970,4.006500,OK
12971,4.955500,OK
12972,5.033300,OK
12973,4.987600,OK
12974,5.613800,OK
12975,4.440300,OK
12976,4.980800,OK
12977,4.764900,OK
12978,4.899500,OK
12979,4.982600,OK
12980,4.803000,OK
12981,4.760100,OK
12982,4.931700,OK
12983,5.062900,OK
12984,4.712500,OK
12985,4.842000,OK
12986,4.613900,OK
12987,4.871100,OK
12988,4.857700,OK
12989,5.848300,OK
12990,5.085000,OK
12991,5.090300,OK
12992,4.896100,OK
12993,5.100200,OK
12994,4.711300,OK
12995,4.318000,OK
12996,4.728000,OK
12997,4.672500,OK
12998,4.605100,OK
12999,4.893800,OK
13000,4.353600,OK
13001,4.851600,OK
13002,4.923600,OK
13003,4.952100,OK
13004,4.792800,OK
13005,4.906700,OK
13006,4.608300,OK
13007,4.805700,OK
13008,4.981800,OK
13009,4.820400,OK
13010,5.006300,OK
13011,4.589300,OK
13012,4.921700,OK
13013,5.414100,OK
13014,5.250600,OK
13015,4.844700,OK
13016,4.879200,OK
13017,4.834800,OK
13018,5.494500,OK
13019,4.680500,OK
13020,5.004500,OK
13021,5.279900,OK
13022,4.908600,OK
13023,5.513400,OK
13024,5.012700,OK
13025,5.791800,OK
13026,4.864900,OK
13027,5.095200,OK
13028,4.325000,OK
13029,4.079800,OK
13030,4.603600,OK
13031,4.274900,OK
13032,3.724400,OK
13033,4.423500,OK
13034,4.359400,OK
13035,4.411400,OK
13036,4.010500,OK
13037,4.586100,OK
13038,3.868700,OK
13039,3.975900,OK
13040,4.582600,OK
13041,4.340600,OK
13042,4.227900,OK
13043,4.307900,OK
13044,4.435500,OK
13045,4.694800,OK
13046,4.085200,OK
13047,4.579700,OK
13048,4.475900,OK
13049,4.354400,OK
13050,4.124800,OK
13051,4.589400,OK
13052,4.605000,OK
13053,4.301400,OK
13054,4.170000,OK
13055,4.924300,OK
13056,4.800400,OK
13057,4.729900,OK
13058,4.373500,OK
13059,4.765400,OK
13060,5.046700,OK
13061,4.884300,OK
13062,4.746900,OK
13063,4.764000,OK
13064,4.949700,OK
13065,5.756900,OK
13066,4.767800,OK
13067,4.759900,OK
13068,4.804000,OK
13069,4.784500,OK
13070,4.793800,OK
13071,4.600500,OK
13072,5.061600,OK
13073,4.848800,OK
13074,4.737400,OK
13075,5.272700,OK
13076,4.374600,OK
13077,4.386600,OK
13078,5.129000,OK
13079,4.875800,OK
13080,5.070600,OK
13081,4.841100,OK
13082,5.129500,OK
13083,4.717600,OK
13084,4.693500,OK
13085,4.719600,OK
13086,4.849700,OK
13087,4.660200,OK
13088,4.845200,OK
13089,4.798400,OK
13090,4.903400,OK
13091,4.656900,OK
13092,4.657100,OK
13093,4.951300,OK
13094,5.041100,OK
13095,4.526500,OK
13096,4.838700,OK
13097,4.892300,OK
13098,4.739300,OK
13099,4.882200,OK
13100,4.799200,OK
13101,4.793000,OK
13102,4.715900,OK
13103,5.464300,OK
13104,4.776800,OK
13105,4.791200,OK
13106,4.851500,OK
13107,5.594600,OK
13108,4.854800,OK
13109,4.791800,OK
13110,5.244000,OK
13111,5.569900,OK
13112,4.834600,OK
13113,4.988400,OK
13114,5.091400,OK
13115,4.819300,OK
13116,5.766400,OK
13117,4.917400,OK
13118,5.441400,OK
13119,4.791300,OK
13120,4.877900,OK
13121,4.848300,OK
13122,3.821500,OK
13123,3.922700,OK
13124,4.799300,OK
13125,3.914700,OK
13126,4.060200,OK
13127,4.824200,OK
13128,3.829000,OK
13129,4.280700,OK
13130,4.076000,OK
13131,4.845500,OK
13132,4.556400,OK
13133,4.674500,OK
13134,4.714600,OK
13135,4.530000,OK
13136,4.077000,OK
13137,4.135600,OK
13138,4.831600,OK
13139,3.962000,OK
13140,4.854200,OK
13141,3.996100,OK
13142,3.989300,OK
13143,4.855600,OK
13144,3.949600,OK
13145,4.258800,OK
13146,5.005700,OK
13147,4.719900,OK
13148,4.733400,OK
13149,4.169000,OK
13150,4.687500,OK
13151,4.850900,OK
13152,4.649700,OK
13153,4.694100,OK
13154,4.167600,OK
13155,4.753000,OK
13156,4.705700,OK
13157,5.086500,OK
13158,5.020900,OK
13159,4.786700,OK
13160,4.569700,OK
13161,4.987900,OK
13162,4.780400,OK
13163,4.746500,OK
13164,4.840300,OK
13165,4.413900,OK
13166,4.787200,OK
13167,4.762000,OK
13168,4.676800,OK
13169,4.645700,OK
13170,4.545500,OK
13171,4.802000,OK
13172,4.909800,OK
13173,4.693400,OK
13174,4.818600,OK
13175,5.084200,OK
13176,4.944800,OK
13177,7.680500,OK
13178,4.471000,OK
13179,5.040700,OK
13180,5.032400,OK
13181,5.187900,OK
13182,5.652900,OK
13183,4.638500,OK
13184,4.871700,OK
13185,5.056200,OK
13186,5.327800,OK
13187,4.772800,OK
13188,4.531800,OK
13189,4.543900,OK
13190,4.549200,OK
13191,4.538100,OK
13192,5.219500,OK
13193,5.108900,OK
13194,4.953900,OK
13195,5.007400,OK
13196,4.998300,OK
13197,4.652400,OK
13198,5.376800,OK
13199,5.122700,OK
13200,4.780400,OK
13201,4.978400,OK
13202,4.677100,OK
13203,4.679300,OK
13204,5.034800,OK
13205,4.808800,OK
13206,4.789500,OK
13207,5.046500,OK
13208,5.130100,OK
13209,5.075300,OK
13210,5.294800,OK
13211,5.171800,OK
13212,5.157200,OK
13213,5.068400,OK
13214,5.063000,OK
13215,5.204600,OK
13216,5.683300,OK
13217,5.646300,OK
13218,4.768000,OK
13219,5.758100,OK
13220,4.873700,OK
13221,5.020000,OK
13222,4.652100,OK
13223,4.606800,OK
13224,3.793300,OK
13225,4.237700,OK
13226,5.540400,OK
13227,4.667200,OK
13228,4.756400,OK
13229,4.846100,OK
13230,4.805200,OK
13231,4.069800,OK
13232,4.103100,OK
13233,3.837800,OK
13234,4.892500,OK
13235,4.761400,OK
13236,4.598100,OK
13237,4.234800,OK
13238,4.762400,OK
13239,4.794300,OK
13240,4.845200,OK
13241,4.914400,OK
13242,4.646700,OK
13243,5.137900,OK
13244,4.570400,OK
13245,4.924700,OK
13246,4.816200,OK
13247,4.808000,OK
13248,4.644000,OK
13249,4.308100,OK
13250,4.272700,OK
13251,4.181500,OK
13252,4.768500,OK
13253,4.604200,OK
13254,4.579000,OK
13255,4.343800,OK
13256,4.799200,OK
13257,4.854700,OK
13258,4.510600,OK
13259,4.892100,OK
13260,4.832600,OK
13261,4.743400,OK
13262,5.195800,OK
13263,5.031600,OK
13264,4.834300,OK
13265,4.927100,OK
13266,4.938200,OK
13267,4.863300,OK
13268,4.465100,OK
13269,4.811100,OK
13270,4.924300,OK
13271,4.268600,OK
13272,5.120500,OK
13273,4.867800,OK
13274,5.254000,OK
13275,5.089000,OK
13276,4.596500,OK
13277,5.494400,OK
13278,4.422500,OK
13279,4.950300,OK
13280,4.359000,OK
13281,4.310700,OK
13282,5.122300,OK
13283,5.007800,OK
13284,5.066600,OK
13285,4.860100,OK
13286,4.851600,OK
13287,4.475800,OK
13288,4.889900,OK
13289,4.742900,OK
13290,5.513600,OK
13291,4.692900,OK
13292,4.632400,OK
13293,4.564300,OK
13294,4.996800,OK
13295,5.058300,OK
13296,4.964600,OK
13297,4.841400,OK
13298,5.507700,OK
13299,4.585300,OK
13300,4.657000,OK
13301,4.761000,OK
13302,4.871200,OK
13303,4.925600,OK
13304,4.751300,OK
13305,5.529900,OK
13306,4.764900,OK
13307,5.098400,OK
13308,4.714000,OK
13309,5.503700,OK
13310,5.507600,OK
13311,4.901700,OK
13312,5.173700,OK
13313,4.838400,OK
13314,5.749500,OK
13315,5.384400,OK
13316,4.887200,OK
13317,4.906700,OK
13318,3.921400,OK
13319,3.958000,OK
13320,5.731200,OK
13321,3.870700,OK
13322,3.835800,OK
13323,4.852900,OK
13324,3.930900,OK
13325,4.013900,OK
13326,4.624200,OK
13327,5.346300,OK
13328,4.779200,OK
13329,4.273300,OK
13330,4.968000,OK
13331,4.120300,OK
13332,4.056900,OK
13333,4.202700,OK
13334,4.245500,OK
13335,4.266400,OK
13336,3.952600,OK
13337,4.041600,OK
13338,4.570200,OK
13339,4.970800,OK
13340,4.189400,OK
13341,4.719700,OK
13342,4.072600,OK
13343,4.091100,OK
13344,4.631700,OK
13345,5.934100,OK
13346,4.284900,OK
13347,5.015500,OK
13348,4.992200,OK
13349,4.964900,OK
13350,4.848000,OK
13351,5.041000,OK
13352,4.718300,OK
13353,4.825600,OK
13354,4.663100,OK
13355,4.744000,OK
13356,4.222800,OK
13357,4.556500,OK
13358,4.856700,OK
13359,4.843900,OK
13360,4.678000,OK
13361,4.826900,OK
13362,4.241800,OK
13363,5.053800,OK
13364,5.134400,OK
13365,4.683900,OK
13366,4.696300,OK
13367,4.781300,OK
13368,4.760800,OK
13369,4.731100,OK
13370,4.757500,OK
13371,4.789400,OK
13372,4.695200,OK
13373,4.663600,OK
13374,4.771300,OK
13375,5.170600,OK
13376,4.745400,OK
13377,4.512300,OK
13378,4.720000,OK
13379,4.804500,OK
13380,4.905000,OK
13381,4.960300,OK
13382,4.785000,OK
13383,5.252900,OK
13384,4.885800,OK
13385,4.865600,OK
13386,4.952400,OK
13387,4.776600,OK
13388,4.839500,OK
13389,5.138600,OK
13390,4.636700,OK
13391,5.950600,OK
13392,4.790800,OK
13393,4.575400,OK
13394,4.487800,OK
13395,4.330700,OK
13396,4.764400,OK
13397,4.770800,OK
13398,4.710900,OK
13399,5.300000,OK
13400,5.461200,OK
13401,4.601600,OK
13402,5.418900,OK
13403,5.477800,OK
13404,5.026800,OK
13405,5.118500,OK
13406,5.178800,OK
13407,5.422100,OK
13408,5.327700,OK
13409,5.757400,OK
13410,5.527600,OK
13411,4.836800,OK
13412,3.937400,OK
13413,4.640200,OK
13414,3.956400,OK
13415,4.022700,OK
13416,4.765000,OK
13417,3.959100,OK
13418,4.171100,OK
13419,4.281600,OK
13420,4.286100,OK
13421,4.033800,OK
13422,4.903700,OK
13423,3.938200,OK
13424,4.703100,OK
13425,4.427400,OK
13426,4.445700,OK
13427,4.317700,OK
13428,4.766400,OK
13429,4.062200,OK
13430,4.865200,OK
13431,4.035400,OK
13432,4.656200,OK
13433,4.411600,OK
13434,4.877500,OK
13435,4.970000,OK
13436,4.983500,OK
13437,4.938200,OK
13438,4.808800,OK
13439,4.851700,OK
13440,4.983400,OK
13441,4.110700,OK
13442,4.958700,OK
13443,4.985700,OK
13444,4.283600,OK
13445,5.077300,OK
13446,4.109100,OK
13447,4.698200,OK
13448,5.058600,OK
13449,4.186300,OK
13450,4.181100,OK
13451,4.485500,OK
13452,4.546600,OK
13453,4.848300,OK
13454,4.174000,OK
13455,5.151100,OK
13456,4.457100,OK
13457,4.549400,OK
13458,4.693900,OK
13459,5.027600,OK
13460,5.034600,OK
13461,4.866700,OK
13462,4.850600,OK
13463,4.844100,OK
13464,4.470700,OK
13465,4.695600,OK
13466,4.518400,OK
13467,5.109200,OK
13468,4.719800,OK
13469,4.876600,OK
13470,4.619600,OK
13471,4.878000,OK
13472,5.026200,OK
13473,4.856900,OK
13474,4.637500,OK
13475,4.883700,OK
13476,4.887700,OK
13477,5.452400,OK
13478,5.052400,OK
13479,5.010100,OK
13480,4.805500,OK
13481,5.109800,OK
13482,4.126000,OK
13483,5.250900,OK
13484,5.216800,OK
13485,4.910900,OK
13486,4.945200,OK
13487,5.217100,OK
13488,4.837600,OK
13489,4.676200,OK
13490,4.659500,OK
13491,4.674000,OK
13492,5.393800,OK
13493,4.943100,OK
13494,4.685500,OK
13495,4.642300,OK
13496,4.825300,OK
13497,4.664100,OK
13498,5.525300,OK
13499,5.032800,OK
13500,4.860600,OK
13501,4.835100,OK
13502,5.671000,OK
13503,4.715100,OK
13504,4.906200,OK
13505,5.642100,OK
13506,5.561200,OK
13507,5.710500,OK
13508,5.632400,OK
13509,4.841900,OK
13510,4.818100,OK
13511,4.958800,OK
13512,5.596600,OK
13513,5.109800,OK
13514,4.829800,OK
13515,4.740200,OK
13516,3.960200,OK
13517,3.863800,OK
13518,4.672100,OK
13519,4.083100,OK
13520,4.807500,OK
13521,4.412400,OK
13522,4.697400,OK
13523,4.331500,OK
13524,4.241700,OK
13525,4.228800,OK
13526,4.354300,OK
13527,4.813000,OK
13528,4.818900,OK
13529,4.550300,OK
13530,4.412600,OK
13531,3.985000,OK
13532,4.560100,OK
13533,4.163700,OK
13534,4.893200,OK
13535,4.523000,OK
13536,4.888600,OK
13537,4.663600,OK
13538,4.740600,OK
13539,4.828400,OK
13540,4.787100,OK
13541,4.782900,OK
13542,4.192400,OK
13543,4.824000,OK
13544,4.922300,OK
13545,4.551700,OK
13546,4.845900,OK
13547,4.760900,OK
13548,4.753100,OK
13549,4.744500,OK
13550,4.242800,OK
13551,4.810500,OK
13552,4.853300,OK
13553,5.076300,OK
13554,4.835100,OK
13555,4.838500,OK
13556,4.694500,OK
13557,4.839200,OK
13558,4.582000,OK
13559,4.697400,OK
13560,4.917700,OK
13561,4.549000,OK
13562,4.657500,OK
13563,4.839000,OK
13564,4.716500,OK
13565,5.761200,OK
13566,4.672300,OK
13567,4.666900,OK
13568,4.833100,OK
13569,5.053100,OK
13570,4.741400,OK
13571,4.973400,OK
13572,4.743700,OK
13573,4.830600,OK
13574,4.708100,OK
13575,5.211300,OK
13576,4.849100,OK
13577,4.891100,OK
13578,4.954600,OK
13579,4.646400,OK
13580,4.797300,OK
13581,5.113600,OK
13582,5.281900,OK
13583,5.236000,OK
13584,5.090500,OK
13585,4.730200,OK
13586,5.227500,OK
13587,5.450400,OK
13588,4.829500,OK
13589,4.581500,OK
13590,5.433500,OK
13591,5.466500,OK
13592,4.749200,OK
13593,5.345900,OK
13594,5.294100,OK
13595,5.472100,OK
13596,4.905100,OK
13597,5.702300,OK
13598,4.556000,OK
13599,5.146600,OK
13600,5.556300,OK
13601,4.682600,OK
13602,5.124300,OK
13603,4.794700,OK
13604,5.728300,OK
13605,5.595200,OK
13606,5.753600,OK
13607,4.847000,OK
13608,4.856000,OK
13609,5.657600,OK
13610,4.664900,OK
13611,3.888500,OK
13612,4.225000,OK
13613,3.818300,OK
13614,3.765900,OK
13615,4.112500,OK
13616,4.752300,OK
13617,4.307900,OK
13618,4.673500,OK
13619,3.972700,OK
13620,4.183700,OK
13621,4.719300,OK
13622,4.702700,OK
13623,4.809900,OK
13624,4.804100,OK
13625,4.840900,OK
13626,4.455600,OK
13627,4.714900,OK
13628,4.869200,OK
13629,4.843900,OK
13630,4.686700,OK
13631,4.687200,OK
13632,4.140000,OK
13633,4.868500,OK
13634,4.386100,OK
13635,4.771200,OK
13636,4.617000,OK
13637,4.633700,OK
13638,4.638200,OK
13639,4.913200,OK
13640,4.373000,OK
13641,4.203300,OK
13642,4.540400,OK
13643,4.191400,OK
13644,4.865600,OK
13645,4.839900,OK
13646,5.064700,OK
13647,4.787900,OK
13648,4.782500,OK
13649,4.389300,OK
13650,4.540100,OK
13651,4.271000,OK
13652,4.338900,OK
13653,4.356800,OK
13654,4.347500,OK
13655,4.244800,OK
13656,5.209200,OK
13657,5.051900,OK
13658,4.495200,OK
13659,4.342100,OK
13660,4.366600,OK
13661,4.485000,OK
13662,4.735100,OK
13663,4.447100,OK
13664,4.526800,OK
13665,4.449600,OK
13666,4.983800,OK
13667,5.513500,OK
13668,4.649900,OK
13669,4.555200,OK
13670,4.958200,OK
13671,4.530200,OK
13672,4.967900,OK
13673,4.358200,OK
13674,5.269900,OK
13675,4.788200,OK
13676,4.880700,OK
13677,4.743800,OK
13678,4.889000,OK
13679,4.615200,OK
13680,5.152100,OK
13681,4.495100,OK
13682,4.513100,OK
13683,4.356900,OK
13684,4.505700,OK
13685,5.335500,OK
13686,5.422000,OK
13687,5.371800,OK
13688,4.838900,OK
13689,4.808500,OK
13690,4.851200,OK
13691,4.829800,OK
13692,4.755800,OK
13693,5.355200,OK
13694,5.142100,OK
13695,5.222000,OK
13696,5.423200,OK
13697,5.021200,OK
13698,5.604500,OK
13699,5.607000,OK
13700,4.747800,OK
13701,5.070800,OK
13702,5.286500,OK
13703,5.671600,OK
13704,5.672100,OK
13705,5.029500,OK
13706,4.893300,OK
13707,5.631500,OK
13708,5.719500,OK
13709,4.853500,OK
13710,4.423700,OK
13711,4.776200,OK
13712,3.863200,OK
13713,4.283800,OK
13714,3.918800,OK
13715,3.909600,OK
13716,4.873600,OK
13717,3.903900,OK
13718,3.762900,OK
13719,4.693800,OK
13720,4.820200,OK
13721,3.983100,OK
13722,4.119300,OK
13723,4.676500,OK
13724,4.383300,OK
13725,4.179100,OK
13726,4.801900,OK
13727,4.919400,OK
13728,4.713300,OK
13729,4.830600,OK
13730,4.315600,OK
13731,4.089300,OK
13732,3.986600,OK
13733,4.548900,OK
13734,4.220000,OK
13735,5.228300,OK
13736,5.132700,OK
13737,4.562800,OK
13738,4.813500,OK
13739,4.106900,OK
13740,4.650400,OK
13741,4.940500,OK
13742,4.346300,OK
13743,4.780900,OK
13744,4.792100,OK
13745,5.080600,OK
13746,4.871000,OK
13747,4.671200,OK
13748,5.079700,OK
13749,4.543900,OK
13750,4.958100,OK
13751,4.868500,OK
13752,6.015100,OK
13753,4.414100,OK
13754,4.889000,OK
13755,4.480800,OK
13756,4.848100,OK
13757,4.666800,OK
13758,4.834100,OK
13759,4.857600,OK
13760,4.964700,OK
13761,4.596300,OK
13762,4.527400,OK
13763,4.793200,OK
13764,4.600500,OK
13765,4.563600,OK
13766,4.300900,OK
13767,4.290100,OK
13768,4.852100,OK
13769,5.667600,OK
13770,4.424500,OK
13771,4.935300,OK
13772,4.748100,OK
13773,5.404800,OK
13774,4.653400,OK
13775,4.665600,OK
13776,4.762000,OK
13777,4.863500,OK
13778,4.904400,OK
13779,4.577800,OK
13780,4.990900,OK
13781,5.459900,OK
13782,4.698300,OK
13783,4.825100,OK
13784,4.727200,OK
13785,4.890600,OK
13786,5.187800,OK
13787,4.817100,OK
13788,4.919300,OK
13789,4.680000,OK
13790,4.776300,OK
13791,4.897400,OK
13792,5.185300,OK
13793,5.173700,OK
13794,4.673000,OK
13795,5.227700,OK
13796,4.821300,OK
13797,4.750300,OK
13798,5.028900,OK
13799,5.194800,OK
13800,4.962200,OK
13801,4.897500,OK
13802,5.594700,OK
13803,4.890400,OK
13804,5.504500,OK
13805,4.931700,OK
13806,5.677400,OK
13807,4.903000,OK
13808,5.237000,OK
13809,4.552300,OK
13810,3.908600,OK
13811,4.775200,OK
13812,4.647100,OK
13813,4.692100,OK
13814,4.214900,OK
13815,3.936800,OK
13816,3.940100,OK
13817,4.929800,OK
13818,3.857900,OK
13819,4.234700,OK
13820,3.924000,OK
13821,3.919100,OK
13822,4.669000,OK
13823,4.940300,OK
13824,4.792500,OK
13825,4.885200,OK
13826,4.403000,OK
13827,4.384700,OK
13828,4.750700,OK
13829,4.506800,OK
13830,4.580400,OK
13831,4.579700,OK
13832,4.969800,OK
13833,4.256700,OK
13834,4.844400,OK
13835,4.597300,OK
13836,4.921800,OK
13837,4.780000,OK
13838,4.745400,OK
13839,4.707100,OK
13840,4.484300,OK
13841,4.771500,OK
13842,4.734600,OK
13843,5.040400,OK
13844,4.801500,OK
13845,4.491000,OK
13846,5.004500,OK
13847,4.898500,OK
13848,4.674600,OK
13849,4.796900,OK
13850,4.416100,OK
13851,5.107500,OK
13852,4.807600,OK
13853,4.793000,OK
13854,4.699200,OK
13855,4.871100,OK
13856,4.692400,OK
13857,4.722000,OK
13858,4.430400,OK
13859,4.857500,OK
13860,4.781700,OK
13861,5.155300,OK
13862,4.947900,OK
13863,4.684100,OK
13864,4.549400,OK
13865,4.950600,OK
13866,5.051800,OK
13867,4.731300,OK
13868,4.713100,OK
13869,5.264900,OK
13870,5.194700,OK
13871,5.314100,OK
13872,5.301900,OK
13873,5.214500,OK
13874,4.885800,OK
13875,4.926800,OK
13876,5.388700,OK
13877,4.609900,OK
13878,4.865100,OK
13879,4.760900,OK
13880,4.680800,OK
13881,5.575800,OK
13882,4.895800,OK
13883,4.831200,OK
13884,4.823200,OK
13885,5.508700,OK
13886,4.949300,OK
13887,4.974100,OK
13888,4.962500,OK
13889,4.918900,OK
13890,5.026500,OK
13891,4.910800,OK
13892,4.847000,OK
13893,5.211900,OK
13894,5.380600,OK
13895,5.640800,OK
13896,4.862700,OK
13897,5.223600,OK
13898,5.822300,OK
13899,5.770400,OK
13900,5.570100,OK
13901,5.652900,OK
13902,4.419000,OK
13903,3.922100,OK
13904,4.436300,OK
13905,4.209200,OK
13906,4.736800,OK
13907,4.427300,OK
13908,4.382800,OK
13909,4.682100,OK
13910,3.913900,OK
13911,4.634100,OK
13912,4.717500,OK
13913,4.726600,OK
13914,4.876100,OK
13915,4.813000,OK
13916,4.169700,OK
13917,4.449700,OK
13918,5.305000,OK
13919,4.710100,OK
13920,4.372500,OK
13921,4.120000,OK
13922,3.966300,OK
13923,4.366700,OK
13924,4.776700,OK
13925,4.521700,OK
13926,4.703800,OK
13927,4.884600,OK
13928,4.891100,OK
13929,4.927500,OK
13930,4.736900,OK
13931,4.783700,OK
13932,4.513400,OK
13933,4.280800,OK
13934,4.895000,OK
13935,5.057700,OK
13936,4.899500,OK
13937,4.731600,OK
13938,4.436500,OK
13939,4.820200,OK
13940,4.314900,OK
13941,4.991000,OK
13942,4.622000,OK
13943,5.006600,OK
13944,4.357900,OK
13945,4.155100,OK
13946,4.559600,OK
13947,4.597800,OK
13948,4.589500,OK
13949,4.649000,OK
13950,4.567800,OK
13951,4.521700,OK
13952,5.049100,OK
13953,4.907200,OK
13954,4.808400,OK
13955,5.044600,OK
13956,4.896200,OK
13957,4.868800,OK
13958,4.992400,OK
13959,4.951500,OK
13960,5.080400,OK
13961,5.174500,OK
13962,5.107600,OK
13963,4.771500,OK
13964,4.725600,OK
13965,4.849100,OK
13966,4.841100,OK
13967,4.846600,OK
13968,5.528600,OK
13969,4.868700,OK
13970,5.129300,OK
13971,5.281200,OK
13972,5.077700,OK
13973,4.691300,OK
13974,5.332200,OK
13975,5.477500,OK
13976,4.840700,OK
13977,4.848600,OK
13978,4.847900,OK
13979,4.942200,OK
13980,5.005300,OK
13981,5.063700,OK
13982,4.862800,OK
13983,4.882200,OK
13984,6.155000,OK
13985,5.600200,OK
13986,4.217800,OK
13987,4.805500,OK
13988,4.780900,OK
13989,4.853800,OK
13990,4.950600,OK
13991,5.254100,OK
13992,5.393600,OK
13993,5.764800,OK
13994,4.939000,OK
13995,4.907000,OK
13996,4.997300,OK
13997,5.749400,OK
13998,4.074700,OK
13999,4.001100,OK
14000,4.044900,OK
14001,3.887800,OK
14002,4.001800,OK
14003,4.935800,OK
14004,4.079300,OK
14005,4.005200,OK
14006,3.911800,OK
14007,3.949800,OK
14008,4.029600,OK
14009,4.105000,OK
14010,4.545900,OK
14011,4.903400,OK
14012,4.206000,OK
14013,4.883800,OK
14014,4.021600,OK
14015,4.693100,OK
14016,4.816900,OK
14017,5.095100,OK
14018,4.771000,OK
14019,4.790800,OK
14020,5.008100,OK
14021,4.746300,OK
14022,4.231700,OK
14023,4.050500,OK
14024,4.824800,OK
14025,4.164100,OK
14026,5.048900,OK
14027,4.723800,OK
14028,5.027000,OK
14029,4.388500,OK
14030,5.032800,OK
14031,4.140600,OK
14032,4.506600,OK
14033,4.556500,OK
14034,5.049100,OK
14035,4.531400,OK
14036,4.293500,OK
14037,4.129800,OK
14038,5.693700,OK
14039,4.939900,OK
14040,4.918300,OK
14041,4.211300,OK
14042,4.807400,OK
14043,4.496000,OK
14044,4.850400,OK
14045,4.372900,OK
14046,5.169000,OK
14047,4.763000,OK
14048,4.533700,OK
14049,4.842800,OK
14050,4.854900,OK
14051,4.793700,OK
14052,4.809700,OK
14053,4.447600,OK
14054,4.784400,OK
14055,4.780700,OK
14056,4.874100,OK
14057,4.282000,OK
14058,4.913000,OK
14059,4.997300,OK
14060,4.777100,OK
14061,4.641600,OK
14062,4.561700,OK
14063,4.765900,OK
14064,4.705000,OK
14065,4.820400,OK
14066,4.658900,OK
14067,4.499500,OK
14068,5.210500,OK
14069,4.580000,OK
14070,5.311700,OK
14071,4.923900,OK
14072,4.812500,OK
14073,5.101900,OK
14074,6.016900,OK
14075,4.752500,OK
14076,4.890500,OK
14077,4.761800,OK
14078,4.649100,OK
14079,5.219400,OK
14080,4.944800,OK
14081,5.114500,OK
14082,5.215100,OK
14083,4.581000,OK
14084,4.857500,OK
14085,5.053500,OK
14086,4.888200,OK
14087,4.907700,OK
14088,4.177400,OK
14089,5.155700,OK
14090,4.888600,OK
14091,5.026200,OK
14092,4.915400,OK
14093,4.899300,OK
14094,4.794700,OK
14095,5.356300,OK
14096,5.025300,OK
14097,4.991100,OK
14098,5.048100,OK
14099,5.116300,OK
14100,5.060500,OK
14101,4.889900,OK
14102,4.829000,OK
14103,5.005200,OK
14104,5.011800,OK
14105,4.762800,OK
14106,4.784200,OK
14107,5.073700,OK
14108,4.072700,OK
14109,3.849100,OK
14110,4.357300,OK
14111,3.975700,OK
14112,4.178700,OK
14113,4.448700,OK
14114,4.299600,OK
14115,4.163000,OK
14116,4.556900,OK
14117,4.321100,OK
14118,4.709600,OK
14119,4.408500,OK
14120,4.811200,OK
14121,4.652800,OK
14122,5.616400,OK
14123,4.092300,OK
14124,4.871300,OK
14125,4.402400,OK
14126,4.230400,OK
14127,4.850700,OK
14128,4.781400,OK
14129,4.015700,OK
14130,4.918500,OK
14131,4.541700,OK
14132,4.034600,OK
14133,4.374700,OK
14134,4.771300,OK
14135,4.918700,OK
14136,4.783800,OK
14137,4.152900,OK
14138,4.783400,OK
14139,4.893400,OK
14140,4.972000,OK
14141,5.066400,OK
14142,5.631300,OK
14143,4.635100,OK
14144,4.420000,OK
14145,4.710600,OK
14146,4.787800,OK
14147,4.567800,OK
14148,4.390900,OK
14149,5.157900,OK
14150,4.734100,OK
14151,4.717700,OK
14152,5.116300,OK
14153,4.850800,OK
14154,4.766200,OK
14155,4.622100,OK
14156,5.820900,OK
14157,5.019800,OK
14158,4.773900,OK
14159,5.130200,OK
14160,4.401900,OK
14161,4.897100,OK
14162,4.833400,OK
14163,4.592600,OK
14164,5.041900,OK
14165,6.278000,OK
14166,4.699800,OK
14167,4.709000,OK
14168,5.156900,OK
14169,5.984200,OK
14170,4.634400,OK
14171,4.719300,OK
14172,5.367200,OK
14173,4.684600,OK
14174,4.853400,OK
14175,4.714200,OK
14176,4.850300,OK
14177,4.958600,OK
14178,5.532300,OK
14179,5.497600,OK
14180,4.813700,OK
14181,4.748800,OK
14182,4.724300,OK
14183,4.760500,OK
14184,5.164400,OK
14185,5.400200,OK
14186,4.671000,OK
14187,5.662000,OK
14188,5.479300,OK
14189,5.019700,OK
14190,4.709500,OK
14191,4.850500,OK
14192,4.723000,OK
14193,4.967900,OK
14194,5.094900,OK
14195,4.771700,OK
14196,4.935000,OK
14197,5.352700,OK
14198,5.102600,OK
14199,4.792900,OK
14200,4.952100,OK
14201,4.869300,OK
14202,5.743000,OK
14203,5.710100,OK
14204,3.849900,OK
14205,4.317300,OK
14206,4.701000,OK
14207,3.796100,OK
14208,4.662900,OK
14209,4.236500,OK
14210,3.798900,OK
14211,4.906000,OK
14212,4.801000,OK
14213,3.811900,OK
14214,4.557600,OK
14215,4.824300,OK
14216,4.751600,OK
14217,4.749000,OK
14218,3.933800,OK
14219,4.902900,OK
14220,4.760300,OK
14221,3.984100,OK
14222,4.098600,OK
14223,4.387200,OK
14224,4.906800,OK
14225,4.234500,OK
14226,4.186900,OK
14227,4.687600,OK
14228,4.684600,OK
14229,4.717700,OK
14230,4.874400,OK
14231,4.736300,OK
14232,4.988100,OK
14233,4.531900,OK
14234,4.672300,OK
14235,4.633200,OK
14236,4.691000,OK
14237,4.375500,OK
14238,4.234600,OK
14239,4.738100,OK
14240,4.782900,OK
14241,4.806800,OK
14242,4.757700,OK
14243,4.870100,OK
14244,4.308000,OK
14245,4.868900,OK
14246,4.806000,OK
14247,4.584200,OK
14248,4.705200,OK
14249,5.032500,OK
14250,5.102100,OK
14251,4.501200,OK
14252,4.883000,OK
14253,4.844600,OK
14254,4.715800,OK
14255,4.758200,OK
14256,4.826100,OK
14257,4.705900,OK
14258,5.173100,OK
14259,4.956300,OK
14260,5.214500,OK
14261,5.251200,OK
14262,4.669000,OK
14263,4.906200,OK
14264,4.850700,OK
14265,4.614000,OK
14266,4.867600,OK
14267,4.770500,OK
14268,4.736200,OK
14269,4.837300,OK
14270,4.864200,OK
14271,4.798300,OK
14272,4.732800,OK
14273,4.037100,OK
14274,5.274700,OK
14275,5.809300,OK
14276,5.391700,OK
14277,4.882200,OK
14278,5.037300,OK
14279,5.165200,OK
14280,5.116500,OK
14281,5.003200,OK
14282,4.739400,OK
14283,5.030500,OK
14284,5.262100,OK
14285,5.337200,OK
14286,5.418000,OK
14287,5.395600,OK
14288,4.846400,OK
14289,4.972900,OK
14290,5.026800,OK
14291,4.929500,OK
14292,4.743300,OK
14293,5.430900,OK
14294,5.206600,OK
14295,4.915500,OK
14296,4.810300,OK
14297,5.790100,OK
14298,5.670800,OK
14299,5.064100,OK
14300,5.052800,OK
14301,5.088000,OK
14302,4.716400,OK
14303,4.307400,OK
14304,4.135300,OK
14305,4.193900,OK
14306,4.057200,OK
14307,4.009600,OK
14308,4.153600,OK
14309,4.295600,OK
14310,3.979700,OK
14311,3.927700,OK
14312,4.049600,OK
14313,4.812300,OK
14314,4.938800,OK
14315,4.714200,OK
14316,4.772000,OK
14317,4.699800,OK
14318,4.743800,OK
14319,4.723000,OK
14320,4.886600,OK
14321,4.862200,OK
14322,4.809900,OK
14323,4.816800,OK
14324,5.148600,OK
14325,4.086100,OK
14326,5.565600,OK
14327,4.012900,OK
14328,4.051000,OK
14329,4.956800,OK
14330,4.596000,OK
14331,4.685100,OK
14332,4.878700,OK
14333,5.678100,OK
14334,4.852900,OK
14335,4.665900,OK
14336,4.991400,OK
14337,4.154200,OK
14338,4.884300,OK
14339,4.816600,OK
14340,4.761800,OK
14341,4.881500,OK
14342,4.264400,OK
14343,5.407000,OK
14344,5.134900,OK
14345,4.932800,OK
14346,4.726100,OK
14347,4.726800,OK
14348,4.862800,OK
14349,4.931900,OK
14350,4.940300,OK
14351,4.993100,OK
14352,4.757400,OK
14353,4.860400,OK
14354,4.841600,OK
14355,4.715700,OK
14356,5.267000,OK
14357,5.054500,OK
14358,5.083200,OK
14359,5.050100,OK
14360,4.989900,OK
14361,4.924500,OK
14362,4.878200,OK
14363,5.457300,OK
14364,5.439300,OK
14365,4.386100,OK
14366,5.268700,OK
14367,5.046800,OK
14368,4.938600,OK
14369,5.392600,OK
14370,5.018400,OK
14371,4.837600,OK
14372,5.561100,OK
14373,4.717500,OK
14374,5.495900,OK
14375,4.913400,OK
14376,5.410500,OK
14377,5.111800,OK
14378,4.882300,OK
14379,5.358200,OK
14380,4.732400,OK
14381,4.675800,OK
14382,4.853700,OK
14383,4.817500,OK
14384,5.034600,OK
14385,4.782700,OK
14386,4.886300,OK
14387,5.539300,OK
14388,5.137600,OK
14389,4.869600,OK
14390,5.264800,OK
14391,4.861500,OK
14392,5.097000,OK
14393,4.803000,OK
14394,5.720100,OK
14395,4.899200,OK
14396,4.896300,OK
14397,5.557500,OK
14398,4.006900,OK
14399,4.576900,OK
14400,4.659600,OK
14401,4.673700,OK
14402,4.654500,OK
14403,4.582800,OK
14404,4.876800,OK
14405,4.671700,OK
14406,4.749500,OK
14407,4.619500,OK
14408,4.805400,OK
14409,3.903800,OK
14410,4.815000,OK
14411,4.817000,OK
14412,3.997300,OK
14413,4.731100,OK
14414,4.782200,OK
14415,4.572400,OK
14416,4.933400,OK
14417,4.744400,OK
14418,4.921900,OK
14419,4.021500,OK
14420,4.524100,OK
14421,4.778800,OK
14422,4.010800,OK
14423,5.613100,OK
14424,4.021100,OK
14425,5.150400,OK
14426,4.368400,OK
14427,5.003400,OK
14428,5.130000,OK
14429,4.539000,OK
14430,4.180200,OK
14431,5.068800,OK
14432,4.776000,OK
14433,4.826300,OK
14434,4.949800,OK
14435,4.231000,OK
14436,4.985300,OK
14437,4.277900,OK
14438,4.214200,OK
14439,5.056100,OK
14440,4.955300,OK
14441,4.217800,OK
14442,4.978500,OK
14443,5.072100,OK
14444,4.928500,OK
14445,5.211900,OK
14446,5.079200,OK
14447,4.970100,OK
14448,4.913300,OK
14449,4.609200,OK
14450,4.922500,OK
14451,4.669800,OK
14452,4.642100,OK
14453,4.853500,OK
14454,4.757500,OK
14455,4.764600,OK
14456,4.824300,OK
14457,4.826200,OK
14458,4.542300,OK
14459,4.449400,OK
14460,4.573700,OK
14461,4.407000,OK
14462,5.184400,OK
14463,4.856800,OK
14464,5.119300,OK
14465,4.872500,OK
14466,4.601600,OK
14467,4.666900,OK
14468,4.772500,OK
14469,4.883000,OK
14470,4.880100,OK
14471,4.594600,OK
14472,4.726100,OK
14473,5.309900,OK
14474,5.500900,OK
14475,5.181500,OK
14476,4.715500,OK
14477,5.430600,OK
14478,4.786800,OK
14479,4.851500,OK
14480,5.498600,OK
14481,4.779000,OK
14482,4.850200,OK
14483,4.817800,OK
14484,4.754700,OK
14485,4.767500,OK
14486,4.936600,OK
14487,5.391500,OK
14488,4.761100,OK
14489,4.891400,OK
14490,4.762700,OK
14491,5.274300,OK
14492,5.382900,OK
14493,5.072500,OK
14494,4.895200,OK
14495,4.614300,OK
14496,4.582600,OK
14497,4.569000,OK
14498,4.827900,OK
14499,3.783600,OK
14500,4.402000,OK
14501,3.900700,OK
14502,4.740600,OK
14503,4.798300,OK
14504,4.871900,OK
14505,3.919600,OK
14506,4.705200,OK
14507,4.682800,OK
14508,3.970000,OK
14509,4.613200,OK
14510,4.819900,OK
14511,4.265200,OK
14512,4.765800,OK
14513,4.102000,OK
14514,4.735200,OK
14515,4.802000,OK
14516,4.024900,OK
14517,4.818800,OK
14518,4.832600,OK
14519,4.854200,OK
14520,4.789700,OK
14521,4.639600,OK
14522,4.693700,OK
14523,4.838100,OK
14524,5.717800,OK
14525,4.131600,OK
14526,4.784700,OK
14527,4.968900,OK
14528,4.799300,OK
14529,4.907700,OK
14530,5.193700,OK
14531,4.847200,OK
14532,4.788700,OK
14533,4.679800,OK
14534,4.953100,OK
14535,5.093000,OK
14536,4.767100,OK
14537,4.882000,OK
14538,4.735300,OK
14539,4.798600,OK
14540,4.398900,OK
14541,5.004300,OK
14542,4.251700,OK
14543,4.655800,OK
14544,4.965300,OK
14545,4.854500,OK
14546,4.683400,OK
14547,4.900200,OK
14548,4.559200,OK
14549,5.067900,OK
14550,5.049400,OK
14551,4.864700,OK
14552,4.778800,OK
14553,4.857300,OK
14554,5.134300,OK
14555,4.688900,OK
14556,4.454400,OK
14557,4.561000,OK
14558,4.714400,OK
14559,5.125900,OK
14560,4.885000,OK
14561,4.734600,OK
14562,4.674800,OK
14563,4.900200,OK
14564,5.374500,OK
14565,4.849000,OK
14566,5.020900,OK
14567,4.807100,OK
14568,4.589300,OK
14569,5.085500,OK
14570,4.738500,OK
14571,4.557100,OK
14572,4.814100,OK
14573,4.870200,OK
14574,4.781600,OK
14575,5.379300,OK
14576,5.535400,OK
14577,5.526200,OK
14578,4.811300,OK
14579,4.862700,OK
14580,5.195900,OK
14581,4.852000,OK
14582,5.607000,OK
14583,4.720300,OK
14584,5.670500,OK
14585,5.620300,OK
14586,4.737700,OK
14587,4.864200,OK
14588,4.870200,OK
14589,4.945300,OK
14590,5.050700,OK
14591,6.026300,OK
14592,5.260100,OK
14593,4.911800,OK
14594,4.962900,OK
14595,5.398100,OK
14596,4.097100,OK
14597,4.320400,OK
14598,4.111400,OK
14599,4.818300,OK
14600,4.546400,OK
14601,4.124300,OK
14602,3.960200,OK
14603,4.833800,OK
14604,3.904000,OK
14605,4.842100,OK
14606,4.728800,OK
14607,4.186900,OK
14608,4.768700,OK
14609,3.961000,OK
14610,4.843600,OK
14611,4.360500,OK
14612,4.893800,OK
14613,4.572000,OK
14614,4.600900,OK
14615,4.671700,OK
14616,4.760100,OK
14617,4.843000,OK
14618,4.534700,OK
14619,4.456300,OK
14620,4.803000,OK
14621,5.025800,OK
14622,4.853700,OK
14623,4.772100,OK
14624,4.127600,OK
14625,5.031900,OK
14626,4.045200,OK
14627,4.782400,OK
14628,4.224800,OK
14629,4.670100,OK
14630,4.497800,OK
14631,4.552600,OK
14632,4.313500,OK
14633,4.856800,OK
14634,4.838900,OK
14635,4.873800,OK
14636,4.568500,OK
14637,5.012900,OK
14638,5.128000,OK
14639,4.514300,OK
14640,4.477800,OK
14641,4.289600,OK
14642,5.226800,OK
14643,4.354300,OK
14644,4.859000,OK
14645,5.065000,OK
14646,4.985700,OK
14647,5.099600,OK
14648,5.179900,OK
14649,4.983000,OK
14650,4.432700,OK
14651,5.061600,OK
14652,4.719100,OK
14653,4.568200,OK
14654,4.717800,OK
14655,4.356500,OK
14656,5.038800,OK
14657,4.741800,OK
14658,4.813100,OK
14659,4.847600,OK
14660,5.013800,OK
14661,4.827500,OK
14662,4.684900,OK
14663,4.865000,OK
14664,4.666500,OK
14665,4.820700,OK
14666,4.724900,OK
14667,5.809400,OK
14668,4.598400,OK
14669,4.725900,OK
14670,4.748400,OK
14671,4.819300,OK
14672,4.573000,OK
14673,4.667900,OK
14674,4.929800,OK
14675,5.376400,OK
14676,4.962500,OK
14677,4.802000,OK
14678,4.747700,OK
14679,4.772100,OK
14680,4.816700,OK
14681,5.255800,OK
14682,4.675900,OK
14683,4.878400,OK
14684,4.894100,OK
14685,4.830100,OK
14686,5.576900,OK
14687,4.803500,OK
14688,4.923900,OK
14689,5.585200,OK
14690,4.756700,OK
14691,4.776300,OK
14692,5.272200,OK
14693,4.896500,OK
14694,5.578700,OK
14695,5.793100,OK
14696,5.905100,OK
14697,4.820500,OK
14698,5.366600,OK
14699,3.947400,OK
14700,4.476800,OK
14701,4.673800,OK
14702,4.104400,OK
14703,4.090800,OK
14704,3.762600,OK
14705,4.051000,OK
14706,3.886300,OK
14707,3.910000,OK
14708,4.150600,OK
14709,3.728900,OK
14710,3.887900,OK
14711,4.311100,OK
14712,4.271300,OK
14713,4.412600,OK
14714,4.064300,OK
14715,4.108700,OK
14716,4.830900,OK
14717,4.637800,OK
14718,3.960800,OK
14719,4.797300,OK
14720,3.955600,OK
14721,3.988600,OK
14722,4.931200,OK
14723,4.608100,OK
14724,4.140600,OK
14725,4.633400,OK
14726,4.194500,OK
14727,4.295400,OK
14728,4.076100,OK
14729,4.534000,OK
14730,4.096800,OK
14731,4.451700,OK
14732,4.536000,OK
14733,4.388600,OK
14734,4.158300,OK
14735,5.009400,OK
14736,4.812900,OK
14737,4.790100,OK
14738,4.165300,OK
14739,4.958800,OK
14740,4.204700,OK
14741,5.031400,OK
14742,4.952300,OK
14743,4.870600,OK
14744,5.167200,OK
14745,4.390500,OK
14746,4.208500,OK
14747,4.316900,OK
14748,4.638800,OK
14749,4.763100,OK
14750,4.953700,OK
14751,4.298500,OK
14752,5.067900,OK
14753,5.013300,OK
14754,5.183500,OK
14755,5.046800,OK
14756,4.591500,OK
14757,5.104700,OK
14758,5.101400,OK
14759,4.503300,OK
14760,4.773100,OK
14761,4.610400,OK
14762,4.448200,OK
14763,4.730100,OK
14764,4.893800,OK
14765,5.043000,OK
14766,4.869200,OK
14767,4.899400,OK
14768,4.694300,OK
14769,4.821600,OK
14770,4.621200,OK
14771,4.752800,OK
14772,4.829300,OK
14773,4.505200,OK
14774,5.066900,OK
14775,4.816600,OK
14776,4.814500,OK
14777,4.931600,OK
14778,4.686400,OK
14779,5.209600,OK
14780,5.597000,OK
14781,4.873300,OK
14782,4.936300,OK
14783,4.803500,OK
14784,5.370500,OK
14785,4.566200,OK
14786,4.642900,OK
14787,5.396800,OK
14788,4.752600,OK
14789,5.684000,OK
14790,5.523300,OK
14791,4.815300,OK
14792,5.534200,OK
14793,4.775100,OK
14794,4.776800,OK
14795,4.837800,OK
14796,4.933500,OK
14797,5.001000,OK
14798,5.052400,OK
14799,5.061800,OK
14800,4.695500,OK
14801,5.580300,OK
14802,5.405100,OK
14803,5.148600,OK
14804,5.485500,OK
14805,4.959400,OK
14806,4.792800,OK
14807,4.706400,OK
14808,4.790800,OK
14809,4.042100,OK
14810,4.516800,OK
14811,4.492700,OK
14812,4.435000,OK
14813,4.366700,OK
14814,4.343200,OK
14815,4.732600,OK
14816,4.208400,OK
14817,4.111600,OK
14818,4.575000,OK
14819,3.907900,OK
14820,5.029800,OK
14821,4.669200,OK
14822,4.587300,OK
14823,4.692200,OK
14824,4.899600,OK
14825,4.835000,OK
14826,4.730800,OK
14827,4.626700,OK
14828,4.911200,OK
14829,4.517300,OK
14830,5.964200,OK
14831,4.585300,OK
14832,4.071000,OK
14833,4.410200,OK
14834,4.271500,OK
14835,4.302300,OK
14836,4.347600,OK
14837,4.349700,OK
14838,4.414800,OK
14839,4.415200,OK
14840,4.365800,OK
14841,4.116100,OK
14842,4.925000,OK
14843,4.821200,OK
14844,4.740000,OK
14845,4.974400,OK
14846,4.551600,OK
14847,4.171300,OK
14848,4.965400,OK
14849,4.708600,OK
14850,4.297500,OK
14851,4.739200,OK
14852,4.823700,OK
14853,4.920400,OK
14854,4.643700,OK
14855,4.759200,OK
14856,4.595700,OK
14857,4.726500,OK
14858,4.888500,OK
14859,4.703100,OK
14860,4.617400,OK
14861,4.725300,OK
14862,4.811500,OK
14863,5.063200,OK
14864,5.079600,OK
14865,5.057900,OK
14866,5.031900,OK
14867,4.553600,OK
14868,4.941800,OK
14869,5.060700,OK
14870,4.351700,OK
14871,5.056200,OK
14872,4.762900,OK
14873,4.397200,OK
14874,4.714500,OK
14875,4.589400,OK
14876,4.650900,OK
14877,4.767200,OK
14878,4.422900,OK
14879,4.959000,OK
14880,4.878300,OK
14881,4.705300,OK
14882,5.058900,OK
14883,4.695000,OK
14884,4.770000,OK
14885,4.717800,OK
14886,5.395400,OK
14887,5.072700,OK
14888,4.849400,OK
14889,4.807400,OK
14890,4.829100,OK
14891,5.539600,OK
14892,4.674800,OK
14893,4.861700,OK
14894,4.920100,OK
14895,5.284700,OK
14896,5.552600,OK
14897,4.706000,OK
14898,4.988500,OK
14899,5.476200,OK
14900,5.057400,OK
14901,5.447000,OK
14902,4.846400,OK
14903,4.949300,OK
14904,4.746000,OK
14905,5.742800,OK
14906,5.682000,OK
14907,4.804400,OK
14908,4.939800,OK
14909,4.745800,OK
14910,5.143100,OK
14911,5.007600,OK
14912,4.914100,OK
14913,5.667700,OK
14914,4.140500,OK
14915,3.999900,OK
14916,4.477100,OK
14917,4.178100,OK
14918,3.949700,OK
14919,4.063300,OK
14920,4.032700,OK
14921,4.121700,OK
14922,4.351800,OK
14923,4.364900,OK
14924,4.330700,OK
14925,4.662600,OK
14926,4.082400,OK
14927,4.373000,OK
14928,4.641100,OK
14929,4.705900,OK
14930,4.397700,OK
14931,4.364000,OK
14932,4.400800,OK
14933,4.434400,OK
14934,5.406500,OK
14935,4.402700,OK
14936,4.462000,OK
14937,4.294900,OK
14938,4.238400,OK
14939,4.799500,OK
14940,4.753000,OK
14941,4.473800,OK
14942,4.030400,OK
14943,4.135300,OK
14944,4.517500,OK
14945,4.735400,OK
14946,4.767800,OK
14947,4.736900,OK
14948,4.133700,OK
14949,4.766300,OK
14950,4.896300,OK
14951,4.310300,OK
14952,5.343500,OK
14953,4.802600,OK
14954,5.001300,OK
14955,4.746800,OK
14956,5.121000,OK
14957,4.877100,OK
14958,5.109700,OK
14959,4.668500,OK
14960,5.503000,OK
14961,4.381500,OK
14962,4.821200,OK
14963,4.946500,OK
14964,4.971400,OK
14965,5.181400,OK
14966,4.933100,OK
14967,4.725100,OK
14968,5.286100,OK
14969,5.511300,OK
14970,4.559600,OK
14971,4.904100,OK
14972,4.980700,OK
14973,5.306200,OK
14974,4.749000,OK
14975,5.185800,OK
14976,5.007600,OK
14977,4.493800,OK
14978,4.542700,OK
14979,4.694200,OK
14980,4.498700,OK
14981,5.216100,OK
14982,5.272900,OK
14983,4.360400,OK
14984,5.283000,OK
14985,5.202600,OK
14986,5.008000,OK
14987,5.344300,OK
14988,4.946100,OK
14989,5.013500,OK
14990,4.621000,OK
14991,5.069000,OK
14992,4.977000,OK
14993,5.251200,OK
14994,5.550600,OK
14995,4.808900,OK
14996,5.140800,OK
14997,5.238700,OK
14998,4.861800,OK
14999,4.937600,OK
15000,5.535800,OK
15001,5.226400,OK
15002,4.961400,OK
15003,4.681000,OK
15004,5.008700,OK
15005,5.085800,OK
15006,5.080600,OK
15007,5.056500,OK
15008,4.654100,OK
15009,5.360900,OK
15010,5.018500,OK
15011,4.767300,OK
15012,5.215100,OK
15013,4.964700,OK
15014,5.865100,OK
15015,4.842200,OK
15016,5.141200,OK
15017,5.024100,OK
15018,5.393800,OK
15019,5.263100,OK
15020,4.892500,OK
15021,5.867300,OK
15022,5.632900,OK
15023,4.027600,OK
15024,4.119300,OK
15025,4.793200,OK
15026,3.842300,OK
15027,4.065000,OK
15028,4.737400,OK
15029,3.882700,OK
15030,4.038800,OK
15031,4.874000,OK
15032,4.865800,OK
15033,3.992700,OK
15034,4.710900,OK
15035,3.953600,OK
15036,3.873100,OK
15037,4.785300,OK
15038,4.098800,OK
15039,3.994000,OK
15040,3.939000,OK
15041,4.893000,OK
15042,4.081300,OK
15043,4.968800,OK
15044,3.992800,OK
15045,4.635100,OK
15046,4.568800,OK
15047,4.965800,OK
15048,4.655300,OK
15049,4.323300,OK
15050,4.566800,OK
15051,4.829500,OK
15052,4.733600,OK
15053,5.747100,OK
15054,4.721700,OK
15055,4.703500,OK
15056,4.867300,OK
15057,4.342900,OK
15058,5.041400,OK
15059,4.645800,OK
15060,4.650400,OK
15061,4.851000,OK
15062,4.887000,OK
15063,4.451500,OK
15064,4.848600,OK
15065,4.728800,OK
15066,4.574800,OK
15067,4.241800,OK
15068,4.213200,OK
15069,5.037300,OK
15070,4.866000,OK
15071,5.054700,OK
15072,4.580600,OK
15073,4.596800,OK
15074,4.516900,OK
15075,4.437200,OK
15076,4.873700,OK
15077,4.738600,OK
15078,4.804300,OK
15079,4.864600,OK
15080,4.587800,OK
15081,4.684000,OK
15082,4.841500,OK
15083,4.674600,OK
15084,4.337100,OK
15085,4.857400,OK
15086,4.406100,OK
15087,3.997800,OK
15088,5.435600,OK
15089,4.900200,OK
15090,4.315000,OK
15091,4.354300,OK
15092,4.346000,OK
15093,4.381100,OK
15094,4.534500,OK
15095,4.307200,OK
15096,5.238700,OK
15097,4.388800,OK
15098,4.581300,OK
15099,4.501100,OK
15100,4.370700,OK
15101,5.257900,OK
15102,5.110400,OK
15103,4.886300,OK
15104,4.595700,OK
15105,4.788000,OK
15106,4.794600,OK
15107,4.937600,OK
15108,4.940500,OK
15109,5.129300,OK
15110,5.155900,OK
15111,5.107400,OK
15112,5.317500,OK
15113,5.245600,OK
15114,5.567700,OK
15115,5.053200,OK
15116,5.003400,OK
15117,4.867900,OK
15118,5.070000,OK
15119,5.477200,OK
15120,4.816100,OK
15121,4.929600,OK
15122,4.707300,OK
15123,5.379500,OK
15124,5.053400,OK
15125,5.039300,OK
15126,5.021000,OK
15127,4.971300,OK
15128,5.751500,OK
15129,4.884400,OK
15130,5.062000,OK
15131,4.889200,OK
15132,4.913900,OK
15133,5.211800,OK
15134,5.655500,OK
15135,4.175600,OK
15136,4.040100,OK
15137,4.623400,OK
15138,3.886200,OK
15139,4.784300,OK
15140,4.148800,OK
15141,3.937100,OK
15142,3.950200,OK
15143,4.042100,OK
15144,3.960300,OK
15145,4.584600,OK
15146,4.952800,OK
15147,4.842600,OK
15148,4.134800,OK
15149,4.652100,OK
15150,4.434100,OK
15151,4.626300,OK
15152,4.621700,OK
15153,4.336900,OK
15154,4.475900,OK
15155,4.288200,OK
15156,4.155300,OK
15157,3.842200,OK
15158,4.711100,OK
15159,4.735100,OK
15160,4.684700,OK
15161,4.484700,OK
15162,4.105900,OK
15163,4.950100,OK
15164,4.764900,OK
15165,4.804700,OK
15166,4.651500,OK
15167,4.807100,OK
15168,4.840200,OK
15169,4.646800,OK
15170,4.683700,OK
15171,4.831200,OK
15172,4.094100,OK
15173,4.192000,OK
15174,4.558900,OK
15175,4.328500,OK
15176,4.330800,OK
15177,4.236400,OK
15178,4.858000,OK
15179,4.652100,OK
15180,4.615600,OK
15181,4.531400,OK
15182,4.775900,OK
15183,4.632000,OK
15184,4.661400,OK
15185,4.768900,OK
15186,4.771500,OK
15187,4.894200,OK
15188,4.878100,OK
15189,4.855800,OK
15190,4.660300,OK
15191,4.774900,OK
15192,5.029800,OK
15193,5.112300,OK
15194,4.862000,OK
15195,5.051900,OK
15196,4.558700,OK
15197,4.243200,OK
15198,5.160200,OK
15199,5.030700,OK
15200,4.857700,OK
15201,5.049800,OK
15202,4.901500,OK
15203,4.853800,OK
15204,4.592400,OK
15205,4.856200,OK
15206,5.580900,OK
15207,4.760500,OK
15208,4.952500,OK
15209,4.934000,OK
15210,5.279500,OK
15211,4.998700,OK
15212,5.174000,OK
15213,4.932500,OK
15214,4.984600,OK
15215,5.430400,OK
15216,4.984000,OK
15217,4.603600,OK
15218,4.423300,OK
15219,5.361400,OK
15220,4.871900,OK
15221,4.822200,OK
15222,5.471600,OK
15223,5.462700,OK
15224,4.619700,OK
15225,4.493700,OK
15226,5.108100,OK
15227,4.504000,OK
15228,4.669900,OK
15229,4.815300,OK
15230,4.569700,OK
15231,4.551300,OK
15232,5.035000,OK
15233,4.840300,OK
15234,5.284100,OK
15235,5.366700,OK
15236,4.857800,OK
15237,4.817000,OK
15238,4.806700,OK
15239,5.739800,OK
15240,5.515900,OK
15241,4.890900,OK
15242,5.133100,OK
15243,4.775600,OK
15244,4.876700,OK
15245,5.051200,OK
15246,5.077900,OK
15247,5.624600,OK
15248,5.707700,OK
15249,5.685500,OK
15250,4.763500,OK
15251,3.879400,OK
15252,3.936600,OK
15253,4.622100,OK
15254,3.775300,OK
15255,3.832900,OK
15256,3.855300,OK
15257,4.404900,OK
15258,4.592800,OK
15259,3.922100,OK
15260,4.445400,OK
15261,4.592100,OK
15262,3.841900,OK
15263,4.360900,OK
15264,4.258700,OK
15265,4.554900,OK
15266,4.388500,OK
15267,4.602200,OK
15268,4.372200,OK
15269,4.269300,OK
15270,4.131200,OK
15271,4.835600,OK
15272,4.533500,OK
15273,4.789400,OK
15274,4.356600,OK
15275,4.763000,OK
15276,4.866300,OK
15277,4.599400,OK
15278,4.042500,OK
15279,4.849800,OK
15280,4.640400,OK
15281,4.832400,OK
15282,4.887100,OK
15283,4.078500,OK
15284,4.765500,OK
15285,4.484900,OK
15286,4.222100,OK
15287,4.179600,OK
15288,4.369100,OK
15289,4.132400,OK
15290,4.440500,OK
15291,5.173100,OK
15292,4.809100,OK
15293,4.296600,OK
15294,4.242600,OK
15295,4.729900,OK
15296,5.077000,OK
15297,4.813700,OK
15298,4.759400,OK
15299,4.337600,OK
15300,4.737900,OK
15301,4.773100,OK
15302,4.600000,OK
15303,4.906200,OK
15304,4.762800,OK
15305,4.597600,OK
15306,4.814500,OK
15307,4.517000,OK
15308,4.778700,OK
15309,4.911500,OK
15310,5.039700,OK
15311,6.021400,OK
15312,4.859900,OK
15313,4.835900,OK
15314,5.158300,OK
15315,4.824900,OK
15316,4.937900,OK
15317,5.037100,OK
15318,4.954200,OK
15319,4.974800,OK
15320,4.570500,OK
15321,4.325800,OK
15322,4.999600,OK
15323,5.275100,OK
15324,4.290200,OK
15325,4.598000,OK
15326,4.726500,OK
15327,4.343600,OK
15328,5.337200,OK
15329,4.298500,OK
15330,5.161100,OK
15331,4.881800,OK
15332,4.775400,OK
15333,4.724700,OK
15334,4.878500,OK
15335,5.034800,OK
15336,4.841300,OK
15337,4.700600,OK
15338,4.767900,OK
15339,5.445600,OK
15340,5.227700,OK
15341,4.753800,OK
15342,4.850200,OK
15343,4.727400,OK
15344,4.832900,OK
15345,4.880900,OK
15346,5.013900,OK
15347,4.796700,OK
15348,4.867600,OK
15349,4.773600,OK
15350,4.928800,OK
15351,4.745500,OK
15352,6.061000,OK
15353,4.784400,OK
15354,4.914400,OK
15355,4.619600,OK
15356,4.693500,OK
15357,4.890400,OK
15358,4.787400,OK
15359,4.804300,OK
15360,4.936500,OK
15361,4.983100,OK
15362,4.783000,OK
15363,5.146900,OK
15364,5.587800,OK
15365,4.858200,OK
15366,5.698600,OK
15367,5.008300,OK
15368,5.131000,OK
15369,4.942000,OK
15370,4.626700,OK
15371,4.075600,OK
15372,3.991900,OK
15373,4.908400,OK
15374,4.093600,OK
15375,4.430700,OK
15376,4.335000,OK
15377,4.306700,OK
15378,3.933000,OK
15379,3.905800,OK
15380,4.016700,OK
15381,3.974000,OK
15382,4.427700,OK
15383,4.281700,OK
15384,4.239500,OK
15385,4.454900,OK
15386,4.013300,OK
15387,4.937000,OK
15388,4.657900,OK
15389,4.579300,OK
15390,4.741400,OK
15391,4.763300,OK
15392,4.769900,OK
15393,4.539700,OK
15394,4.782400,OK
15395,4.168900,OK
15396,4.795500,OK
15397,4.564500,OK
15398,4.787100,OK
15399,5.008600,OK
15400,4.524200,OK
15401,4.778800,OK
15402,4.643800,OK
15403,4.888900,OK
15404,4.624300,OK
15405,4.935100,OK
15406,4.888700,OK
15407,4.876000,OK
15408,4.867800,OK
15409,4.774700,OK
15410,4.771200,OK
15411,4.778400,OK
15412,4.429900,OK
15413,5.773800,OK
15414,5.062800,OK
15415,4.133000,OK
15416,4.196400,OK
15417,5.017700,OK
15418,5.109500,OK
15419,5.228100,OK
15420,4.408400,OK
15421,4.378700,OK
15422,5.197500,OK
15423,5.013700,OK
15424,4.758900,OK
15425,4.944800,OK
15426,4.622500,OK
15427,4.819500,OK
15428,5.031900,OK
15429,4.868000,OK
15430,6.338500,OK
15431,5.304900,OK
15432,4.785700,OK
15433,4.962700,OK
15434,4.544500,OK
15435,4.712400,OK
15436,4.523600,OK
15437,4.522900,OK
15438,4.642200,OK
15439,4.723200,OK
15440,4.837200,OK
15441,4.731700,OK
15442,5.086500,OK
15443,4.866900,OK
15444,4.562200,OK
15445,5.003600,OK
15446,5.816700,OK
15447,5.098700,OK
15448,4.785300,OK
15449,4.739500,OK
15450,5.521000,OK
15451,5.487900,OK
15452,4.765600,OK
15453,4.830200,OK
15454,4.839600,OK
15455,4.599000,OK
15456,5.135700,OK
15457,4.820600,OK
15458,5.013600,OK
15459,4.900000,OK
15460,5.005300,OK
15461,4.651200,OK
15462,5.133100,OK
15463,5.476000,OK
15464,4.695300,OK
15465,4.775000,OK
15466,4.949700,OK
15467,5.419900,OK
15468,4.742900,OK
15469,4.871700,OK
15470,4.817900,OK
15471,5.600400,OK
15472,4.789600,OK
15473,4.751400,OK
15474,5.610700,OK
15475,4.751700,OK
15476,5.774400,OK
15477,4.871600,OK
15478,4.161000,OK
15479,5.133400,OK
15480,3.916700,OK
15481,3.981800,OK
15482,4.001900,OK
15483,3.971700,OK
15484,4.401800,OK
15485,4.490600,OK
15486,3.997100,OK
15487,4.743700,OK
15488,4.769300,OK
15489,4.754900,OK
15490,3.851700,OK
15491,4.054600,OK
15492,3.966400,OK
15493,3.902100,OK
15494,4.490800,OK
15495,4.697900,OK
15496,5.309400,OK
15497,4.266600,OK
15498,4.150000,OK
15499,4.351400,OK
15500,4.053200,OK
15501,4.269000,OK
15502,4.706900,OK
15503,4.603400,OK
15504,4.462800,OK
15505,4.280600,OK
15506,4.326100,OK
15507,4.050100,OK
15508,4.058700,OK
15509,4.923200,OK
15510,4.620100,OK
15511,4.776900,OK
15512,4.127600,OK
15513,4.066600,OK
15514,4.860500,OK
15515,4.581300,OK
15516,5.049500,OK
15517,4.596100,OK
15518,4.817500,OK
15519,4.913000,OK
15520,4.779500,OK
15521,4.579900,OK
15522,5.826800,OK
15523,4.783500,OK
15524,4.879900,OK
15525,4.677400,OK
15526,4.657500,OK
15527,4.944200,OK
15528,4.949000,OK
15529,4.880100,OK
15530,4.929300,OK
15531,4.995800,OK
15532,4.675800,OK
15533,5.064100,OK
15534,5.652700,OK
15535,4.922200,OK
15536,4.574000,OK
15537,4.792700,OK
15538,4.758500,OK
15539,4.598100,OK
15540,4.783900,OK
15541,4.708300,OK
15542,4.758500,OK
15543,4.471700,OK
15544,4.636500,OK
15545,4.828700,OK
15546,4.881300,OK
15547,4.891600,OK
15548,4.527800,OK
15549,5.168500,OK
15550,4.719900,OK
15551,4.814600,OK
15552,5.029000,OK
15553,4.764900,OK
15554,4.553500,OK
15555,5.120900,OK
15556,4.893600,OK
15557,4.637500,OK
15558,4.590000,OK
15559,4.498500,OK
15560,4.851200,OK
15561,4.761600,OK
15562,4.915200,OK
15563,4.903600,OK
15564,4.613000,OK
15565,5.310700,OK
15566,4.842600,OK
15567,4.807100,OK
15568,4.557300,OK
15569,5.313700,OK
15570,4.817500,OK
15571,5.023300,OK
15572,5.050900,OK
15573,4.799800,OK
15574,5.038300,OK
15575,4.662300,OK
15576,5.592100,OK
15577,4.822900,OK
15578,4.832000,OK
15579,4.990700,OK
15580,4.730300,OK
15581,4.831000,OK
15582,5.471700,OK
15583,4.702900,OK
15584,5.831800,OK
15585,4.959800,OK
15586,4.988000,OK
15587,5.438900,OK
15588,5.647200,OK
15589,4.931000,OK
15590,5.650200,OK
15591,5.751200,OK
15592,3.983500,OK
15593,3.843600,OK
15594,3.975400,OK
15595,4.588900,OK
15596,3.837000,OK
15597,3.890600,OK
15598,4.526800,OK
15599,4.730100,OK
15600,3.928800,OK
15601,4.477300,OK
15602,4.827900,OK
15603,4.151500,OK
15604,4.128400,OK
15605,3.974200,OK
15606,4.487400,OK
15607,4.124000,OK
15608,4.853400,OK
15609,4.669400,OK
15610,4.893300,OK
15611,4.858100,OK
15612,4.772600,OK
15613,4.815100,OK
15614,4.213000,OK
15615,3.924300,OK
15616,4.361500,OK
15617,4.118400,OK
15618,4.946700,OK
15619,5.090100,OK
15620,4.927400,OK
15621,4.958200,OK
15622,4.183100,OK
15623,4.915100,OK
15624,4.943300,OK
15625,4.937800,OK
15626,4.348000,OK
15627,5.131100,OK
15628,4.815900,OK
15629,5.223700,OK
15630,4.689000,OK
15631,4.847200,OK
15632,5.845800,OK
15633,4.459800,OK
15634,4.906100,OK
15635,4.973900,OK
15636,4.848000,OK
15637,4.927100,OK
15638,5.160500,OK
15639,4.831100,OK
15640,5.008300,OK
15641,4.757400,OK
15642,5.009400,OK
15643,5.082200,OK
15644,5.059700,OK
15645,4.981600,OK
15646,4.442500,OK
15647,4.845100,OK
15648,5.152300,OK
15649,4.539800,OK
15650,5.031600,OK
15651,5.005000,OK
15652,5.276000,OK
15653,4.876600,OK
15654,4.706800,OK
15655,5.273400,OK
15656,5.008500,OK
15657,4.988400,OK
15658,5.145500,OK
15659,4.998500,OK
15660,4.943200,OK
15661,5.181000,OK
15662,4.632900,OK
15663,4.897100,OK
15664,4.899500,OK
15665,5.741600,OK
15666,5.736500,OK
15667,5.324600,OK
15668,5.207300,OK
15669,4.392600,OK
15670,5.314800,OK
15671,5.300000,OK
15672,4.525800,OK
15673,5.493600,OK
15674,4.635800,OK
15675,4.901400,OK
15676,5.077600,OK
15677,5.510600,OK
15678,4.681800,OK
15679,4.787800,OK
15680,5.282400,OK
15681,5.237300,OK
15682,5.112600,OK
15683,5.560600,OK
15684,4.715000,OK
15685,5.506000,OK
15686,4.592600,OK
15687,4.664000,OK
15688,5.541600,OK
15689,4.815400,OK
15690,5.032100,OK
15691,5.011500,OK
15692,4.994300,OK
15693,4.817200,OK
15694,5.131100,OK
15695,5.371700,OK
15696,4.991900,OK
15697,4.216200,OK
15698,4.932000,OK
15699,4.929400,OK
15700,5.138100,OK
15701,5.014900,OK
15702,5.037500,OK
15703,4.527800,OK
15704,4.012000,OK
15705,4.086800,OK
15706,4.668500,OK
15707,3.923100,OK
15708,4.115500,OK
15709,4.629300,OK
15710,3.921700,OK
15711,4.054800,OK
15712,4.795200,OK
15713,3.902700,OK
15714,4.084700,OK
15715,4.571600,OK
15716,4.174700,OK
15717,4.072500,OK
15718,3.924200,OK
15719,3.985000,OK
15720,3.990800,OK
15721,4.728500,OK
15722,4.453100,OK
15723,4.053400,OK
15724,4.342600,OK
15725,4.426300,OK
15726,4.243000,OK
15727,4.089500,OK
15728,4.219500,OK
15729,4.765900,OK
15730,4.704000,OK
15731,4.637800,OK
15732,4.654800,OK
15733,5.770600,OK
15734,4.638100,OK
15735,4.392200,OK
15736,4.721500,OK
15737,4.076000,OK
15738,4.653900,OK
15739,4.839600,OK
15740,4.688400,OK
15741,4.334800,OK
15742,4.455200,OK
15743,4.254800,OK
15744,4.358400,OK
15745,4.335600,OK
15746,4.623900,OK
15747,4.507000,OK
15748,4.155000,OK
15749,4.860700,OK
15750,4.773300,OK
15751,4.993300,OK
15752,4.884600,OK
15753,4.177500,OK
15754,4.763700,OK
15755,4.671500,OK
15756,4.728700,OK
15757,4.381800,OK
15758,4.688400,OK
15759,4.407400,OK
15760,4.653600,OK
15761,4.721100,OK
15762,4.676900,OK
15763,4.959500,OK
15764,4.830200,OK
15765,5.280300,OK
15766,4.961300,OK
15767,4.918000,OK
15768,4.639000,OK
15769,4.776600,OK
15770,4.864900,OK
15771,4.735100,OK
15772,4.815200,OK
15773,4.697700,OK
15774,4.909200,OK
15775,4.880200,OK
15776,4.721500,OK
15777,4.829800,OK
15778,4.560200,OK
15779,5.196400,OK
15780,5.145700,OK
15781,4.871400,OK
15782,4.500900,OK
15783,4.772800,OK
15784,4.749300,OK
15785,4.795300,OK
15786,5.186500,OK
15787,4.849600,OK
15788,4.934100,OK
15789,4.801300,OK
15790,5.655000,OK
15791,5.526000,OK
15792,4.674400,OK
15793,4.622500,OK
15794,4.638000,OK
15795,4.865600,OK
15796,5.544700,OK
15797,4.952700,OK
15798,4.771900,OK
15799,4.873700,OK
15800,5.101600,OK
15801,4.800000,OK
15802,5.386800,OK
15803,5.275300,OK
15804,5.589000,OK
15805,4.783900,OK
15806,4.691400,OK
15807,5.180700,OK
15808,5.225900,OK
15809,5.415000,OK
15810,4.854000,OK
15811,4.981200,OK
15812,4.934200,OK
15813,4.984100,OK
15814,5.635500,OK
15815,5.277500,OK
15816,5.555200,OK
15817,4.031400,OK
15818,4.327900,OK
15819,3.975100,OK
15820,4.328700,OK
15821,4.320200,OK
15822,4.081500,OK
15823,4.289700,OK
15824,4.075700,OK
15825,4.060800,OK
15826,4.413600,OK
15827,4.187200,OK
15828,3.971800,OK
15829,4.836100,OK
15830,4.828300,OK
15831,4.366800,OK
15832,4.846700,OK
15833,4.087700,OK
15834,4.819700,OK
15835,4.665100,OK
15836,4.810100,OK
15837,4.943600,OK
15838,4.306000,OK
15839,5.684100,OK
15840,4.333400,OK
15841,4.220700,OK
15842,4.995100,OK
15843,4.791100,OK
15844,4.980200,OK
15845,4.022300,OK
15846,4.343700,OK
15847,4.326300,OK
15848,4.227400,OK
15849,4.840000,OK
15850,4.881600,OK
15851,4.859900,OK
15852,5.812100,OK
15853,4.891200,OK
15854,4.837400,OK
15855,4.862300,OK
15856,4.600900,OK
15857,4.813400,OK
15858,4.620800,OK
15859,4.749300,OK
15860,4.757200,OK
15861,4.729500,OK
15862,4.794800,OK
15863,4.731100,OK
15864,4.791800,OK
15865,4.756200,OK
15866,5.357900,OK
15867,4.815900,OK
15868,4.904900,OK
15869,4.566900,OK
15870,5.073000,OK
15871,4.907800,OK
15872,5.079700,OK
15873,4.863400,OK
15874,4.576700,OK
15875,5.134700,OK
15876,4.877200,OK
15877,4.946600,OK
15878,4.937700,OK
15879,4.724300,OK
15880,4.873500,OK
15881,4.931300,OK
15882,4.847300,OK
15883,4.953700,OK
15884,4.886900,OK
15885,5.320900,OK
15886,4.777800,OK
15887,4.959400,OK
15888,4.630000,OK
15889,4.799000,OK
15890,4.869200,OK
15891,4.605700,OK
15892,5.280100,OK
15893,5.123700,OK
15894,4.683900,OK
15895,4.807700,OK
15896,5.494000,OK
15897,4.673400,OK
15898,4.777100,OK
15899,5.545800,OK
15900,5.507800,OK
15901,5.119100,OK
15902,4.665800,OK
15903,4.735700,OK
15904,5.662300,OK
15905,5.297500,OK
15906,5.305600,OK
15907,5.121100,OK
15908,4.770700,OK
15909,5.732700,OK
15910,5.599600,OK
15911,5.689400,OK
15912,5.193100,OK
15913,4.849300,OK
15914,5.479900,OK
15915,5.640400,OK
15916,4.952200,OK
15917,5.627900,OK
15918,4.216100,OK
15919,4.367600,OK
15920,4.208300,OK
15921,4.080100,OK
15922,4.306600,OK
15923,4.275200,OK
15924,3.897400,OK
15925,4.102100,OK
15926,4.048600,OK
15927,3.820800,OK
15928,4.778300,OK
15929,4.889100,OK
15930,4.816600,OK
15931,4.801100,OK
15932,4.103600,OK
15933,4.826900,OK
15934,4.743000,OK
15935,4.606300,OK
15936,4.020500,OK
15937,4.820800,OK
15938,4.834700,OK
15939,4.751300,OK
15940,4.635400,OK
15941,4.075000,OK
15942,4.152900,OK
15943,4.912600,OK
15944,4.197700,OK
15945,4.958300,OK
15946,4.403800,OK
15947,4.278500,OK
15948,4.155800,OK
15949,4.867800,OK
15950,4.486500,OK
15951,5.028700,OK
15952,4.481200,OK
15953,4.268100,OK
15954,4.425500,OK
15955,4.196500,OK
15956,4.562600,OK
15957,4.532500,OK
15958,4.387400,OK
15959,4.589800,OK
15960,4.256000,OK
15961,4.471800,OK
15962,4.493100,OK
15963,4.450700,OK
15964,4.316900,OK
15965,5.144700,OK
15966,4.639200,OK
15967,5.071700,OK
15968,4.901900,OK
15969,4.494400,OK
15970,4.834900,OK
15971,5.120400,OK
15972,4.899000,OK
15973,4.832900,OK
15974,4.905600,OK
15975,4.694200,OK
15976,4.541800,OK
15977,5.049300,OK
15978,4.967900,OK
15979,4.893400,OK
15980,4.762100,OK
15981,4.879000,OK
15982,5.439000,OK
15983,4.953100,OK
15984,4.669300,OK
15985,5.030500,OK
15986,5.011000,OK
15987,5.033600,OK
15988,4.703400,OK
15989,5.326900,OK
15990,5.209600,OK
15991,5.385800,OK
15992,5.112900,OK
15993,5.057400,OK
15994,4.798000,OK
15995,5.092700,OK
15996,4.880000,OK
15997,4.603100,OK
15998,5.002100,OK
15999,5.164500,OK
16000,4.961200,OK
16001,4.938900,OK
16002,5.246700,OK
16003,5.133500,OK
16004,5.204100,OK
16005,5.132300,OK
16006,4.933000,OK
16007,5.217300,OK
16008,4.856100,OK
16009,5.047800,OK
16010,4.909900,OK
16011,5.651200,OK
16012,4.832800,OK
16013,5.287400,OK
16014,5.011700,OK
16015,5.087800,OK
16016,5.370000,OK
16017,5.455400,OK
16018,5.512400,OK
16019,5.229900,OK
16020,5.072700,OK
16021,4.812600,OK
16022,4.061000,OK
16023,4.108300,OK
16024,4.006100,OK
16025,4.024800,OK
16026,3.966300,OK
16027,4.474900,OK
16028,4.602800,OK
16029,4.525500,OK
16030,4.154900,OK
16031,4.768600,OK
16032,4.333400,OK
16033,4.186600,OK
16034,4.801000,OK
16035,4.853400,OK
16036,4.740800,OK
16037,4.827200,OK
16038,4.441300,OK
16039,4.748800,OK
16040,4.195500,OK
16041,4.869900,OK
16042,4.743800,OK
16043,4.628400,OK
16044,4.810900,OK
16045,4.729500,OK
16046,4.896700,OK
16047,4.683900,OK
16048,4.833600,OK
16049,4.780600,OK
16050,4.211200,OK
16051,4.910600,OK
16052,4.168000,OK
16053,5.138600,OK
16054,4.443200,OK
16055,5.152100,OK
16056,4.964800,OK
16057,5.132500,OK
16058,4.852200,OK
16059,4.658700,OK
16060,4.315800,OK
16061,5.189100,OK
16062,4.931300,OK
16063,4.787000,OK
16064,4.690100,OK
16065,4.610200,OK
16066,4.822400,OK
16067,4.588800,OK
16068,4.741700,OK
16069,4.564200,OK
16070,4.865500,OK
16071,4.680000,OK
16072,5.406800,OK
16073,4.940500,OK
16074,4.881300,OK
16075,4.772000,OK
16076,4.839400,OK
16077,4.688800,OK
16078,4.604200,OK
16079,4.818000,OK
16080,4.861700,OK
16081,4.536900,OK
16082,4.759000,OK
16083,4.867000,OK
16084,4.811900,OK
16085,4.993300,OK
16086,4.717500,OK
16087,4.856000,OK
16088,4.623000,OK
16089,4.934800,OK
16090,5.101900,OK
16091,4.847400,OK
16092,4.542700,OK
16093,4.608400,OK
16094,5.121700,OK
16095,4.784100,OK
16096,4.703900,OK
16097,4.614300,OK
16098,4.786600,OK
16099,5.225200,OK
16100,4.976000,OK
16101,5.535500,OK
16102,5.475000,OK
16103,4.822100,OK
16104,4.761500,OK
16105,4.169500,OK
16106,5.417500,OK
16107,4.961000,OK
16108,5.065400,OK
16109,5.489500,OK
16110,5.506300,OK
16111,5.430400,OK
16112,5.328700,OK
16113,5.127700,OK
16114,4.893800,OK
16115,5.356600,OK
16116,5.185600,OK
16117,5.474500,OK
16118,5.543400,OK
16119,5.592200,OK
16120,4.410300,OK
16121,4.388300,OK
16122,4.043400,OK
16123,4.270900,OK
16124,3.862400,OK
16125,3.941900,OK
16126,4.739700,OK
16127,4.708800,OK
16128,4.092700,OK
16129,3.870900,OK
16130,3.997500,OK
16131,4.371800,OK
16132,4.736700,OK
16133,4.860900,OK
16134,4.056700,OK
16135,4.804700,OK
16136,4.887200,OK
16137,4.712200,OK
16138,4.832100,OK
16139,4.613500,OK
16140,4.790000,OK
16141,4.083300,OK
16142,4.815200,OK
16143,4.717800,OK
16144,4.460700,OK
16145,4.147900,OK
16146,4.926900,OK
16147,4.861500,OK
16148,4.828400,OK
16149,4.879600,OK
16150,4.750300,OK
16151,4.981400,OK
16152,4.754400,OK
16153,4.528500,OK
16154,4.876300,OK
16155,5.135300,OK
16156,4.519300,OK
16157,4.182000,OK
16158,4.777900,OK
16159,4.355200,OK
16160,4.963900,OK
16161,4.759400,OK
16162,4.948900,OK
16163,4.398000,OK
16164,5.056100,OK
16165,4.786800,OK
16166,4.865300,OK
16167,5.006200,OK
16168,4.994000,OK
16169,5.081100,OK
16170,4.441300,OK
16171,4.910500,OK
16172,5.147800,OK
16173,4.532100,OK
16174,4.311300,OK
16175,5.251500,OK
16176,5.113800,OK
16177,5.127500,OK
16178,5.078700,OK
16179,4.630100,OK
16180,4.981100,OK
16181,5.047600,OK
16182,4.436300,OK
16183,5.293100,OK
16184,4.966800,OK
16185,5.207800,OK
16186,5.483500,OK
16187,4.982900,OK
16188,5.300400,OK
16189,4.532900,OK
16190,5.165000,OK
16191,5.265600,OK
16192,4.822700,OK
16193,4.608300,OK
16194,4.815400,OK
16195,4.460400,OK
16196,4.845300,OK
16197,4.782000,OK
16198,5.564300,OK
16199,5.547800,OK
16200,4.776400,OK
16201,4.797000,OK
16202,4.931400,OK
16203,4.729800,OK
16204,4.909700,OK
16205,5.619900,OK
16206,5.587600,OK
16207,4.577700,OK
16208,5.162800,OK
16209,5.179800,OK
16210,5.593400,OK
16211,5.801100,OK
16212,4.993000,OK
16213,4.989300,OK
16214,5.602000,OK
16215,4.944300,OK
16216,4.945800,OK
16217,4.927900,OK
16218,3.928900,OK
16219,3.951300,OK
16220,3.995600,OK
16221,4.831300,OK
16222,3.834600,OK
16223,3.940700,OK
16224,3.899900,OK
16225,4.564400,OK
16226,4.382400,OK
16227,4.467400,OK
16228,4.619200,OK
16229,4.390500,OK
16230,4.600000,OK
16231,4.431800,OK
16232,4.596600,OK
16233,4.810700,OK
16234,4.735600,OK
16235,4.720700,OK
16236,4.805800,OK
16237,4.895700,OK
16238,4.373100,OK
16239,4.659300,OK
16240,4.774600,OK
16241,5.740500,OK
16242,4.744300,OK
16243,4.134100,OK
16244,4.843100,OK
16245,3.881600,OK
16246,4.124500,OK
16247,4.635300,OK
16248,4.891700,OK
16249,4.528900,OK
16250,4.770100,OK
16251,4.641500,OK
16252,4.794300,OK
16253,4.784700,OK
16254,4.617100,OK
16255,4.206400,OK
16256,4.916100,OK
16257,4.881500,OK
16258,4.915600,OK
16259,4.492900,OK
16260,4.951700,OK
16261,4.659100,OK
16262,4.829100,OK
16263,4.645000,OK
16264,4.786800,OK
16265,4.759800,OK
16266,4.727300,OK
16267,4.464300,OK
16268,4.860900,OK
16269,4.993500,OK
16270,4.322000,OK
16271,5.248300,OK
16272,4.747900,OK
16273,4.734700,OK
16274,4.674900,OK
16275,4.229100,OK
16276,5.226500,OK
16277,4.919400,OK
16278,4.667800,OK
16279,4.817300,OK
16280,4.809200,OK
16281,4.904100,OK
16282,4.487900,OK
16283,5.122500,OK
16284,4.344300,OK
16285,4.461400,OK
16286,4.438400,OK
16287,4.550100,OK
16288,4.314100,OK
16289,4.338000,OK
16290,4.631900,OK
16291,4.378800,OK
16292,4.654500,OK
16293,4.785100,OK
16294,5.438100,OK
16295,5.079900,OK
16296,4.619900,OK
16297,4.899500,OK
16298,5.139500,OK
16299,5.126800,OK
16300,4.923100,OK
16301,5.022400,OK
16302,4.831300,OK
16303,4.833900,OK
16304,4.943800,OK
16305,4.810900,OK
16306,5.414100,OK
16307,4.848600,OK
16308,5.413500,OK
16309,4.914600,OK
16310,5.049000,OK
16311,4.750900,OK
16312,5.566200,OK
16313,4.685900,OK
16314,4.838700,OK
16315,4.947600,OK
16316,5.080900,OK
16317,4.793500,OK
16318,5.624900,OK
16319,5.626400,OK
16320,5.500100,OK
16321,5.785700,OK
16322,5.797000,OK
16323,5.665700,OK
16324,4.798900,OK
16325,4.693600,OK
16326,4.295600,OK
16327,3.996100,OK
16328,3.933500,OK
16329,4.838700,OK
16330,4.166300,OK
16331,4.749000,OK
16332,4.131700,OK
16333,4.535500,OK
16334,3.908200,OK
16335,4.067200,OK
16336,4.595600,OK
16337,3.934600,OK
16338,4.164700,OK
16339,4.736400,OK
16340,4.850800,OK
16341,4.011900,OK
16342,4.746800,OK
16343,4.891700,OK
16344,5.427800,OK
16345,4.920700,OK
16346,4.878600,OK
16347,4.918400,OK
16348,4.026400,OK
16349,4.047400,OK
16350,5.025300,OK
16351,4.034200,OK
16352,4.495000,OK
16353,4.408000,OK
16354,4.871400,OK
16355,4.760000,OK
16356,4.390500,OK
16357,4.084600,OK
16358,4.586000,OK
16359,4.426000,OK
16360,4.139600,OK
16361,4.723100,OK
16362,4.760100,OK
16363,4.207900,OK
16364,4.338100,OK
16365,4.448000,OK
16366,4.410500,OK
16367,5.407600,OK
16368,4.735500,OK
16369,4.511900,OK
16370,4.369700,OK
16371,4.341200,OK
16372,5.104000,OK
16373,4.708100,OK
16374,4.866700,OK
16375,5.068000,OK
16376,4.995500,OK
16377,4.485500,OK
16378,5.186100,OK
16379,5.120600,OK
16380,4.923800,OK
16381,5.092900,OK
16382,4.743500,OK
16383,4.604100,OK
16384,5.309000,OK
16385,4.751100,OK
16386,4.626700,OK
16387,4.813800,OK
16388,4.797900,OK
16389,5.300400,OK
16390,4.800100,OK
16391,4.773700,OK
16392,4.680700,OK
16393,4.874900,OK
16394,5.441600,OK
16395,4.828000,OK
16396,4.903900,OK
16397,5.205100,OK
16398,5.281200,OK
16399,5.318600,OK
16400,5.012400,OK
16401,4.778400,OK
16402,5.332200,OK
16403,4.753900,OK
16404,4.956300,OK
16405,4.769800,OK
16406,4.904100,OK
16407,4.862900,OK
16408,5.309700,OK
16409,5.102600,OK
16410,4.674400,OK
16411,4.846600,OK
16412,5.666200,OK
16413,5.570300,OK
16414,5.250200,OK
16415,4.925900,OK
16416,4.814800,OK
16417,4.767300,OK
16418,5.633500,OK
16419,5.498900,OK
16420,5.110100,OK
16421,4.877800,OK
16422,4.773000,OK
16423,5.706500,OK
16424,4.876900,OK
16425,4.789500,OK
16426,4.957000,OK
16427,5.717800,OK
16428,5.778000,OK
16429,4.110100,OK
16430,4.104200,OK
16431,4.042100,OK
16432,4.082400,OK
16433,4.674800,OK
16434,4.451000,OK
16435,4.496900,OK
16436,4.709700,OK
16437,4.870700,OK
16438,3.908900,OK
16439,3.900600,OK
16440,3.894800,OK
16441,4.240500,OK
16442,4.184500,OK
16443,4.625700,OK
16444,4.040500,OK
16445,4.734100,OK
16446,4.027900,OK
16447,4.741800,OK
16448,4.833100,OK
16449,4.276900,OK
16450,4.199900,OK
16451,4.354100,OK
16452,4.232900,OK
16453,4.332600,OK
16454,4.240600,OK
16455,4.537300,OK
16456,4.240500,OK
16457,4.616400,OK
16458,4.727400,OK
16459,4.432400,OK
16460,4.476100,OK
16461,4.181900,OK
16462,4.233700,OK
16463,4.303800,OK
16464,4.464200,OK
16465,4.192800,OK
16466,4.905100,OK
16467,4.508900,OK
16468,4.692700,OK
16469,4.903500,OK
16470,4.641700,OK
16471,4.746300,OK
16472,4.877500,OK
16473,4.614000,OK
16474,4.667600,OK
16475,4.672800,OK
16476,4.519500,OK
16477,4.823700,OK
16478,4.708600,OK
16479,4.529600,OK
16480,4.840600,OK
16481,4.738500,OK
16482,5.023800,OK
16483,5.186800,OK
16484,4.791200,OK
16485,5.092000,OK
16486,5.006800,OK
16487,5.214900,OK
16488,5.398600,OK
16489,4.920100,OK
16490,4.837700,OK
16491,4.752100,OK
16492,4.904500,OK
16493,4.756000,OK
16494,5.250300,OK
16495,4.860700,OK
16496,5.437200,OK
16497,4.328500,OK
16498,5.269700,OK
16499,4.889300,OK
16500,5.196200,OK
16501,4.812400,OK
16502,4.987100,OK
16503,5.100900,OK
16504,4.883500,OK
16505,5.029300,OK
16506,4.780700,OK
16507,4.682000,OK
16508,4.984500,OK
16509,5.522700,OK
16510,4.933900,OK
16511,5.032700,OK
16512,5.088800,OK
16513,5.011000,OK
16514,5.781900,OK
16515,5.443400,OK
16516,4.917300,OK
16517,4.631900,OK
16518,4.639600,OK
16519,4.609100,OK
16520,5.477000,OK
16521,5.222400,OK
16522,5.063800,OK
16523,5.338800,OK
16524,4.969700,OK
16525,5.300200,OK
16526,5.082200,OK
16527,5.269100,OK
16528,5.576000,OK
16529,5.504100,OK
16530,5.663100,OK
16531,4.924500,OK
16532,5.046400,OK
16533,4.067100,OK
16534,4.091000,OK
16535,3.894300,OK
16536,4.338700,OK
16537,4.355100,OK
16538,4.588500,OK
16539,4.124100,OK
16540,4.110100,OK
16541,4.506500,OK
16542,4.188300,OK
16543,4.751200,OK
16544,4.708500,OK
16545,4.793500,OK
16546,4.573900,OK
16547,4.686900,OK
16548,4.845700,OK
16549,4.718500,OK
16550,4.890000,OK
16551,4.432400,OK
16552,4.699000,OK
16553,4.735200,OK
16554,4.559300,OK
16555,4.713700,OK
16556,4.821600,OK
16557,4.399900,OK
16558,4.806300,OK
16559,4.868900,OK
16560,4.830200,OK
16561,4.014500,OK
16562,4.097400,OK
16563,4.035900,OK
16564,4.992400,OK
16565,5.010900,OK
16566,4.926300,OK
16567,4.170400,OK
16568,5.012400,OK
16569,5.063700,OK
16570,4.570100,OK
16571,4.278200,OK
16572,4.930000,OK
16573,4.801400,OK
16574,4.401900,OK
16575,4.696400,OK
16576,4.599300,OK
16577,4.675900,OK
16578,4.825700,OK
16579,4.865000,OK
16580,4.762800,OK
16581,4.786200,OK
16582,4.541200,OK
16583,5.022400,OK
16584,4.830900,OK
16585,4.504800,OK
16586,4.909900,OK
16587,5.046100,OK
16588,4.361900,OK
16589,4.920500,OK
16590,4.940000,OK
16591,5.076800,OK
16592,4.686900,OK
16593,5.026200,OK
16594,5.163900,OK
16595,4.943000,OK
16596,4.783700,OK
16597,5.415800,OK
16598,4.368300,OK
16599,7.224600,OK
16600,4.738100,OK
16601,4.495900,OK
16602,5.102500,OK
16603,5.147600,OK
16604,5.072200,OK
16605,4.489200,OK
16606,4.995600,OK
16607,4.739100,OK
16608,4.740200,OK
16609,5.121300,OK
16610,4.898500,OK
16611,4.857100,OK
16612,5.103300,OK
16613,5.252300,OK
16614,5.249800,OK
16615,5.025000,OK
16616,4.987500,OK
16617,5.127300,OK
16618,4.747800,OK
16619,5.889900,OK
16620,4.892500,OK
16621,4.934200,OK
16622,5.455900,OK
16623,5.739100,OK
16624,5.413600,OK
16625,4.560800,OK
16626,5.167400,OK
16627,5.317300,OK
16628,5.495400,OK
16629,5.138200,OK
16630,3.793000,OK
16631,5.268000,OK
16632,5.205100,OK
16633,4.974200,OK
16634,5.665000,OK
16635,4.803500,OK
16636,4.917300,OK
16637,4.894500,OK
16638,5.018100,OK
16639,5.721300,OK
16640,5.704900,OK
16641,5.832400,OK
16642,3.851000,OK
16643,4.010900,OK
16644,4.396100,OK
16645,4.339000,OK
16646,4.202800,OK
16647,3.992700,OK
16648,3.951000,OK
16649,4.834600,OK
16650,3.982800,OK
16651,4.147900,OK
16652,4.738400,OK
16653,3.932400,OK
16654,4.544300,OK
16655,4.982600,OK
16656,4.773500,OK
16657,4.350700,OK
16658,4.854400,OK
16659,4.887500,OK
16660,4.937100,OK
16661,4.965100,OK
16662,4.065700,OK
16663,3.983300,OK
16664,4.971100,OK
16665,4.154200,OK
16666,4.158000,OK
16667,4.848300,OK
16668,4.018300,OK
16669,5.696800,OK
16670,4.179000,OK
16671,4.317300,OK
16672,5.107400,OK
16673,4.637500,OK
16674,5.000600,OK
16675,5.033000,OK
16676,4.961500,OK
16677,5.082700,OK
16678,4.545100,OK
16679,4.843200,OK
16680,5.080700,OK
16681,4.705100,OK
16682,4.939500,OK
16683,5.132300,OK
16684,4.241600,OK
16685,4.880600,OK
16686,4.395200,OK
16687,4.417600,OK
16688,5.149400,OK
16689,4.937500,OK
16690,4.949200,OK
16691,5.058900,OK
16692,4.863400,OK
16693,5.237300,OK
16694,5.005300,OK
16695,5.078000,OK
16696,4.727300,OK
16697,4.657100,OK
16698,4.658200,OK
16699,4.302700,OK
16700,4.588300,OK
16701,4.482600,OK
16702,4.550700,OK
16703,4.786300,OK
16704,4.674300,OK
16705,4.918500,OK
16706,4.604200,OK
16707,4.486200,OK
16708,4.817800,OK
16709,5.036100,OK
16710,4.780200,OK
16711,4.366200,OK
16712,4.311500,OK
16713,4.396200,OK
16714,5.318900,OK
16715,4.942800,OK
16716,4.778600,OK
16717,4.647200,OK
16718,4.912100,OK
16719,5.101700,OK
16720,4.706200,OK
16721,5.231100,OK
16722,5.084600,OK
16723,5.350400,OK
16724,4.809200,OK
16725,5.155000,OK
16726,4.914800,OK
16727,5.027400,OK
16728,5.033800,OK
16729,4.937000,OK
16730,5.140900,OK
16731,5.232800,OK
16732,4.361100,OK
16733,5.012100,OK
16734,5.427700,OK
16735,4.820800,OK
16736,5.614000,OK
16737,4.929800,OK
16738,5.311400,OK
16739,4.752500,OK
16740,5.275100,OK
16741,5.101900,OK
16742,5.152400,OK
16743,5.608900,OK
16744,5.465600,OK
16745,3.891100,OK
16746,3.764400,OK
16747,3.758400,OK
16748,4.308500,OK
16749,3.793200,OK
16750,3.798900,OK
16751,4.627500,OK
16752,4.034900,OK
16753,4.612300,OK
16754,4.818600,OK
16755,4.574400,OK
16756,4.793100,OK
16757,3.923500,OK
16758,4.648500,OK
16759,4.699900,OK
16760,3.947400,OK
16761,4.773200,OK
16762,4.734700,OK
16763,4.144900,OK
16764,4.742500,OK
16765,4.910500,OK
16766,4.796100,OK
16767,4.865900,OK
16768,4.646000,OK
16769,6.124100,OK
16770,4.283600,OK
16771,4.242100,OK
16772,4.458300,OK
16773,4.369700,OK
16774,5.207300,OK
16775,4.955700,OK
16776,4.954900,OK
16777,5.584900,OK
16778,4.892000,OK
16779,5.016700,OK
16780,4.850600,OK
16781,4.150300,OK
16782,5.043800,OK
16783,4.101000,OK
16784,4.290200,OK
16785,4.503600,OK
16786,4.336000,OK
16787,4.439700,OK
16788,4.663100,OK
16789,4.141700,OK
16790,5.087200,OK
16791,4.279300,OK
16792,4.502500,OK
16793,4.457100,OK
16794,4.474600,OK
16795,4.411500,OK
16796,4.420200,OK
16797,4.560600,OK
16798,4.391100,OK
16799,4.381700,OK
16800,4.364400,OK
16801,4.464300,OK
16802,5.315300,OK
16803,4.786300,OK
16804,5.231900,OK
16805,4.911100,OK
16806,4.793900,OK
16807,4.805500,OK
16808,4.977300,OK
16809,4.717800,OK
16810,5.072900,OK
16811,5.038800,OK
16812,4.846100,OK
16813,4.955200,OK
16814,4.752300,OK
16815,4.830400,OK
16816,4.911600,OK
16817,5.230100,OK
16818,5.078600,OK
16819,4.686700,OK
16820,4.892300,OK
16821,5.013400,OK
16822,5.339300,OK
16823,4.992500,OK
16824,4.980400,OK
16825,4.874900,OK
16826,4.973700,OK
16827,4.954200,OK
16828,4.983400,OK
16829,5.103300,OK
16830,4.991600,OK
16831,5.139700,OK
16832,4.992400,OK
16833,5.310300,OK
16834,4.903400,OK
16835,5.305700,OK
16836,5.234900,OK
16837,4.705400,OK
16838,4.934600,OK
16839,4.935000,OK
16840,5.097600,OK
16841,5.702100,OK
16842,5.056600,OK
16843,5.697500,OK
16844,4.889300,OK
16845,5.063600,OK
16846,4.931100,OK
16847,5.081100,OK
16848,5.694700,OK
16849,5.166400,OK
16850,4.939400,OK
16851,4.881700,OK
16852,3.930400,OK
16853,3.791100,OK
16854,4.046400,OK
16855,4.092100,OK
16856,3.922500,OK
16857,4.828300,OK
16858,4.034900,OK
16859,4.002900,OK
16860,4.847100,OK
16861,4.042500,OK
16862,4.046700,OK
16863,3.913700,OK
16864,4.100300,OK
16865,4.021000,OK
16866,4.921500,OK
16867,4.598500,OK
16868,3.886200,OK
16869,4.280400,OK
16870,4.443100,OK
16871,4.152100,OK
16872,4.129900,OK
16873,4.112800,OK
16874,4.110900,OK
16875,4.973100,OK
16876,4.881900,OK
16877,4.083900,OK
16878,5.114300,OK
16879,5.599300,OK
16880,4.739500,OK
16881,4.648100,OK
16882,4.856700,OK
16883,4.680200,OK
16884,4.755600,OK
16885,4.533100,OK
16886,4.431600,OK
16887,4.533400,OK
16888,4.565100,OK
16889,4.740500,OK
16890,4.569300,OK
16891,4.510300,OK
16892,4.406500,OK
16893,4.227900,OK
16894,4.296000,OK
16895,4.972100,OK
16896,4.615600,OK
16897,4.997500,OK
16898,5.013100,OK
16899,5.033300,OK
16900,4.956400,OK
16901,4.364300,OK
16902,4.258200,OK
16903,5.095800,OK
16904,4.792100,OK
16905,4.291500,OK
16906,5.000400,OK
16907,4.815000,OK
16908,4.828700,OK
16909,5.015000,OK
16910,4.761400,OK
16911,4.873900,OK
16912,4.788900,OK
16913,5.049000,OK
16914,4.339900,OK
16915,4.936800,OK
16916,5.160100,OK
16917,4.959900,OK
16918,5.058800,OK
16919,4.693800,OK
16920,4.695500,OK
16921,4.643000,OK
16922,4.799500,OK
16923,4.651900,OK
16924,4.640600,OK
16925,5.269400,OK
16926,4.786600,OK
16927,5.124400,OK
16928,4.824200,OK
16929,5.369300,OK
16930,4.705600,OK
16931,4.777500,OK
16932,4.804100,OK
16933,4.630400,OK
16934,4.691400,OK
16935,4.634800,OK
16936,4.884800,OK
16937,4.899900,OK
16938,5.031400,OK
16939,4.822800,OK
16940,4.865200,OK
16941,4.729400,OK
16942,4.695900,OK
16943,4.727900,OK
16944,4.775100,OK
16945,4.873700,OK
16946,4.787400,OK
16947,4.884700,OK
16948,4.953600,OK
16949,4.749700,OK
16950,4.948700,OK
16951,5.582600,OK
16952,4.823600,OK
16953,5.015500,OK
16954,5.118100,OK
16955,5.185400,OK
16956,5.033500,OK
16957,5.768400,OK
16958,4.715900,OK
16959,5.169300,OK
16960,5.740000,OK
16961,5.175300,OK
16962,4.127200,OK
16963,4.890100,OK
16964,4.539300,OK
16965,4.506400,OK
16966,4.169900,OK
16967,4.766700,OK
16968,4.724200,OK
16969,4.617100,OK
16970,4.870700,OK
16971,4.882600,OK
16972,4.746300,OK
16973,4.501600,OK
16974,4.481700,OK
16975,4.810400,OK
16976,4.122200,OK
16977,4.000700,OK
16978,4.034000,OK
16979,4.110500,OK
16980,4.934100,OK
16981,3.972400,OK
16982,4.955800,OK
16983,4.829100,OK
16984,5.003900,OK
16985,4.107600,OK
16986,4.918100,OK
16987,4.048300,OK
16988,4.116600,OK
16989,4.879300,OK
16990,4.012000,OK
16991,5.041300,OK
16992,5.230600,OK
16993,4.256600,OK
16994,4.225600,OK
16995,4.111700,OK
16996,4.038800,OK
16997,4.487300,OK
16998,4.222400,OK
16999,5.087200,OK
17000,4.693500,OK
17001,4.886900,OK
17002,4.749200,OK
17003,4.196800,OK
17004,4.997700,OK
17005,4.787500,OK
17006,4.207100,OK
17007,4.946600,OK
17008,4.626100,OK
17009,5.013100,OK
17010,5.153100,OK
17011,4.926900,OK
17012,4.931900,OK
17013,4.483100,OK
17014,4.998000,OK
17015,4.701000,OK
17016,4.813200,OK
17017,4.801100,OK
17018,4.742800,OK
17019,4.552300,OK
17020,4.578700,OK
17021,4.918900,OK
17022,4.816400,OK
17023,4.778700,OK
17024,4.766400,OK
17025,4.883700,OK
17026,5.873100,OK
17027,4.618500,OK
17028,4.741600,OK
17029,4.779600,OK
17030,5.053700,OK
17031,4.858900,OK
17032,5.048800,OK
17033,4.804300,OK
17034,4.834900,OK
17035,5.300300,OK
17036,5.828900,OK
17037,5.279300,OK
17038,4.306600,OK
17039,5.109900,OK
17040,4.669300,OK
17041,4.577700,OK
17042,5.228400,OK
17043,5.161600,OK
17044,5.162800,OK
17045,4.751600,OK
17046,4.832200,OK
17047,4.855100,OK
17048,4.984800,OK
17049,5.043500,OK
17050,5.401000,OK
17051,4.796000,OK
17052,4.563500,OK
17053,4.757600,OK
17054,4.825900,OK
17055,4.725500,OK
17056,4.896600,OK
17057,4.937000,OK
17058,4.713100,OK
17059,4.676200,OK
17060,5.024100,OK
17061,5.342100,OK
17062,4.839300,OK
17063,4.889800,OK
17064,4.494200,OK
17065,4.937700,OK
17066,4.826900,OK
17067,5.528100,OK
17068,5.529200,OK
17069,5.053200,OK
17070,4.900800,OK
17071,4.782700,OK
17072,4.806500,OK
17073,5.850200,OK
17074,5.678800,OK
17075,3.961600,OK
17076,5.575000,OK
17077,5.572400,OK
17078,5.695800,OK
17079,5.195200,OK
17080,5.040400,OK
17081,5.733800,OK
17082,5.014900,OK
17083,5.587000,OK
17084,4.424500,OK
17085,4.602800,OK
17086,3.748900,OK
17087,4.516600,OK
17088,4.288800,OK
17089,4.677500,OK
17090,4.078100,OK
17091,4.419700,OK
17092,3.809600,OK
17093,3.897000,OK
17094,4.695700,OK
17095,3.800700,OK
17096,3.859000,OK
17097,4.797200,OK
17098,4.893800,OK
17099,4.382400,OK
17100,4.109500,OK
17101,4.706800,OK
17102,4.908900,OK
17103,4.809600,OK
17104,4.797900,OK
17105,4.642700,OK
17106,4.855100,OK
17107,4.843500,OK
17108,4.033000,OK
17109,5.797100,OK
17110,5.008800,OK
17111,4.615200,OK
17112,5.023400,OK
17113,4.534300,OK
17114,4.922000,OK
17115,5.000200,OK
17116,4.949600,OK
17117,4.984000,OK
17118,5.064500,OK
17119,4.136200,OK
17120,5.104400,OK
17121,4.831800,OK
17122,5.075000,OK
17123,5.062900,OK
17124,4.789800,OK
17125,4.881100,OK
17126,5.015700,OK
17127,4.495600,OK
17128,5.090800,OK
17129,4.649700,OK
17130,4.981300,OK
17131,6.004400,OK
17132,4.178200,OK
17133,4.263300,OK
17134,5.043100,OK
17135,4.819400,OK
17136,4.690400,OK
17137,5.051500,OK
17138,4.803500,OK
17139,4.853200,OK
17140,4.871100,OK
17141,5.048200,OK
17142,4.385600,OK
17143,4.937800,OK
17144,4.866200,OK
17145,4.913700,OK
17146,4.958600,OK
17147,4.906000,OK
17148,4.222500,OK
17149,4.554800,OK
17150,4.395200,OK
17151,4.369700,OK
17152,4.639800,OK
17153,4.623000,OK
17154,4.526900,OK
17155,4.350400,OK
17156,4.458200,OK
17157,4.242200,OK
17158,4.397600,OK
17159,4.600400,OK
17160,4.409600,OK
17161,4.382600,OK
17162,5.066600,OK
17163,4.902800,OK
17164,4.780400,OK
17165,4.910400,OK
17166,4.755200,OK
17167,5.400800,OK
17168,5.436500,OK
17169,5.441600,OK
17170,4.883900,OK
17171,4.627600,OK
17172,4.693400,OK
17173,5.549400,OK
17174,4.918500,OK
17175,4.776500,OK
17176,5.239700,OK
17177,5.138000,OK
17178,4.658700,OK
17179,4.717500,OK
17180,5.100700,OK
17181,4.886600,OK
17182,5.421700,OK
17183,5.085600,OK
17184,4.794300,OK
17185,4.871800,OK
17186,4.934400,OK
17187,4.732200,OK
17188,4.947700,OK
17189,4.780900,OK
17190,5.071300,OK
17191,4.767600,OK
17192,5.055700,OK
17193,4.916600,OK
17194,4.923000,OK
17195,4.913000,OK
17196,5.169300,OK
17197,5.113200,OK
17198,5.353500,OK
17199,4.820200,OK
17200,4.013600,OK
17201,4.072800,OK
17202,4.758300,OK
17203,4.046100,OK
17204,4.794300,OK
17205,4.479400,OK
17206,4.184600,OK
17207,4.928500,OK
17208,4.488100,OK
17209,4.454100,OK
17210,4.153500,OK
17211,4.842000,OK
17212,4.659200,OK
17213,4.735000,OK
17214,4.146400,OK
17215,4.420500,OK
17216,4.530100,OK
17217,4.746000,OK
17218,4.889600,OK
17219,3.994500,OK
17220,3.999300,OK
17221,4.020000,OK
17222,4.102900,OK
17223,4.004600,OK
17224,4.111700,OK
17225,4.751600,OK
17226,5.034500,OK
17227,4.991100,OK
17228,4.790400,OK
17229,5.071300,OK
17230,4.548300,OK
17231,4.162100,OK
17232,5.081400,OK
17233,4.074400,OK
17234,4.228400,OK
17235,4.603200,OK
17236,4.519000,OK
17237,4.335400,OK
17238,4.308000,OK
17239,4.900000,OK
17240,4.650400,OK
17241,4.959600,OK
17242,4.827800,OK
17243,4.963800,OK
17244,4.915700,OK
17245,5.118400,OK
17246,4.527800,OK
17247,4.993700,OK
17248,5.028800,OK
17249,5.206700,OK
17250,4.387500,OK
17251,4.884900,OK
17252,4.313800,OK
17253,4.300800,OK
17254,4.339400,OK
17255,4.200300,OK
17256,4.981700,OK
17257,4.767400,OK
17258,4.842900,OK
17259,4.791100,OK
17260,4.512200,OK
17261,4.763400,OK
17262,4.813600,OK
17263,4.731200,OK
17264,4.509100,OK
17265,4.698400,OK
17266,4.902500,OK
17267,4.781100,OK
17268,5.026300,OK
17269,4.909800,OK
17270,5.013300,OK
17271,4.835500,OK
17272,4.973200,OK
17273,5.078700,OK
17274,4.651600,OK
17275,4.906100,OK
17276,4.997900,OK
17277,5.104500,OK
17278,4.912400,OK
17279,5.075500,OK
17280,5.246700,OK
17281,5.054700,OK
17282,4.973700,OK
17283,5.241000,OK
17284,5.435800,OK
17285,5.230300,OK
17286,5.091100,OK
17287,5.190300,OK
17288,5.079700,OK
17289,4.898200,OK
17290,5.599000,OK
17291,4.953600,OK
17292,4.792200,OK
17293,4.758100,OK
17294,4.786300,OK
17295,4.933900,OK
17296,5.110300,OK
17297,4.735500,OK
17298,5.125900,OK
17299,5.114700,OK
17300,4.857300,OK
17301,5.679000,OK
17302,4.972000,OK
17303,5.680000,OK
17304,4.753700,OK
17305,3.785300,OK
17306,4.022100,OK
17307,4.887100,OK
17308,4.755000,OK
17309,4.034700,OK
17310,4.081400,OK
17311,4.701200,OK
17312,3.858400,OK
17313,4.253500,OK
17314,3.990200,OK
17315,4.989600,OK
17316,3.986200,OK
17317,4.048500,OK
17318,4.366600,OK
17319,4.165700,OK
17320,4.840500,OK
17321,4.059300,OK
17322,4.702900,OK
17323,4.742400,OK
17324,4.077500,OK
17325,4.429900,OK
17326,4.940500,OK
17327,4.982600,OK
17328,5.009400,OK
17329,4.875700,OK
17330,4.000200,OK
17331,4.756600,OK
17332,4.810100,OK
17333,4.000700,OK
17334,4.147600,OK
17335,5.017100,OK
17336,4.751300,OK
17337,5.042700,OK
17338,4.838000,OK
17339,4.475300,OK
17340,4.635600,OK
17341,4.767800,OK
17342,4.722700,OK
17343,4.760500,OK
17344,4.761100,OK
17345,5.048500,OK
17346,4.950800,OK
17347,4.607100,OK
17348,4.690100,OK
17349,5.175000,OK
17350,4.676400,OK
17351,4.735300,OK
17352,5.056400,OK
17353,4.918100,OK
17354,4.909900,OK
17355,5.171700,OK
17356,4.830200,OK
17357,4.860700,OK
17358,5.016500,OK
17359,4.911800,OK
17360,4.810100,OK
17361,4.710500,OK
17362,5.184700,OK
17363,4.874600,OK
17364,4.562100,OK
17365,4.905700,OK
17366,5.539200,OK
17367,4.649700,OK
17368,4.932900,OK
17369,4.917300,OK
17370,5.240600,OK
17371,5.010100,OK
17372,4.924100,OK
17373,5.244500,OK
17374,4.988500,OK
17375,5.351200,OK
17376,4.984700,OK
17377,5.096500,OK
17378,4.944700,OK
17379,4.970000,OK
17380,4.925700,OK
17381,5.128700,OK
17382,5.041000,OK
17383,5.530800,OK
17384,4.833000,OK
17385,5.062000,OK
17386,5.066900,OK
17387,5.394000,OK
17388,5.322300,OK
17389,5.693500,OK
17390,4.598100,OK
17391,5.211900,OK
17392,4.908300,OK
17393,5.643200,OK
17394,5.108700,OK
17395,4.687300,OK
17396,5.108600,OK
17397,4.921200,OK
17398,5.407500,OK
17399,4.918900,OK
17400,5.803400,OK
17401,5.678700,OK
17402,4.654500,OK
17403,3.975500,OK
17404,4.074500,OK
17405,4.229600,OK
17406,4.187800,OK
17407,4.407700,OK
17408,4.085000,OK
17409,3.914800,OK
17410,4.296100,OK
17411,3.966400,OK
17412,4.616100,OK
17413,4.755900,OK
17414,4.682400,OK
17415,4.532600,OK
17416,4.717700,OK
17417,4.915200,OK
17418,4.497100,OK
17419,4.302400,OK
17420,4.361800,OK
17421,4.697100,OK
17422,4.835200,OK
17423,4.726000,OK
17424,4.751900,OK
17425,4.849400,OK
17426,4.708900,OK
17427,4.870800,OK
17428,4.465700,OK
17429,4.523200,OK
17430,4.792200,OK
17431,4.806200,OK
17432,4.652400,OK
17433,4.733900,OK
17434,4.935900,OK
17435,4.849400,OK
17436,4.921800,OK
17437,5.055300,OK
17438,5.701100,OK
17439,4.685000,OK
17440,5.156600,OK
17441,4.971000,OK
17442,5.024000,OK
17443,4.972700,OK
17444,4.715900,OK
17445,5.131000,OK
17446,4.975900,OK
17447,4.859600,OK
17448,4.953900,OK
17449,5.068800,OK
17450,4.376800,OK
17451,4.815800,OK
17452,5.070000,OK
17453,4.827300,OK
17454,4.962400,OK
17455,4.924300,OK
17456,4.298300,OK
17457,5.156900,OK
17458,4.955900,OK
17459,5.027600,OK
17460,4.493500,OK
17461,4.659800,OK
17462,5.031200,OK
17463,4.738500,OK
17464,4.829700,OK
17465,4.562400,OK
17466,5.240600,OK
17467,4.655400,OK
17468,5.462200,OK
17469,4.802800,OK
17470,4.782600,OK
17471,4.757300,OK
17472,4.730800,OK
17473,4.758300,OK
17474,4.826000,OK
17475,5.364900,OK
17476,5.312600,OK
17477,5.050500,OK
17478,4.680700,OK
17479,4.969400,OK
17480,5.032700,OK
17481,4.894800,OK
17482,5.026900,OK
17483,4.647000,OK
17484,4.891500,OK
17485,5.145000,OK
17486,4.747100,OK
17487,4.910700,OK
17488,4.991200,OK
17489,5.063500,OK
17490,4.994300,OK
17491,4.945000,OK
17492,5.144200,OK
17493,5.291900,OK
17494,5.495000,OK
17495,5.081200,OK
17496,4.871900,OK
17497,4.827400,OK
17498,4.826800,OK
17499,4.684900,OK
17500,4.921200,OK
17501,5.046900,OK
17502,4.881000,OK
17503,4.069900,OK
17504,4.022400,OK
17505,3.847900,OK
17506,3.975800,OK
17507,3.983700,OK
17508,4.778300,OK
17509,3.939900,OK
17510,3.897100,OK
17511,4.865800,OK
17512,4.857900,OK
17513,3.930300,OK
17514,4.028000,OK
17515,4.225800,OK
17516,4.399900,OK
17517,4.026800,OK
17518,3.899300,OK
17519,4.327200,OK
17520,4.753600,OK
17521,4.384500,OK
17522,4.408500,OK
17523,4.203700,OK
17524,4.075900,OK
17525,4.869000,OK
17526,4.816500,OK
17527,4.127800,OK
17528,4.156900,OK
17529,4.016900,OK
17530,4.110100,OK
17531,4.640800,OK
17532,4.743700,OK
17533,4.954300,OK
17534,4.234100,OK
17535,4.908300,OK
17536,4.188900,OK
17537,4.555400,OK
17538,4.768800,OK
17539,5.404300,OK
17540,5.111000,OK
17541,4.983100,OK
17542,5.048400,OK
17543,4.190400,OK
17544,5.003400,OK
17545,5.086400,OK
17546,5.080000,OK
17547,5.051100,OK
17548,4.585100,OK
17549,5.142000,OK
17550,5.122300,OK
17551,4.926100,OK
17552,4.973100,OK
17553,5.097200,OK
17554,4.260600,OK
17555,5.072900,OK
17556,4.955200,OK
17557,5.083200,OK
17558,5.039700,OK
17559,4.933700,OK
17560,4.261800,OK
17561,4.369700,OK
17562,5.112500,OK
17563,5.227300,OK
17564,5.391800,OK
17565,5.000400,OK
17566,4.934600,OK
17567,4.811300,OK
17568,4.805400,OK
17569,4.839600,OK
17570,5.228000,OK
17571,5.159100,OK
17572,4.879600,OK
17573,4.700700,OK
17574,5.182900,OK
17575,4.956400,OK
17576,4.490800,OK
17577,4.630800,OK
17578,4.980800,OK
17579,5.164800,OK
17580,5.019700,OK
17581,4.513300,OK
17582,4.409600,OK
17583,4.457500,OK
17584,5.284800,OK
17585,5.086800,OK
17586,4.843500,OK
17587,5.318100,OK
17588,5.047000,OK
17589,5.351100,OK
17590,4.792800,OK
17591,4.750900,OK
17592,4.923400,OK
17593,4.589400,OK
17594,4.626300,OK
17595,5.500600,OK
17596,4.967800,OK
17597,5.626100,OK
17598,5.349700,OK
17599,5.495800,OK
17600,4.760400,OK
17601,4.736600,OK
17602,4.618200,OK
17603,5.264200,OK
17604,4.822500,OK
17605,4.851800,OK
17606,5.543800,OK
17607,4.623200,OK
17608,5.522200,OK
17609,4.929600,OK
17610,4.865500,OK
17611,5.653300,OK
17612,5.619200,OK
17613,4.840600,OK
17614,4.885600,OK
17615,4.844600,OK
17616,4.595200,OK
17617,4.116800,OK
17618,3.935800,OK
17619,5.735800,OK
17620,3.897700,OK
17621,4.192700,OK
17622,4.822200,OK
17623,4.531800,OK
17624,4.630300,OK
17625,4.820600,OK
17626,4.931600,OK
17627,4.854100,OK
17628,4.716500,OK
17629,4.922300,OK
17630,3.975000,OK
17631,4.832600,OK
17632,4.636200,OK
17633,4.382800,OK
17634,4.236000,OK
17635,4.568200,OK
17636,4.297500,OK
17637,4.730800,OK
17638,4.669500,OK
17639,4.177600,OK
17640,4.078100,OK
17641,4.947300,OK
17642,4.020700,OK
17643,4.712900,OK
17644,4.868000,OK
17645,4.170400,OK
17646,4.614900,OK
17647,4.740100,OK
17648,4.980600,OK
17649,4.549300,OK
17650,4.270100,OK
17651,4.448200,OK
17652,4.437200,OK
17653,4.158100,OK
17654,5.296500,OK
17655,4.741900,OK
17656,4.678400,OK
17657,4.588500,OK
17658,4.960400,OK
17659,4.789600,OK
17660,5.193900,OK
17661,4.686600,OK
17662,4.858400,OK
17663,4.597200,OK
17664,4.740500,OK
17665,4.461700,OK
17666,5.147500,OK
17667,4.869500,OK
17668,4.649400,OK
17669,4.307800,OK
17670,4.979000,OK
17671,4.979800,OK
17672,5.124600,OK
17673,5.030400,OK
17674,5.098800,OK
17675,5.324300,OK
17676,4.514200,OK
17677,4.786500,OK
17678,4.865300,OK
17679,4.901300,OK
17680,5.017500,OK
17681,4.945200,OK
17682,4.374000,OK
17683,5.368800,OK
17684,5.133800,OK
17685,4.866000,OK
17686,5.050400,OK
17687,4.932300,OK
17688,4.731500,OK
17689,4.860000,OK
17690,5.044100,OK
17691,5.133800,OK
17692,4.920400,OK
17693,5.177000,OK
17694,5.287400,OK
17695,4.973900,OK
17696,4.804000,OK
17697,5.089500,OK
17698,5.104500,OK
17699,4.868300,OK
17700,4.873400,OK
17701,5.014400,OK
17702,4.635800,OK
17703,4.952000,OK
17704,4.410500,OK
17705,4.650800,OK
17706,4.982800,OK
17707,5.071400,OK
17708,4.840800,OK
17709,4.964100,OK
17710,4.739800,OK
17711,5.183300,OK
17712,5.092000,OK
17713,5.097200,OK
17714,4.970300,OK
17715,4.707400,OK
17716,5.204600,OK
17717,4.983200,OK
17718,5.011200,OK
17719,5.026100,OK
17720,5.070800,OK
17721,5.553200,OK
17722,5.153600,OK
17723,5.049100,OK
17724,4.876700,OK
17725,5.008900,OK
17726,4.874800,OK
17727,5.988600,OK
17728,5.724500,OK
17729,5.422700,OK
17730,5.286500,OK
17731,4.122800,OK
17732,3.848600,OK
17733,4.025600,OK
17734,3.902900,OK
17735,4.008200,OK
17736,3.992100,OK
17737,3.910100,OK
17738,4.123700,OK
17739,4.001300,OK
17740,4.691500,OK
17741,4.180100,OK
17742,4.006100,OK
17743,4.857300,OK
17744,4.104100,OK
17745,4.538800,OK
17746,4.871000,OK
17747,4.001600,OK
17748,4.709900,OK
17749,4.752700,OK
17750,4.066400,OK
17751,4.353900,OK
17752,4.325400,OK
17753,4.555100,OK
17754,4.308200,OK
17755,4.429700,OK
17756,4.120500,OK
17757,5.131400,OK
17758,4.029100,OK
17759,4.214200,OK
17760,4.018400,OK
17761,4.286500,OK
17762,4.079100,OK
17763,5.020000,OK
17764,4.629300,OK
17765,4.755300,OK
17766,4.774400,OK
17767,4.993400,OK
17768,4.880100,OK
17769,4.410500,OK
17770,4.628200,OK
17771,4.634700,OK
17772,4.876800,OK
17773,4.725200,OK
17774,4.735400,OK
17775,4.789100,OK
17776,5.108800,OK
17777,4.764100,OK
17778,5.117700,OK
17779,4.388500,OK
17780,4.764000,OK
17781,4.630700,OK
17782,4.754300,OK
17783,4.666200,OK
17784,4.770100,OK
17785,4.707800,OK
17786,5.009900,OK
17787,4.862400,OK
17788,4.765600,OK
17789,4.884700,OK
17790,4.766900,OK
17791,5.785000,OK
17792,4.854100,OK
17793,5.095000,OK
17794,5.069800,OK
17795,4.868700,OK
17796,4.983800,OK
17797,5.018700,OK
17798,5.071200,OK
17799,5.085900,OK
17800,4.706900,OK
17801,5.210800,OK
17802,4.943700,OK
17803,4.875100,OK
17804,5.046600,OK
17805,5.444900,OK
17806,4.888500,OK
17807,4.995600,OK
17808,4.806400,OK
17809,4.996500,OK
17810,5.025200,OK
17811,5.187400,OK
17812,5.549400,OK
17813,4.575800,OK
17814,4.523300,OK
17815,4.645300,OK
17816,5.385200,OK
17817,4.602300,OK
17818,4.478200,OK
17819,5.340300,OK
17820,5.092100,OK
17821,4.927900,OK
17822,4.846800,OK
17823,4.997500,OK
17824,5.040600,OK
17825,4.516600,OK
17826,5.088600,OK
17827,5.411400,OK
17828,5.087700,OK
17829,4.934400,OK
17830,4.849100,OK
17831,5.024900,OK
17832,4.715500,OK
17833,5.048700,OK
17834,5.100700,OK
17835,5.005500,OK
17836,4.852000,OK
17837,5.222200,OK
17838,4.954200,OK
17839,5.500700,OK
17840,5.740200,OK
17841,5.056300,OK
17842,5.040600,OK
17843,3.939300,OK
17844,3.989400,OK
17845,3.903400,OK
17846,3.905900,OK
17847,4.124300,OK
17848,4.807600,OK
17849,4.204200,OK
17850,4.079400,OK
17851,4.713700,OK
17852,4.789200,OK
17853,4.007000,OK
17854,4.366200,OK
17855,3.955800,OK
17856,4.028800,OK
17857,4.291400,OK
17858,4.808000,OK
17859,4.640500,OK
17860,4.400100,OK
17861,4.895300,OK
17862,4.249500,OK
17863,4.656900,OK
17864,3.967500,OK
17865,4.003800,OK
17866,4.749400,OK
17867,4.858500,OK
17868,4.249500,OK
17869,4.526000,OK
17870,4.868200,OK
17871,4.088800,OK
17872,4.256600,OK
17873,4.211500,OK
17874,4.075900,OK
17875,4.819200,OK
17876,4.835800,OK
17877,4.952900,OK
17878,5.220100,OK
17879,4.934500,OK
17880,4.955900,OK
17881,4.931800,OK
17882,4.999300,OK
17883,4.972600,OK
17884,5.072300,OK
17885,5.715900,OK
17886,4.977500,OK
17887,5.005900,OK
17888,5.060200,OK
17889,4.271900,OK
17890,4.910800,OK
17891,5.081500,OK
17892,4.993100,OK
17893,5.065300,OK
17894,4.268700,OK
17895,4.378500,OK
17896,4.908200,OK
17897,5.026400,OK
17898,5.067600,OK
17899,5.884900,OK
17900,5.378000,OK
17901,4.472400,OK
17902,4.492700,OK
17903,5.241900,OK
17904,5.189200,OK
17905,5.070100,OK
17906,5.038500,OK
17907,4.931300,OK
17908,4.833600,OK
17909,4.578200,OK
17910,5.072600,OK
17911,5.051700,OK
17912,4.912900,OK
17913,4.992400,OK
17914,4.778000,OK
17915,5.097400,OK
17916,5.263600,OK
17917,5.448600,OK
17918,4.894500,OK
17919,5.045500,OK
17920,4.632400,OK
17921,4.712700,OK
17922,4.552400,OK
17923,5.272100,OK
17924,4.819800,OK
17925,4.917700,OK
17926,4.564100,OK
17927,4.925800,OK
17928,4.291000,OK
17929,4.850200,OK
17930,4.495100,OK
17931,5.206900,OK
17932,5.475600,OK
17933,4.795800,OK
17934,4.926500,OK
17935,4.747000,OK
17936,4.621600,OK
17937,4.749700,OK
17938,4.929900,OK
17939,5.542100,OK
17940,5.003900,OK
17941,4.899800,OK
17942,5.557700,OK
17943,4.711000,OK
17944,4.956200,OK
17945,4.926600,OK
17946,4.728900,OK
17947,4.849000,OK
17948,5.117800,OK
17949,5.650200,OK
17950,4.852400,OK
17951,5.385900,OK
17952,4.800600,OK
17953,5.584900,OK
17954,4.652100,OK
17955,4.913200,OK
17956,4.543200,OK
17957,4.791800,OK
17958,4.679500,OK
17959,4.783900,OK
17960,4.749600,OK
17961,5.057200,OK
17962,4.724000,OK
17963,4.752900,OK
17964,4.040800,OK
17965,3.997000,OK
17966,4.495400,OK
17967,4.247000,OK
17968,3.957700,OK
17969,4.278400,OK
17970,4.264600,OK
17971,4.894600,OK
17972,4.106300,OK
17973,4.619100,OK
17974,4.500700,OK
17975,4.763100,OK
17976,4.044000,OK
17977,4.656200,OK
17978,4.794200,OK
17979,4.540000,OK
17980,4.669800,OK
17981,4.571300,OK
17982,4.066000,OK
17983,5.861900,OK
17984,4.771900,OK
17985,4.737700,OK
17986,4.713600,OK
17987,4.779900,OK
17988,4.696900,OK
17989,4.643300,OK
17990,5.062200,OK
17991,4.801100,OK
17992,4.615400,OK
17993,4.247600,OK
17994,4.141000,OK
17995,4.178300,OK
17996,4.986500,OK
17997,5.057600,OK
17998,4.879100,OK
17999,4.721400,OK
18000,4.841000,OK
18001,5.134500,OK
18002,4.637300,OK
18003,4.691500,OK
18004,5.181900,OK
18005,4.870600,OK
18006,5.049000,OK
18007,5.131100,OK
18008,4.889700,OK
18009,4.831700,OK
18010,4.927800,OK
18011,5.086900,OK
18012,4.749000,OK
18013,4.932100,OK
18014,4.963900,OK
18015,5.332400,OK
18016,5.228400,OK
18017,5.063600,OK
18018,4.912600,OK
18019,5.293000,OK
18020,5.161600,OK
18021,4.974400,OK
18022,5.036200,OK
18023,5.029500,OK
18024,4.987300,OK
18025,5.028200,OK
18026,4.996900,OK
18027,5.259200,OK
18028,4.755800,OK
18029,5.436100,OK
18030,4.944400,OK
18031,5.148100,OK
18032,4.961600,OK
18033,5.387500,OK
18034,5.118500,OK
18035,5.059900,OK
18036,5.236400,OK
18037,5.116500,OK
18038,4.776800,OK
18039,5.210800,OK
18040,4.950300,OK
18041,4.790900,OK
18042,5.286400,OK
18043,5.013500,OK
18044,5.833900,OK
18045,4.897500,OK
18046,4.918600,OK
18047,5.136600,OK
18048,4.926100,OK
18049,4.879700,OK
18050,4.910800,OK
18051,5.800300,OK
18052,4.864300,OK
18053,5.206900,OK
18054,5.117000,OK
18055,4.631600,OK
18056,4.639100,OK
18057,4.074300,OK
18058,5.046900,OK
18059,4.380700,OK
18060,4.148400,OK
18061,5.679200,OK
18062,4.031000,OK
18063,4.473900,OK
18064,4.000700,OK
18065,4.039900,OK
18066,4.726000,OK
18067,3.956200,OK
18068,4.126300,OK
18069,4.292800,OK
18070,4.122000,OK
18071,4.968700,OK
18072,4.787500,OK
18073,4.652900,OK
18074,4.674200,OK
18075,4.853200,OK
18076,4.672600,OK
18077,4.754900,OK
18078,4.742700,OK
18079,4.918200,OK
18080,4.987200,OK
18081,4.988200,OK
18082,4.220300,OK
18083,5.294800,OK
18084,5.009300,OK
18085,4.919000,OK
18086,5.077600,OK
18087,4.607500,OK
18088,4.950200,OK
18089,5.128900,OK
18090,4.548300,OK
18091,4.747900,OK
18092,4.566200,OK
18093,5.078500,OK
18094,4.703400,OK
18095,6.083500,OK
18096,4.833200,OK
18097,4.526200,OK
18098,5.069500,OK
18099,4.734000,OK
18100,4.810000,OK
18101,4.369100,OK
18102,4.546800,OK
18103,4.771900,OK
18104,4.720400,OK
18105,4.158400,OK
18106,4.504800,OK
18107,4.306200,OK
18108,4.334400,OK
18109,4.636700,OK
18110,5.226000,OK
18111,4.702100,OK
18112,5.258800,OK
18113,4.684400,OK
18114,4.196700,OK
18115,4.682100,OK
18116,4.731300,OK
18117,4.787000,OK
18118,4.623100,OK
18119,4.907700,OK
18120,4.721400,OK
18121,4.648000,OK
18122,4.490600,OK
18123,5.027900,OK
18124,5.057000,OK
18125,4.944300,OK
18126,4.313600,OK
18127,4.949800,OK
18128,5.199100,OK
18129,5.159600,OK
18130,5.072600,OK
18131,4.967700,OK
18132,5.248500,OK
18133,5.094900,OK
18134,5.178900,OK
18135,5.240500,OK
18136,5.131500,OK
18137,5.217700,OK
18138,4.337900,OK
18139,5.287900,OK
18140,5.112100,OK
18141,4.361200,OK
18142,5.324700,OK
18143,5.300700,OK
18144,4.355300,OK
18145,5.334000,OK
18146,5.266000,OK
18147,5.435700,OK
18148,5.086600,OK
18149,5.144700,OK
18150,5.364900,OK
18151,5.160500,OK
18152,5.420800,OK
18153,5.379400,OK
18154,5.248900,OK
18155,5.381700,OK
18156,5.254400,OK
18157,5.289900,OK
18158,5.384000,OK
18159,5.274100,OK
18160,5.370800,OK
18161,4.197800,OK
18162,4.188200,OK
18163,4.084200,OK
18164,4.233900,OK
18165,4.283400,OK
18166,4.344900,OK
18167,3.701400,OK
18168,4.425100,OK
18169,4.170100,OK
18170,4.361100,OK
18171,4.389400,OK
18172,4.341300,OK
18173,4.069000,OK
18174,4.350600,OK
18175,4.468500,OK
18176,4.126300,OK
18177,4.384200,OK
18178,4.454900,OK
18179,4.198500,OK
18180,4.317400,OK
18181,4.380000,OK
18182,4.394500,OK
18183,4.339700,OK
18184,4.384400,OK
18185,4.378700,OK
18186,3.903200,OK
18187,4.350300,OK
18188,4.368700,OK
18189,4.160500,OK
18190,4.362400,OK
18191,4.379400,OK
18192,4.344200,OK
18193,4.315200,OK
18194,4.387200,OK
18195,4.436400,OK
18196,4.138100,OK
18197,4.388900,OK
18198,4.568700,OK
18199,4.104400,OK
18200,4.392400,OK
18201,4.392600,OK
18202,4.385600,OK
18203,4.303900,OK
18204,4.407800,OK
18205,4.435200,OK
18206,4.219100,OK
18207,4.400000,OK
18208,4.426900,OK
18209,4.276300,OK
18210,4.364500,OK
18211,4.434700,OK
18212,4.327100,OK
18213,4.383800,OK
18214,4.416000,OK
18215,4.418900,OK
18216,4.225400,OK
18217,4.431000,OK
18218,4.373700,OK
18219,4.175700,OK
18220,4.397000,OK
18221,4.354500,OK
18222,4.373000,OK
18223,4.237000,OK
18224,4.305400,OK
18225,4.469600,OK
18226,4.131200,OK
18227,4.424300,OK
18228,4.367500,OK
18229,4.182000,OK
18230,4.420600,OK
18231,4.393200,OK
18232,4.319000,OK
18233,4.176000,OK
18234,4.616200,OK
18235,4.449700,OK
18236,5.103100,OK
18237,4.217100,OK
18238,4.481400,OK
18239,4.298400,OK
18240,4.352800,OK
18241,4.388100,OK
18242,4.292000,OK
18243,4.346300,OK
18244,4.334800,OK
18245,4.415000,OK
18246,5.242800,OK
18247,4.376600,OK
18248,4.346000,OK
18249,5.206200,OK
18250,4.404000,OK
18251,4.403500,OK
18252,5.135100,OK
18253,4.359800,OK
18254,4.319100,OK
18255,4.775700,OK
18256,4.307700,OK
18257,4.409800,OK
18258,5.274900,OK
18259,4.403300,OK
18260,4.409900,OK
18261,5.183800,OK
18262,5.309500,OK
18263,4.435300,OK
18264,5.613000,OK
18265,5.067400,OK
18266,4.439300,OK
18267,5.242400,OK
18268,4.389200,OK
18269,4.402400,OK
18270,5.415900,OK
18271,5.335300,OK
18272,4.503200,OK
18273,5.279200,OK
18274,5.368600,OK
18275,4.559400,OK
18276,4.728900,OK
18277,4.674500,OK
18278,4.469500,OK
18279,5.348400,OK
18280,5.340700,OK
18281,5.438600,OK
18282,5.439200,OK
18283,5.160300,OK
18284,4.351300,OK
18285,4.099400,OK
18286,4.178000,OK
18287,3.905000,OK
18288,4.218900,OK
18289,4.103200,OK
18290,4.085600,OK
18291,3.673200,OK
18292,4.565200,OK
18293,4.551900,OK
18294,4.286200,OK
18295,4.201000,OK
18296,3.713000,OK
18297,4.361500,OK
18298,4.454200,OK
18299,4.128600,OK
18300,4.330400,OK
18301,4.433500,OK
18302,5.267300,OK
18303,4.354000,OK
18304,4.396900,OK
18305,4.281200,OK
18306,4.261800,OK
18307,4.358000,OK
18308,4.373800,OK
18309,4.189400,OK
18310,4.381000,OK
18311,4.443700,OK
18312,4.286700,OK
18313,4.289700,OK
18314,4.370200,OK
18315,4.337400,OK
18316,4.413100,OK
18317,4.361400,OK
18318,4.339400,OK
18319,4.149700,OK
18320,4.389400,OK
18321,4.534600,OK
18322,4.068500,OK
18323,4.405700,OK
18324,4.437500,OK
18325,4.286800,OK
18326,4.326900,OK
18327,4.356800,OK
18328,4.174700,OK
18329,4.278600,OK
18330,4.381100,OK
18331,4.504800,OK
18332,4.068200,OK
18333,4.374200,OK
18334,4.432100,OK
18335,4.275500,OK
18336,4.412900,OK
18337,4.416400,OK
18338,4.207600,OK
18339,4.247500,OK
18340,4.398200,OK
18341,4.455700,OK
18342,4.217300,OK
18343,4.370200,OK
18344,4.443100,OK
18345,4.238200,OK
18346,4.370000,OK
18347,4.404700,OK
18348,4.357300,OK
18349,4.223700,OK
18350,4.436300,OK
18351,4.447800,OK
18352,4.070700,OK
18353,4.429400,OK
18354,4.372400,OK
18355,4.308400,OK
18356,4.352100,OK
18357,4.345500,OK
18358,4.231200,OK
18359,4.261800,OK
18360,4.379000,OK
18361,4.417500,OK
18362,3.746200,OK
18363,4.837300,OK
18364,4.331800,OK
18365,4.299400,OK
18366,4.328300,OK
18367,4.129900,OK
18368,4.369400,OK
18369,4.254500,OK
18370,4.294700,OK
18371,4.389900,OK
18372,5.198200,OK
18373,4.369400,OK
18374,4.541200,OK
18375,5.214100,OK
18376,5.111900,OK
18377,4.364300,OK
18378,5.229500,OK
18379,5.315200,OK
18380,4.460400,OK
18381,5.083700,OK
18382,4.393600,OK
18383,4.480400,OK
18384,5.119000,OK
18385,4.314200,OK
18386,4.454500,OK
18387,5.165200,OK
18388,5.335000,OK
18389,4.404600,OK
18390,5.333800,OK
18391,4.335300,OK
18392,4.443600,OK
18393,5.288300,OK
18394,4.369600,OK
18395,4.423600,OK
18396,5.299500,OK
18397,5.338800,OK
18398,4.430200,OK
18399,5.587900,OK
18400,5.120500,OK
18401,5.460500,OK
18402,5.208700,OK
18403,5.457000,OK
18404,4.749000,OK
18405,5.212300,OK
18406,5.408800,OK
18407,5.414900,OK
18408,5.197400,OK
18409,5.419700,OK
18410,5.352300,OK
18411,5.267500,OK
18412,5.291200,OK
18413,4.373600,OK
18414,4.186400,OK
18415,4.290300,OK
18416,4.374600,OK
18417,4.137600,OK
18418,4.355700,OK
18419,4.431800,OK
18420,4.231600,OK
18421,4.381700,OK
18422,4.359300,OK
18423,4.374300,OK
18424,4.204100,OK
18425,4.361000,OK
18426,4.404100,OK
18427,4.133900,OK
18428,4.283800,OK
18429,4.414200,OK
18430,4.063800,OK
18431,4.322000,OK
18432,4.376800,OK
18433,4.304500,OK
18434,4.202600,OK
18435,4.412300,OK
18436,4.179300,OK
18437,3.909800,OK
18438,4.289700,OK
18439,4.287500,OK
18440,4.047200,OK
18441,4.309400,OK
18442,4.116200,OK
18443,4.194300,OK
18444,4.173800,OK
18445,4.286700,OK
18446,4.359700,OK
18447,4.112600,OK
18448,4.259600,OK
18449,4.056200,OK
18450,4.864300,OK
18451,4.516900,OK
18452,4.684300,OK
18453,4.203900,OK
18454,4.402100,OK
18455,4.760600,OK
18456,4.374800,OK
18457,4.538100,OK
18458,4.738800,OK
18459,4.511800,OK
18460,4.348500,OK
18461,4.839600,OK
18462,4.615400,OK
18463,4.619300,OK
18464,4.475000,OK
18465,4.665900,OK
18466,4.105800,OK
18467,4.290400,OK
18468,4.620600,OK
18469,4.236500,OK
18470,4.483400,OK
18471,4.485300,OK
18472,4.671900,OK
18473,4.441400,OK
18474,4.552300,OK
18475,4.949600,OK
18476,4.681400,OK
18477,4.853100,OK
18478,4.791300,OK
18479,4.917500,OK
18480,4.765300,OK
18481,4.650400,OK
18482,4.870000,OK
18483,4.131300,OK
18484,4.310200,OK
18485,4.724900,OK
18486,4.763700,OK
18487,4.459200,OK
18488,4.927000,OK
18489,4.555400,OK
18490,4.948300,OK
18491,4.633500,OK
18492,4.607000,OK
18493,4.945400,OK
18494,4.634600,OK
18495,4.429800,OK
18496,4.383500,OK
18497,4.239100,OK
18498,4.309500,OK
18499,4.312000,OK
18500,4.312100,OK
18501,5.054300,OK
18502,4.881700,OK
18503,4.623300,OK
18504,4.814200,OK
18505,4.741700,OK
18506,4.743000,OK
18507,4.952800,OK
18508,5.129000,OK
18509,4.746800,OK
18510,5.036200,OK
18511,4.895900,OK
18512,4.510000,OK
18513,4.708700,OK
18514,5.465100,OK
18515,4.453200,OK
18516,4.536100,OK
18517,5.522700,OK
18518,4.660300,OK
18519,5.437700,OK
18520,5.200800,OK
18521,4.845700,OK
18522,5.228400,OK
18523,4.972800,OK
18524,4.862800,OK
18525,4.276200,OK
18526,4.645000,OK
18527,4.998800,OK
18528,4.720500,OK
18529,6.079500,OK
18530,4.790700,OK
18531,4.782900,OK
18532,5.027800,OK
18533,4.739200,OK
18534,4.956000,OK
18535,3.992600,OK
18536,3.836900,OK
18537,4.124100,OK
18538,4.749200,OK
18539,3.706400,OK
18540,4.151800,OK
18541,4.227500,OK
18542,4.570400,OK
18543,5.256700,OK
18544,4.402000,OK
18545,4.078700,OK
18546,4.148800,OK
18547,4.691400,OK
18548,3.747800,OK
18549,4.063100,OK
18550,4.018400,OK
18551,4.094000,OK
18552,3.932700,OK
18553,4.764700,OK
18554,3.829800,OK
18555,4.787300,OK
18556,3.882800,OK
18557,4.672000,OK
18558,3.925100,OK
18559,4.755600,OK
18560,4.763700,OK
18561,3.863600,OK
18562,4.745800,OK
18563,4.776500,OK
18564,3.954100,OK
18565,3.974200,OK
18566,4.016300,OK
18567,4.820600,OK
18568,4.804000,OK
18569,4.102600,OK
18570,4.080100,OK
18571,3.965300,OK
18572,4.739100,OK
18573,4.652300,OK
18574,4.720900,OK
18575,4.879900,OK
18576,4.047200,OK
18577,4.822200,OK
18578,4.943200,OK
18579,4.167000,OK
18580,4.849400,OK
18581,4.813800,OK
18582,3.995100,OK
18583,4.815300,OK
18584,4.801600,OK
18585,4.104000,OK
18586,4.876500,OK
18587,4.847600,OK
18588,5.034600,OK
18589,4.848200,OK
18590,4.765100,OK
18591,4.151900,OK
18592,5.041400,OK
18593,4.887500,OK
18594,4.810000,OK
18595,4.732700,OK
18596,4.754600,OK
18597,4.925200,OK
18598,4.830900,OK
18599,5.087700,OK
18600,5.044200,OK
18601,5.102300,OK
18602,4.632700,OK
18603,5.030500,OK
18604,5.046900,OK
18605,5.265500,OK
18606,5.001600,OK
18607,5.147500,OK
18608,4.738400,OK
18609,4.953800,OK
18610,5.019300,OK
18611,4.826500,OK
18612,4.980500,OK
18613,4.940900,OK
18614,5.194000,OK
18615,5.002400,OK
18616,5.013300,OK
18617,5.216200,OK
18618,4.876000,OK
18619,5.104400,OK
18620,5.067000,OK
18621,4.760300,OK
18622,5.149100,OK
18623,4.306000,OK
18624,5.282500,OK
18625,4.762500,OK
18626,4.897400,OK
18627,5.000300,OK
18628,4.371700,OK
18629,4.391900,OK
18630,5.062100,OK
18631,4.982900,OK
18632,5.113700,OK
18633,4.936800,OK
18634,4.991700,OK
18635,4.698400,OK
18636,5.251000,OK
18637,5.170000,OK
18638,4.881500,OK
18639,5.224600,OK
18640,5.040900,OK
18641,5.174500,OK
18642,6.134100,OK
18643,4.974800,OK
18644,5.124800,OK
18645,5.031900,OK
18646,5.525200,OK
18647,5.577800,OK
18648,4.640600,OK
18649,5.071200,OK
18650,3.868800,OK
18651,4.624200,OK
18652,3.811900,OK
18653,4.532500,OK
18654,4.687600,OK
18655,4.288900,OK
18656,4.508600,OK
18657,3.811700,OK
18658,4.079900,OK
18659,3.717600,OK
18660,3.820100,OK
18661,4.722200,OK
18662,3.695800,OK
18663,4.184500,OK
18664,4.339600,OK
18665,4.315000,OK
18666,4.335800,OK
18667,4.662000,OK
18668,4.381800,OK
18669,3.756800,OK
18670,3.819700,OK
18671,4.454200,OK
18672,3.811300,OK
18673,4.716000,OK
18674,3.881700,OK
18675,3.818300,OK
18676,3.917400,OK
18677,4.796800,OK
18678,3.872600,OK
18679,3.800600,OK
18680,4.781500,OK
18681,4.809700,OK
18682,4.835000,OK
18683,4.003600,OK
18684,4.777800,OK
18685,4.902700,OK
18686,3.994100,OK
18687,3.959700,OK
18688,4.108900,OK
18689,4.079700,OK
18690,3.959800,OK
18691,4.118800,OK
18692,4.050400,OK
18693,4.859100,OK
18694,4.922800,OK
18695,4.983400,OK
18696,4.908200,OK
18697,4.447200,OK
18698,4.135500,OK
18699,4.987100,OK
18700,4.057100,OK
18701,5.075500,OK
18702,5.092800,OK
18703,4.781500,OK
18704,4.215600,OK
18705,6.064200,OK
18706,4.671600,OK
18707,5.168500,OK
18708,4.458200,OK
18709,4.774900,OK
18710,4.961200,OK
18711,5.008400,OK
18712,4.985400,OK
18713,5.040100,OK
18714,5.108400,OK
18715,5.110200,OK
18716,4.427400,OK
18717,5.024100,OK
18718,5.055500,OK
18719,5.012500,OK
18720,4.429800,OK
18721,4.903400,OK
18722,4.933900,OK
18723,5.235800,OK
18724,4.578900,OK
18725,4.276900,OK
18726,5.175800,OK
18727,5.003200,OK
18728,4.866400,OK
18729,4.830600,OK
18730,5.040700,OK
18731,4.567100,OK
18732,4.927100,OK
18733,4.944700,OK
18734,5.234500,OK
18735,5.161300,OK
18736,4.543500,OK
18737,4.850300,OK
18738,4.917500,OK
18739,5.108900,OK
18740,5.032400,OK
18741,5.046700,OK
18742,4.913400,OK
18743,5.260700,OK
18744,5.281600,OK
18745,5.261300,OK
18746,4.898300,OK
18747,5.098600,OK
18748,4.895700,OK
18749,4.986100,OK
18750,4.775700,OK
18751,4.959400,OK
18752,5.116400,OK
18753,4.828000,OK
18754,5.217400,OK
18755,5.093700,OK
18756,5.497700,OK
18757,4.965900,OK
18758,4.998000,OK
18759,4.798200,OK
18760,4.905800,OK
18761,4.900900,OK
18762,4.034400,OK
18763,4.061200,OK
18764,3.853100,OK
18765,3.757200,OK
18766,3.873300,OK
18767,3.924900,OK
18768,3.723500,OK
18769,3.945300,OK
18770,3.935100,OK
18771,3.938900,OK
18772,4.210200,OK
18773,3.952800,OK
18774,4.172700,OK
18775,3.724500,OK
18776,3.740000,OK
18777,4.148500,OK
18778,4.221800,OK
18779,4.661200,OK
18780,4.036500,OK
18781,4.018600,OK
18782,4.009500,OK
18783,4.386800,OK
18784,5.019900,OK
18785,4.479100,OK
18786,4.293300,OK
18787,4.727100,OK
18788,5.783100,OK
18789,3.907000,OK
18790,4.009400,OK
18791,4.820800,OK
18792,4.534700,OK
18793,4.099100,OK
18794,4.716800,OK
18795,4.688500,OK
18796,4.509000,OK
18797,4.554000,OK
18798,4.145300,OK
18799,4.755000,OK
18800,4.777000,OK
18801,3.933300,OK
18802,4.893400,OK
18803,4.814600,OK
18804,4.615000,OK
18805,4.146600,OK
18806,4.265300,OK
18807,4.232800,OK
18808,4.860500,OK
18809,4.760100,OK
18810,4.831200,OK
18811,4.877200,OK
18812,4.854300,OK
18813,4.821700,OK
18814,4.627900,OK
18815,5.074900,OK
18816,4.815800,OK
18817,5.220900,OK
18818,4.611900,OK
18819,5.051400,OK
18820,4.959800,OK
18821,5.006200,OK
18822,4.870500,OK
18823,4.721600,OK
18824,4.544100,OK
18825,4.312800,OK
18826,4.318700,OK
18827,4.118300,OK
18828,4.064700,OK
18829,5.015200,OK
18830,4.481700,OK
18831,5.050300,OK
18832,4.459700,OK
18833,4.463800,OK
18834,4.647900,OK
18835,4.767200,OK
18836,4.739900,OK
18837,4.457900,OK
18838,4.715800,OK
18839,4.783500,OK
18840,4.701000,OK
18841,4.390700,OK
18842,5.090600,OK
18843,4.420600,OK
18844,5.372700,OK
18845,4.447700,OK
18846,4.852500,OK
18847,4.540800,OK
18848,4.783200,OK
18849,4.307000,OK
18850,4.828200,OK
18851,4.575300,OK
18852,4.816600,OK
18853,4.555100,OK
18854,4.629000,OK
18855,4.813400,OK
18856,4.837300,OK
18857,4.287300,OK
18858,5.438400,OK
18859,5.214700,OK
18860,4.981100,OK
18861,5.867100,OK
18862,4.337000,OK
18863,4.671200,OK
18864,5.166100,OK
18865,4.353900,OK
18866,5.271900,OK
18867,4.854200,OK
18868,5.159700,OK
18869,5.032900,OK
18870,5.526600,OK
18871,4.837100,OK
18872,4.848400,OK
18873,4.842200,OK
18874,4.866000,OK
18875,4.920500,OK
18876,5.028400,OK
18877,4.634900,OK
18878,5.005500,OK
18879,4.991400,OK
18880,5.069800,OK
18881,4.926100,OK
18882,4.916600,OK
18883,5.023600,OK
18884,4.986600,OK
18885,4.689800,OK
18886,4.086300,OK
18887,3.777400,OK
18888,3.982100,OK
18889,4.082600,OK
18890,4.283000,OK
18891,4.663600,OK
18892,3.943200,OK
18893,4.097900,OK
18894,3.836000,OK
18895,4.119300,OK
18896,3.849800,OK
18897,4.668300,OK
18898,4.083900,OK
18899,4.016800,OK
18900,4.527900,OK
18901,4.399700,OK
18902,4.235400,OK
18903,4.684100,OK
18904,4.075600,OK
18905,4.261300,OK
18906,4.578900,OK
18907,4.079900,OK
18908,4.364300,OK
18909,4.666300,OK
18910,4.993000,OK
18911,4.085800,OK
18912,3.989600,OK
18913,3.989700,OK
18914,4.293300,OK
18915,4.194500,OK
18916,3.990000,OK
18917,4.556900,OK
18918,3.954400,OK
18919,3.884200,OK
18920,4.715100,OK
18921,4.929600,OK
18922,4.099900,OK
18923,4.064900,OK
18924,4.671600,OK
18925,4.861000,OK
18926,4.030400,OK
18927,4.319700,OK
18928,4.769400,OK
18929,4.836100,OK
18930,4.872200,OK
18931,4.933900,OK
18932,4.916300,OK
18933,4.941600,OK
18934,4.889500,OK
18935,4.847900,OK
18936,4.784800,OK
18937,4.531800,OK
18938,4.933300,OK
18939,4.555000,OK
18940,4.619800,OK
18941,4.259200,OK
18942,4.293000,OK
18943,4.634400,OK
18944,4.974000,OK
18945,5.045200,OK
18946,5.009000,OK
18947,4.503400,OK
18948,4.973800,OK
18949,4.983800,OK
18950,5.066300,OK
18951,4.829400,OK
18952,4.998000,OK
18953,4.668800,OK
18954,5.001200,OK
18955,5.031300,OK
18956,4.756800,OK
18957,4.993600,OK
18958,4.759100,OK
18959,4.795800,OK
18960,4.253200,OK
18961,5.042100,OK
18962,4.576600,OK
18963,4.869400,OK
18964,4.662200,OK
18965,4.610600,OK
18966,5.623100,OK
18967,4.690500,OK
18968,4.526600,OK
18969,4.486700,OK
18970,4.782400,OK
18971,4.967900,OK
18972,5.101500,OK
18973,5.096800,OK
18974,4.487000,OK
18975,4.458600,OK
18976,4.397400,OK
18977,4.385900,OK
18978,4.472000,OK
18979,5.338800,OK
18980,5.382600,OK
18981,4.657900,OK
18982,4.789300,OK
18983,4.872000,OK
18984,4.783000,OK
18985,4.623000,OK
18986,4.833900,OK
18987,4.654800,OK
18988,4.868200,OK
18989,4.868000,OK
18990,4.923500,OK
18991,5.088900,OK
18992,5.006800,OK
18993,4.813700,OK
18994,4.921300,OK
18995,5.045600,OK
18996,5.009700,OK
18997,4.881300,OK
18998,5.385200,OK
18999,3.782700,OK
19000,3.954200,OK
19001,3.859900,OK
19002,3.609300,OK
19003,3.823800,OK
19004,4.416800,OK
19005,4.449100,OK
19006,3.906200,OK
19007,4.453700,OK
19008,4.582600,OK
19009,4.567500,OK
19010,4.014200,OK
19011,4.591600,OK
19012,4.037800,OK
19013,3.894600,OK
19014,3.765500,OK
19015,3.826800,OK
19016,3.788600,OK
19017,3.921600,OK
19018,3.810700,OK
19019,3.956500,OK
19020,4.238300,OK
19021,4.043200,OK
19022,4.397400,OK
19023,4.314200,OK
19024,4.336800,OK
19025,4.895800,OK
19026,4.386500,OK
19027,4.834100,OK
19028,4.706400,OK
19029,4.876900,OK
19030,4.737400,OK
19031,4.729900,OK
19032,4.561800,OK
19033,4.722800,OK
19034,4.704700,OK
19035,4.016400,OK
19036,4.841900,OK
19037,4.846000,OK
19038,4.037100,OK
19039,4.064200,OK
19040,4.828300,OK
19041,4.190200,OK
19042,4.005700,OK
19043,4.809500,OK
19044,4.950600,OK
19045,4.071800,OK
19046,4.917300,OK
19047,4.935000,OK
19048,4.080200,OK
19049,5.073300,OK
19050,4.733000,OK
19051,5.042900,OK
19052,4.938100,OK
19053,4.985600,OK
19054,4.783300,OK
19055,4.894300,OK
19056,4.549800,OK
19057,4.119900,OK
19058,4.815600,OK
19059,4.886800,OK
19060,4.954900,OK
19061,4.177300,OK
19062,4.882600,OK
19063,5.105800,OK
19064,4.983000,OK
19065,5.004400,OK
19066,5.117900,OK
19067,5.192000,OK
19068,4.989800,OK
19069,5.162300,OK
19070,4.924000,OK
19071,5.201200,OK
19072,5.318800,OK
19073,4.922600,OK
19074,5.058000,OK
19075,4.817100,OK
19076,5.148000,OK
19077,4.605200,OK
19078,5.199500,OK
19079,5.023400,OK
19080,4.983400,OK
19081,5.026400,OK
19082,5.025300,OK
19083,5.057100,OK
19084,4.378700,OK
19085,4.646800,OK
19086,5.154000,OK
19087,5.296800,OK
19088,5.059400,OK
19089,4.984100,OK
19090,5.025400,OK
19091,4.992900,OK
19092,4.820600,OK
19093,5.918100,OK
19094,5.332900,OK
19095,5.016100,OK
19096,4.791200,OK
19097,4.826600,OK
19098,5.168700,OK
19099,4.664800,OK
19100,4.946400,OK
19101,4.904700,OK
19102,5.024000,OK
19103,5.024400,OK
19104,4.934400,OK
19105,4.142900,OK
19106,3.971700,OK
19107,3.856700,OK
19108,3.954200,OK
19109,3.918900,OK
19110,3.928300,OK
19111,4.542600,OK
19112,4.041000,OK
19113,3.932200,OK
19114,4.642600,OK
19115,3.837600,OK
19116,3.927900,OK
19117,3.934500,OK
19118,4.211800,OK
19119,4.147500,OK
19120,3.997800,OK
19121,4.170300,OK
19122,3.964100,OK
19123,3.963000,OK
19124,4.619500,OK
19125,3.813800,OK
19126,3.888300,OK
19127,4.698300,OK
19128,4.725100,OK
19129,4.071100,OK
19130,4.815700,OK
19131,3.857200,OK
19132,4.035000,OK
19133,4.835400,OK
19134,4.882900,OK
19135,3.988100,OK
19136,4.824900,OK
19137,4.801600,OK
19138,3.980000,OK
19139,4.530400,OK
19140,4.884300,OK
19141,4.291100,OK
19142,4.144800,OK
19143,3.958900,OK
19144,4.264800,OK
19145,4.867500,OK
19146,4.864800,OK
19147,4.539900,OK
19148,4.774200,OK
19149,4.828300,OK
19150,4.526800,OK
19151,4.891500,OK
19152,4.827500,OK
19153,4.787100,OK
19154,4.151200,OK
19155,5.809300,OK
19156,4.534800,OK
19157,4.120700,OK
19158,4.886900,OK
19159,4.524800,OK
19160,4.596100,OK
19161,4.771700,OK
19162,4.966900,OK
19163,4.910100,OK
19164,4.689500,OK
19165,4.177100,OK
19166,4.958200,OK
19167,4.802200,OK
19168,4.797000,OK
19169,4.469900,OK
19170,4.802000,OK
19171,5.110300,OK
19172,4.187600,OK
19173,4.658000,OK
19174,4.941200,OK
19175,4.717200,OK
19176,4.578000,OK
19177,5.118900,OK
19178,4.873800,OK
19179,4.668200,OK
19180,4.746500,OK
19181,4.930500,OK
19182,5.191400,OK
19183,4.835500,OK
19184,4.792200,OK
19185,4.517700,OK
19186,4.882300,OK
19187,4.855200,OK
19188,4.715900,OK
19189,4.667300,OK
19190,5.033400,OK
19191,4.721800,OK
19192,4.885900,OK
19193,4.939900,OK
19194,4.990200,OK
19195,4.862200,OK
19196,4.942800,OK
19197,5.365900,OK
19198,4.586700,OK
19199,5.294900,OK
19200,4.761300,OK
19201,5.218500,OK
19202,5.043700,OK
19203,6.069800,OK
19204,4.890400,OK
19205,4.657800,OK
19206,4.754000,OK
19207,5.209600,OK
19208,4.505800,OK
19209,5.404600,OK
19210,5.211000,OK
19211,5.104300,OK
19212,4.621100,OK
19213,4.129700,OK
19214,4.494700,OK
19215,3.970300,OK
19216,3.776900,OK
19217,4.530700,OK
19218,4.659900,OK
19219,3.779300,OK
19220,3.677800,OK
19221,4.705700,OK
19222,3.718800,OK
19223,4.937300,OK
19224,4.585400,OK
19225,4.656000,OK
19226,4.647800,OK
19227,4.783400,OK
19228,4.533500,OK
19229,3.774600,OK
19230,3.959900,OK
19231,4.722600,OK
19232,4.028500,OK
19233,4.063900,OK
19234,3.994400,OK
19235,3.960900,OK
19236,4.686300,OK
19237,4.680100,OK
19238,3.953900,OK
19239,4.825300,OK
19240,4.455100,OK
19241,4.155800,OK
19242,5.193100,OK
19243,4.454400,OK
19244,4.080300,OK
19245,4.736000,OK
19246,4.740000,OK
19247,4.964200,OK
19248,4.956900,OK
19249,4.560100,OK
19250,4.595200,OK
19251,4.450500,OK
19252,4.884800,OK
19253,4.833400,OK
19254,4.642000,OK
19255,4.814900,OK
19256,4.428100,OK
19257,4.736700,OK
19258,4.881900,OK
19259,4.898700,OK
19260,4.756200,OK
19261,5.064600,OK
19262,4.634000,OK
19263,4.823900,OK
19264,4.808400,OK
19265,4.654100,OK
19266,4.847200,OK
19267,4.612200,OK
19268,4.642400,OK
19269,4.835700,OK
19270,4.830600,OK
19271,4.837300,OK
19272,4.769800,OK
19273,4.961000,OK
19274,4.824400,OK
19275,5.028100,OK
19276,4.943800,OK
19277,5.073500,OK
19278,4.765300,OK
19279,4.946600,OK
19280,4.778500,OK
19281,5.229700,OK
19282,5.032800,OK
19283,4.842500,OK
19284,5.519900,OK
19285,4.383100,OK
19286,5.017300,OK
19287,5.062600,OK
19288,4.942400,OK
19289,4.498200,OK
19290,4.929500,OK
19291,4.337400,OK
19292,5.234200,OK
19293,4.920500,OK
19294,4.957100,OK
19295,5.016900,OK
19296,5.101400,OK
19297,5.052600,OK
19298,5.296700,OK
19299,4.388600,OK
19300,4.862600,OK
19301,5.336300,OK
19302,4.996900,OK
19303,4.843500,OK
19304,4.868800,OK
19305,5.011200,OK
19306,5.149100,OK
19307,4.971000,OK
19308,4.893300,OK
19309,4.990500,OK
19310,5.028900,OK
19311,4.925900,OK
19312,4.925500,OK
19313,5.419700,OK
19314,5.469300,OK
19315,4.103600,OK
19316,3.833700,OK
19317,3.688400,OK
19318,3.785200,OK
19319,3.690800,OK
19320,3.722200,OK
19321,3.880500,OK
19322,3.816500,OK
19323,4.449000,OK
19324,3.880400,OK
19325,3.812700,OK
19326,4.574600,OK
19327,3.863600,OK
19328,4.187900,OK
19329,4.637400,OK
19330,3.822900,OK
19331,3.733400,OK
19332,4.645300,OK
19333,4.765700,OK
19334,4.717700,OK
19335,4.641600,OK
19336,4.468700,OK
19337,3.874000,OK
19338,3.953600,OK
19339,4.034000,OK
19340,3.906800,OK
19341,3.995300,OK
19342,4.762600,OK
19343,4.847800,OK
19344,4.659400,OK
19345,3.827400,OK
19346,4.119600,OK
19347,4.306200,OK
19348,4.221000,OK
19349,4.127200,OK
19350,3.931100,OK
19351,4.840100,OK
19352,4.661800,OK
19353,4.672300,OK
19354,4.625500,OK
19355,4.716100,OK
19356,4.804200,OK
19357,4.475300,OK
19358,4.779800,OK
19359,4.826600,OK
19360,3.982800,OK
19361,4.615400,OK
19362,4.879500,OK
19363,4.928700,OK
19364,4.785700,OK
19365,4.738900,OK
19366,4.804600,OK
19367,4.882400,OK
19368,4.871500,OK
19369,4.960800,OK
19370,4.630900,OK
19371,4.385600,OK
19372,4.707500,OK
19373,4.781300,OK
19374,4.548900,OK
19375,4.959000,OK
19376,4.496500,OK
19377,4.302600,OK
19378,4.134000,OK
19379,5.123800,OK
19380,4.650200,OK
19381,5.125700,OK
19382,4.561900,OK
19383,4.173000,OK
19384,4.949000,OK
19385,4.857800,OK
19386,4.758300,OK
19387,4.839500,OK
19388,4.886400,OK
19389,4.893900,OK
19390,4.697800,OK
19391,4.747100,OK
19392,4.732100,OK
19393,4.925200,OK
19394,5.181400,OK
19395,5.041900,OK
19396,4.967200,OK
19397,5.239000,OK
19398,4.532500,OK
19399,5.149700,OK
19400,5.013500,OK
19401,4.919700,OK
19402,4.977700,OK
19403,4.783000,OK
19404,5.076000,OK
19405,4.429200,OK
19406,5.009100,OK
19407,5.017100,OK
19408,5.186200,OK
19409,4.950000,OK
19410,4.889400,OK
19411,4.479000,OK
19412,4.405700,OK
19413,4.614200,OK
19414,5.411600,OK
19415,5.020000,OK
19416,4.669500,OK
19417,5.018000,OK
19418,4.989400,OK
19419,5.096400,OK
19420,4.757400,OK
19421,5.294800,OK
19422,5.121200,OK
19423,4.920800,OK
19424,5.135100,OK
19425,4.968900,OK
19426,3.913300,OK
19427,3.923500,OK
19428,4.002600,OK
19429,3.964300,OK
19430,4.053800,OK
19431,4.691400,OK
19432,3.888800,OK
19433,4.293400,OK
19434,3.918900,OK
19435,3.837400,OK
19436,4.578500,OK
19437,3.939900,OK
19438,4.151400,OK
19439,3.997000,OK
19440,3.778600,OK
19441,4.320900,OK
19442,4.362500,OK
19443,4.522500,OK
19444,4.410900,OK
19445,4.267000,OK
19446,4.377100,OK
19447,3.830200,OK
19448,4.545800,OK
19449,4.474800,OK
19450,4.318000,OK
19451,4.257400,OK
19452,4.760300,OK
19453,3.850900,OK
19454,4.842400,OK
19455,4.680000,OK
19456,4.808300,OK
19457,4.889800,OK
19458,3.927600,OK
19459,4.003500,OK
19460,4.861500,OK
19461,4.833300,OK
19462,3.968600,OK
19463,4.967600,OK
19464,4.901800,OK
19465,4.910000,OK
19466,4.215500,OK
19467,4.217100,OK
19468,4.027900,OK
19469,4.924500,OK
19470,4.943000,OK
19471,4.126200,OK
19472,5.031700,OK
19473,4.945200,OK
19474,4.116700,OK
19475,4.021700,OK
19476,4.421400,OK
19477,4.147000,OK
19478,5.000700,OK
19479,5.039500,OK
19480,4.940600,OK
19481,4.735500,OK
19482,4.775900,OK
19483,4.580300,OK
19484,5.013200,OK
19485,5.783700,OK
19486,4.830400,OK
19487,4.546400,OK
19488,4.794000,OK
19489,5.026800,OK
19490,4.825400,OK
19491,4.745800,OK
19492,4.832200,OK
19493,4.941100,OK
19494,4.851800,OK
19495,4.742400,OK
19496,4.620900,OK
19497,4.769100,OK
19498,4.943100,OK
19499,4.893900,OK
19500,5.028400,OK
19501,4.986100,OK
19502,4.795900,OK
19503,4.822600,OK
19504,5.640900,OK
19505,5.286300,OK
19506,4.352900,OK
19507,5.166500,OK
19508,4.972800,OK
19509,4.915800,OK
19510,4.778700,OK
19511,4.834200,OK
19512,4.819500,OK
19513,5.161000,OK
19514,5.113600,OK
19515,4.907800,OK
19516,4.874400,OK
19517,5.124800,OK
19518,4.997200,OK
19519,4.418100,OK
19520,4.840700,OK
19521,5.131700,OK
19522,4.845700,OK
19523,4.733700,OK
19524,4.860000,OK
19525,4.638900,OK
19526,4.641400,OK
19527,4.709100,OK
19528,4.646100,OK
19529,4.869200,OK
19530,5.510900,OK
19531,5.030900,OK
19532,4.752400,OK
19533,5.307900,OK
19534,4.576100,OK
19535,5.836200,OK
19536,3.761100,OK
19537,3.658000,OK
19538,3.986000,OK
19539,4.227300,OK
19540,4.342500,OK
19541,4.173800,OK
19542,3.876800,OK
19543,3.829100,OK
19544,3.877600,OK
19545,3.733000,OK
19546,3.778400,OK
19547,3.829100,OK
19548,3.838300,OK
19549,4.083000,OK
19550,3.874800,OK
19551,4.377000,OK
19552,3.832500,OK
19553,3.908200,OK
19554,4.522100,OK
19555,4.048100,OK
19556,4.371300,OK
19557,4.329100,OK
19558,4.296400,OK
19559,4.228300,OK
19560,4.726400,OK
19561,4.797400,OK
19562,4.710900,OK
19563,4.655700,OK
19564,4.779900,OK
19565,4.094100,OK
19566,4.762400,OK
19567,4.419200,OK
19568,4.652700,OK
19569,4.698400,OK
19570,4.599600,OK
19571,4.589800,OK
19572,5.873100,OK
19573,4.062900,OK
19574,4.956700,OK
19575,5.048200,OK
19576,4.992800,OK
19577,4.886200,OK
19578,4.957100,OK
19579,4.057900,OK
19580,4.049400,OK
19581,3.988200,OK
19582,5.013900,OK
19583,3.993100,OK
19584,4.143300,OK
19585,4.685400,OK
19586,5.035100,OK
19587,5.075300,OK
19588,4.087600,OK
19589,5.031700,OK
19590,4.119300,OK
19591,4.794900,OK
19592,4.976700,OK
19593,5.096400,OK
19594,4.897300,OK
19595,7.370500,OK
19596,4.605800,OK
19597,4.938700,OK
19598,5.037600,OK
19599,4.954300,OK
19600,4.977300,OK
19601,5.014800,OK
19602,5.086900,OK
19603,4.267500,OK
19604,4.497200,OK
19605,4.284000,OK
19606,5.176700,OK
19607,5.054700,OK
19608,4.456700,OK
19609,4.596700,OK
19610,4.553700,OK
19611,5.061700,OK
19612,4.467600,OK
19613,4.638000,OK
19614,4.700000,OK
19615,4.544100,OK
19616,4.934000,OK
19617,5.185400,OK
19618,4.364000,OK
19619,5.247800,OK
19620,4.766300,OK
19621,4.908500,OK
19622,4.878300,OK
19623,4.909800,OK
19624,4.662800,OK
19625,4.344500,OK
19626,4.647100,OK
19627,4.956400,OK
19628,5.072800,OK
19629,5.072500,OK
19630,4.943700,OK
19631,4.978000,OK
19632,5.085800,OK
19633,5.055400,OK
19634,4.954200,OK
19635,4.985700,OK
19636,4.890500,OK
19637,5.196800,OK
19638,4.936700,OK
19639,5.111600,OK
19640,4.829300,OK
19641,5.092300,OK
19642,4.937600,OK
19643,5.185100,OK
19644,4.004400,OK
19645,3.910800,OK
19646,3.918600,OK
19647,4.023600,OK
19648,4.002200,OK
19649,3.889300,OK
19650,4.074100,OK
19651,4.012900,OK
19652,4.228800,OK
19653,3.988500,OK
19654,4.304100,OK
19655,4.037900,OK
19656,3.964200,OK
19657,4.105200,OK
19658,4.627900,OK
19659,4.474600,OK
19660,3.840200,OK
19661,3.779500,OK
19662,4.654500,OK
19663,4.994100,OK
19664,4.626900,OK
19665,4.602900,OK
19666,4.591300,OK
19667,4.737600,OK
19668,4.716700,OK
19669,4.775100,OK
19670,3.878200,OK
19671,3.880100,OK
19672,4.610200,OK
19673,4.003200,OK
19674,4.886800,OK
19675,4.805800,OK
19676,4.607600,OK
19677,4.780100,OK
19678,4.014800,OK
19679,6.904600,OK
19680,4.108000,OK
19681,4.362700,OK
19682,4.290900,OK
19683,4.126900,OK
19684,4.075500,OK
19685,4.928900,OK
19686,4.789300,OK
19687,4.025600,OK
19688,4.231000,OK
19689,4.974300,OK
19690,4.922800,OK
19691,4.850500,OK
19692,4.964600,OK
19693,5.371800,OK
19694,4.479200,OK
19695,4.999200,OK
19696,4.758100,OK
19697,4.496400,OK
19698,4.791900,OK
19699,5.051300,OK
19700,5.063200,OK
19701,4.778300,OK
19702,4.870000,OK
19703,4.791700,OK
19704,4.732400,OK
19705,5.085900,OK
19706,4.745900,OK
19707,4.870300,OK
19708,4.671600,OK
19709,4.948900,OK
19710,4.582400,OK
19711,4.785600,OK
19712,5.466100,OK
19713,4.315100,OK
19714,5.063500,OK
19715,4.526700,OK
19716,4.854100,OK
19717,4.670100,OK
19718,4.801500,OK
19719,5.166200,OK
19720,4.815100,OK
19721,4.809200,OK
19722,4.610700,OK
19723,4.793200,OK
19724,4.951500,OK
19725,4.651800,OK
19726,4.671900,OK
19727,4.464100,OK
19728,4.766000,OK
19729,4.709900,OK
19730,5.018600,OK
19731,5.334200,OK
19732,4.781400,OK
19733,4.896200,OK
19734,5.155600,OK
19735,4.454600,OK
19736,4.944700,OK
19737,4.381700,OK
19738,4.730200,OK
19739,4.613000,OK
19740,5.097300,OK
19741,5.454900,OK
19742,5.526600,OK
19743,4.925400,OK
19744,5.238900,OK
19745,4.894900,OK
19746,5.071600,OK
19747,4.739500,OK
19748,6.016400,OK
19749,4.691900,OK
19750,4.915900,OK
19751,4.929700,OK
19752,5.588900,OK
19753,4.797300,OK
19754,4.979500,OK
19755,4.054200,OK
19756,4.013100,OK
19757,3.958300,OK
19758,3.841100,OK
19759,3.848700,OK
19760,4.241000,OK
19761,4.067800,OK
19762,3.995500,OK
19763,5.187700,OK
19764,3.814900,OK
19765,3.931600,OK
19766,4.049000,OK
19767,4.673000,OK
19768,4.614500,OK
19769,4.812500,OK
19770,4.607300,OK
19771,4.654500,OK
19772,4.720200,OK
19773,3.993600,OK
19774,3.767700,OK
19775,4.815800,OK
19776,4.044800,OK
19777,4.954900,OK
19778,4.118700,OK
19779,4.295800,OK
19780,4.149800,OK
19781,4.369500,OK
19782,4.250500,OK
19783,4.478900,OK
19784,4.458300,OK
19785,3.982600,OK
19786,4.708100,OK
19787,4.209500,OK
19788,4.298700,OK
19789,4.669600,OK
19790,4.493900,OK
19791,4.190300,OK
19792,4.158500,OK
19793,4.891500,OK
19794,4.415000,OK
19795,4.657200,OK
19796,4.264600,OK
19797,4.187800,OK
19798,4.196200,OK
19799,4.509500,OK
19800,5.805900,OK
19801,5.019500,OK
19802,4.717300,OK
19803,4.769600,OK
19804,4.535600,OK
19805,5.057700,OK
19806,4.750600,OK
19807,4.840500,OK
19808,4.913200,OK
19809,5.083600,OK
19810,4.171900,OK
19811,4.999100,OK
19812,4.304500,OK
19813,4.923400,OK
19814,5.094400,OK
19815,4.793900,OK
19816,4.901800,OK
19817,4.871400,OK
19818,5.084200,OK
19819,5.020000,OK
19820,4.418200,OK
19821,4.843200,OK
19822,5.401900,OK
19823,5.296000,OK
19824,5.118600,OK
19825,4.963400,OK
19826,5.070500,OK
19827,6.112600,OK
19828,4.298900,OK
19829,4.885900,OK
19830,5.007900,OK
19831,4.906700,OK
19832,4.950000,OK
19833,4.796700,OK
19834,4.828900,OK
19835,5.095600,OK
19836,4.865700,OK
19837,5.165500,OK
19838,5.082700,OK
19839,4.516700,OK
19840,4.696500,OK
19841,5.193600,OK
19842,5.236900,OK
19843,5.022500,OK
19844,5.076900,OK
19845,4.816800,OK
19846,5.342100,OK
19847,4.954400,OK
19848,4.722000,OK
19849,4.982100,OK
19850,4.858600,OK
19851,4.867200,OK
19852,4.896900,OK
19853,5.418900,OK
19854,4.544500,OK
19855,4.971000,OK
19856,5.165700,OK
19857,5.173900,OK
19858,4.495100,OK
19859,5.246000,OK
19860,4.925900,OK
19861,4.795600,OK
19862,5.217700,OK
19863,4.967400,OK
19864,5.137400,OK
19865,5.503500,OK
19866,4.505800,OK
19867,5.540700,OK
19868,4.548500,OK
19869,4.579700,OK
19870,4.784100,OK
19871,5.153500,OK
19872,4.781400,OK
19873,5.530400,OK
19874,5.000000,OK
19875,4.661000,OK
19876,4.488300,OK
19877,3.882900,OK
19878,4.514000,OK
19879,4.429500,OK
19880,4.684000,OK
19881,4.024500,OK
19882,4.620400,OK
19883,4.086700,OK
19884,3.976500,OK
19885,3.906800,OK
19886,4.028000,OK
19887,4.139300,OK
19888,4.340500,OK
19889,4.652200,OK
19890,4.396700,OK
19891,3.960800,OK
19892,3.972700,OK
19893,4.595300,OK
19894,4.141800,OK
19895,3.951700,OK
19896,4.492200,OK
19897,4.345500,OK
19898,4.437100,OK
19899,4.512500,OK
19900,4.579700,OK
19901,4.411500,OK
19902,4.568500,OK
19903,5.628200,OK
19904,4.352800,OK
19905,4.493400,OK
19906,4.509400,OK
19907,4.429800,OK
19908,4.449100,OK
19909,4.383700,OK
19910,4.474400,OK
19911,4.414800,OK
19912,4.522700,OK
19913,4.406000,OK
19914,4.473100,OK
19915,4.120800,OK
19916,4.470900,OK
19917,4.184500,OK
19918,4.349100,OK
19919,4.417100,OK
19920,4.463100,OK
19921,4.441200,OK
19922,4.423000,OK
19923,4.438100,OK
19924,4.365300,OK
19925,4.397500,OK
19926,4.508100,OK
19927,4.440900,OK
19928,4.416100,OK
19929,4.485500,OK
19930,4.464600,OK
19931,4.447500,OK
19932,4.477400,OK
19933,4.509000,OK
19934,4.357800,OK
19935,4.474200,OK
19936,4.469800,OK
19937,4.508000,OK
19938,4.697100,OK
19939,4.625200,OK
19940,4.454200,OK
19941,4.432100,OK
19942,4.500700,OK
19943,4.592200,OK
19944,4.299200,OK
19945,4.491600,OK
19946,4.469800,OK
19947,4.428500,OK
19948,4.490600,OK
19949,4.444000,OK
19950,4.803100,OK
19951,4.426400,OK
19952,4.452700,OK
19953,4.563600,OK
19954,4.337100,OK
19955,4.391200,OK
19956,4.571800,OK
19957,4.369700,OK
19958,4.420800,OK
19959,4.327700,OK
19960,4.365000,OK
19961,4.346800,OK
19962,4.496100,OK
19963,3.807500,OK
19964,4.521700,OK
19965,4.485400,OK
19966,4.321100,OK
19967,5.147300,OK
19968,4.430800,OK
19969,4.354000,OK
19970,4.260000,OK
19971,5.259300,OK
19972,5.060900,OK
19973,4.940100,OK
19974,5.021300,OK
19975,5.134600,OK
19976,4.341400,OK
19977,4.675400,OK
19978,4.681100,OK
19979,4.642000,OK
19980,4.668600,OK
19981,4.837900,OK
19982,4.732600,OK
19983,4.774500,OK
19984,4.731800,OK
19985,4.674700,OK
19986,5.017100,OK
19987,4.668000,OK
19988,4.714900,OK
19989,4.456200,OK
19990,4.728000,OK
19991,4.635900,OK
19992,5.348300,OK
19993,4.730600,OK
19994,4.694400,OK
19995,4.916600,OK
19996,4.753300,OK
19997,4.696100,OK
19998,4.772500,OK
19999,4.799500,OK
20000,3.815800,OK
